Fuel Type Code,Station Name,Street Address,Intersection Directions,Municipality,State,ZIP,Plus4,Station Phone,Status Code,Expected Date,Groups With Access Code,Access Days Time,Cards Accepted,BD Blends,NG Fill Type Code,NG PSI,EV_Level1_EVSE_Num,EV_Level2_EVSE_Num,EV_DC_Fast_Count,EV Other Info,EV Network,EV Network Web,Geocode Status,Latitude,Longitude,Date Last Confirmed,ID,Updated At,Owner Type Code,Federal Agency ID,Federal Agency Name,Open Date,Hydrogen Status Link,NG Vehicle Class,LPG Primary,E85 Blender Pump,EV Connector Types,Country,Intersection Directions (French),Access Days Time (French),BD Blends (French),Groups With Access Code (French),Hydrogen Is Retail,Access Code,Access Detail Code,Federal Agency Code,Facility Type,CNG Dispenser Num,CNG On-Site Renewable Source,CNG Total Compression Capacity,CNG Storage Capacity,LNG On-Site Renewable Source,E85 Other Ethanol Blends,EV Pricing,EV Pricing (French),LPG Nozzle Types,Hydrogen Pressures,Hydrogen Standards,CNG Fill Type Code,CNG PSI,CNG Vehicle Class,LNG Vehicle Class,EV On-Site Renewable Source,Restricted Access,RD Blends,RD Blends (French),RD Blended with Biodiesel,RD Maximum Biodiesel Level,NPS Unit Name,CNG Station Sells Renewable Natural Gas,LNG Station Sells Renewable Natural Gas,Maximum Vehicle Class,EV Workplace Charging,Funding Sources
ELEC,Element Hotels - Ewing,1000 Sam Weinroth Rd,,Ewing,NJ,8628,,609-671-0050,T,12/1/2024,TEMPORARILY UNAVAILABLE (Public),24 hours daily; for guest use only,,,,,,2,,,Non-Networked,,GPS,40.286518,-74.807516,10/11/2024,36368,2025-02-12 00:16:32 UTC,P,,,5/15/2010,,,,,J1772,US,,,,TEMPORAIREMENT SUSPENDU (Public),,public,,,HOTEL,,,,,,,Free,,,,,,,,,,TRUE,,,,,,,,LD,FALSE,
ELEC,PALMER SQUARE CHAMBERS GARAGE,25 Chambers St,ChargePoint Card Holders ONLY,Princeton,NJ,8542,,888-758-4389,E,,Public,24 hours daily,,,,,,2,,,ChargePoint Network,https://www.chargepoint.com,GPS,40.350118,-74.662732,8/26/2026,41849,2026-08-26 01:19:33 UTC,,,,10/15/2011,,,,,J1772,US,,,,Public,,public,,,,,,,,,,,,,,,,,,,,FALSE,,,,,,,,,FALSE,
ELEC,Elizabeth Parking Authority - J Christian Bollwage Garage,37 Caldwell Pl,Located on lower level of garage,Elizabeth,NJ,7201,,908-353-0949,E,,Public - Credit card at all times,Restricted to garage hours; pay lot,M V,,,,,2,,,Non-Networked,,200-9,40.663848,-74.216585,11/13/2025,42907,2026-02-02 23:16:24 UTC,LG,,,4/15/2012,,,,,J1772,US,,,,Public - Carte de crédit en tout temps,,public,CREDIT_CARD_ALWAYS,,PARKING_GARAGE,,,,,,,Free,,,,,,,,,,FALSE,,,,,,,,LD,FALSE,
ELEC,Route 23 Nissan,1301 Route 23,,Butler,NJ,7405,,973-838-0800,E,,Public - Call ahead,Dealership business hours,,,,,,1,,,Non-Networked,,GPS,41.0057274,-74.3604885,1/13/2026,45666,2026-02-02 23:16:24 UTC,P,,,1/31/2012,,,,,J1772,US,,,,Public - Appeler à l'avance,,public,CALL,,CAR_DEALER,,,,,,,Free,,,,,,,,,,FALSE,,,,,,,,,FALSE,
ELEC,Fred Beans Nissan - Flemington,172 US Highway 202,,Flemington,NJ,8822,,908-333-4556,E,,Public - Call ahead,Dealership business hours,,,,,,2,,,Non-Networked,,GPS,40.48774,-74.86328,2/12/2024,45672,2025-02-12 00:16:32 UTC,P,,,1/31/2012,,,,,J1772,US,,,,Public - Appeler à l'avance,,public,CALL,,CAR_DEALER,,,,,,,Free,,,,,,,,,,FALSE,,,,,,,,,FALSE,
ELEC,Fred Beans Nissan - Flemington,172 US Highway 202,,Flemington,NJ,8822,,908-333-4556,E,,Private,,,,,,,1,,,Non-Networked,,GPS,40.48774,-74.86328,2/12/2024,45673,2025-02-12 00:16:32 UTC,P,,,1/31/2012,,,,,J1772,US,,,,Privé,,private,,,CAR_DEALER,,,,,,,,,,,,,,,,,,,,,,,,,,FALSE,
ELEC,DCH Freehold Nissan,4041 Route 9 N,,Freehold,NJ,7728,,732-780-3600,E,,Private,,,,,,,1,,,Non-Networked,,GPS,40.262526,-74.291797,1/13/2026,45675,2026-02-02 23:16:24 UTC,P,,,1/31/2012,,,,,J1772,US,,,,Privé,,private,,,CAR_DEALER,,,,,,,,,,,,,,,,,,,,,,,,,,FALSE,
ELEC,Route 33 Nissan,951 US Highway 33,,Hamilton Square,NJ,8690,,609-586-1900,E,,Public - Call ahead,Dealership business hours,,,,,,1,,,Non-Networked,,200-9,40.229274,-74.672155,2/12/2024,45678,2025-02-12 00:16:32 UTC,P,,,1/31/2012,,,,,J1772,US,,,,Public - Appeler à l'avance,,public,CALL,,CAR_DEALER,,,,,,,Free,,,,,,,,,,FALSE,,,,,,,,,FALSE,
ELEC,Route 17 Nissan,45 Route 17 S,,Hasbrouck Heights,NJ,7604,,201-796-5050,E,,Private,,,,,,,1,,,Non-Networked,,GPS,40.85083,-74.075111,1/13/2026,45681,2026-02-02 23:16:24 UTC,P,,,1/31/2012,,,,,J1772,US,,,,Privé,,private,,,CAR_DEALER,,,,,,,,,,,,,,,,,,,,,,,,,,FALSE,
ELEC,Pine Belt Nissan / Keyport,111 NJ-36,,Keyport,NJ,7735,,732-264-4333,E,,Private,,,,,,,1,,,Non-Networked,,GPS,40.42644593,-74.20017947,1/13/2026,45685,2026-02-02 23:16:24 UTC,P,,,1/31/2012,,,,,J1772,US,,,,Privé,,private,,,CAR_DEALER,,,,,,,,,,,,,,,,,,,,,,,,,,FALSE,
ELEC,Causeway Nissan,435 Route 72 W,,Manahawkin,NJ,8050,,609-978-6700,E,,Public - Call ahead,Dealership business hours,,,,,,1,,,Non-Networked,,200-9,39.701442,-74.271282,2/12/2024,45686,2025-02-12 00:16:32 UTC,P,,,1/31/2012,,,,,J1772,US,,,,Public - Appeler à l'avance,,public,CALL,,CAR_DEALER,,,,,,,Free,,,,,,,,,,FALSE,,,,,,,,,FALSE,
ELEC,Acme Nissan,2050 US Highway 130,,South Brunswick,NJ,8852,,732-821-9300,E,,Public - Call ahead,Dealership business hours,,,,,,1,1,,Non-Networked,,GPS,40.40938,-74.506017,2/12/2024,45688,2025-02-12 00:16:32 UTC,P,,,1/31/2012,,,,,CHADEMO J1772 J1772COMBO,US,,,,Public - Appeler à l'avance,,public,CALL,,CAR_DEALER,,,,,,,Free,,,,,,,,,,FALSE,,,,,,,,LD,FALSE,
ELEC,Acme Nissan,2050 US Highway 130,,South Brunswick,NJ,8852,,732-821-9300,E,,Private,,,,,,,1,,,Non-Networked,,GPS,40.40938,-74.506017,2/12/2024,45689,2025-02-12 00:16:32 UTC,P,,,1/31/2012,,,,,J1772,US,,,,Privé,,private,,,CAR_DEALER,,,,,,,,,,,,,,,,,,,,,,,,,LD,FALSE,
ELEC,Sansone Jr's 66 Nissan,3401 Route 66,,Neptune,NJ,7753,,732-922-1050,E,,Public - Call ahead,Dealership business hours,,,,,,1,,,Non-Networked,,200-9,40.228608,-74.068718,2/12/2024,45690,2025-02-12 00:16:32 UTC,P,,,1/31/2012,,,,,J1772,US,,,,Public - Appeler à l'avance,,public,CALL,,CAR_DEALER,,,,,,,Free,,,,,,,,,,FALSE,,,,,,,,,FALSE,
ELEC,Sansone Jr's 66 Nissan,3401 Route 66,,Neptune,NJ,7753,,732-922-1050,E,,Private,,,,,,,1,,,Non-Networked,,200-9,40.228608,-74.068718,2/12/2024,45691,2025-02-12 00:16:32 UTC,P,,,1/31/2012,,,,,J1772,US,,,,Privé,,private,,,CAR_DEALER,,,,,,,,,,,,,,,,,,,,,,,,,,FALSE,
ELEC,North Plainfield Nissan,545 Route 22 W,,North Plainfield,NJ,7060,,,E,,Private,,,,,,,1,,,Non-Networked,,GPS,40.63020719,-74.43339229,1/13/2026,45693,2026-02-02 23:16:24 UTC,P,,,1/31/2012,,,,,J1772,US,,,,Privé,,private,,,CAR_DEALER,,,,,,,,,,,,,,,,,,,,,,,,,LD,FALSE,
ELEC,Nissan of Stanhope,59 Route 206,,Stanhope,NJ,7874,,973-347-2200,E,,Private,,,,,,,1,,,Non-Networked,,GPS,40.93008,-74.71986,1/13/2026,45695,2026-02-02 23:16:24 UTC,P,,,1/31/2012,,,,,J1772,US,,,,Privé,,private,,,CAR_DEALER,,,,,,,,,,,,,,,,,,,,,,,,,,FALSE,
ELEC,Pine Belt Automotive,229 Route 37 E,,Toms River,NJ,8753,,732-349-3030,E,,Public - Call ahead,Dealership business hours,,,,,,1,,,Non-Networked,,200-9,39.961373,-74.180868,2/12/2024,45696,2025-02-12 00:16:32 UTC,P,,,1/31/2012,,,,,J1772,US,,,,Public - Appeler à l'avance,,public,CALL,,CAR_DEALER,,,,,,,Free,,,,,,,,,,FALSE,,,,,,,,,FALSE,
ELEC,Pine Belt Automotive,229 Route 37 E,,Toms River,NJ,8753,,732-349-3030,E,,Private,,,,,,,1,,,Non-Networked,,200-9,39.961373,-74.180868,2/12/2024,45697,2025-02-12 00:16:32 UTC,P,,,1/31/2012,,,,,J1772,US,,,,Privé,,private,,,CAR_DEALER,,,,,,,,,,,,,,,,,,,,,,,,,,FALSE,
ELEC,Nissan 46,440 Route 46,,Totowa,NJ,7512,,973-256-1200,E,,Private,,,,,,,1,,,Non-Networked,,GPS,40.894089,-74.234087,1/13/2026,45699,2026-02-02 23:16:24 UTC,P,,,1/31/2012,,,,,J1772,US,,,,Privé,,private,,,CAR_DEALER,,,,,,,,,,,,,,,,,,,,,,,,,LD,FALSE,
ELEC,Ramsey Nissan,401 NJ-17,,Upper Saddle River,NJ,7458,,877-780-9676,E,,Private,,,,,,,1,,,Non-Networked,,GPS,41.05329686,-74.12024738,1/13/2026,45701,2026-02-02 23:16:24 UTC,P,,,1/31/2012,,,,,J1772,US,,,,Privé,,private,,,CAR_DEALER,,,,,,,,,,,,,,,,,,,,,,,,,LD,FALSE,
ELEC,Team Nissan,1715 S Delsea Dr,,Vineland,NJ,8360,,856-696-2277,E,,Private,,,,,,,1,,,Non-Networked,,GPS,39.461773,-75.043038,1/13/2026,45703,2026-02-02 23:16:24 UTC,P,,,1/31/2012,,,,,J1772,US,,,,Privé,,private,,,CAR_DEALER,,,,,,,,,,,,,,,,,,,,,,,,,,FALSE,
ELEC,Woodbury Nissan,439 Mantua Ave,,Woodbury,NJ,8096,,877-289-6177,E,,Public - Call ahead,Dealership business hours,,,,,,3,,,Non-Networked,,GPS,39.83187952,-75.15809823,1/13/2026,45704,2026-02-02 23:16:24 UTC,P,,,1/31/2012,,,,,J1772,US,,,,Public - Appeler à l'avance,,public,CALL,,CAR_DEALER,,,,,,,Free,,,,,,,,,,FALSE,,,,,,,,,FALSE,
ELEC,Firehouse Lot 3,1st St & Sloan St,In the back of the firehouse,South Orange,NJ,7079,,973-378-7715 x2037,E,,Public,6am-11pm daily; Pay lot; Drivers must bring their own J1772 cordset for Level 1 charging,,,,,3,3,,,Non-Networked,,GPS,40.745046,-74.26042,11/6/2024,49035,2025-02-12 00:16:32 UTC,P,,,9/15/2012,,,,,J1772 NEMA520,US,,,,Public,,public,,,PAY_LOT,,,,,,,Free,,,,,,,,,,FALSE,,,,,,,,LD,FALSE,
ELEC,Sansone Nissan,90-100 US Route 1,,Avenel,NJ,7001,,888-250-5514,E,,Public - Call ahead,Dealership business hours,,,,,,1,,,Non-Networked,,200-8,40.573827,-74.290584,2/12/2024,49898,2025-02-12 00:16:32 UTC,P,,,10/25/2012,,,,,J1772,US,,,,Public - Appeler à l'avance,,public,CALL,,CAR_DEALER,,,,,,,Free,,,,,,,,,,FALSE,,,,,,,,,FALSE,
ELEC,Bridgewater Nissan,1400 Route 22,,Bridgewater,NJ,8807,,,E,,Public - Call ahead,Dealership business hours; contact 908-722-3600 for more information,,,,,,2,1,,Non-Networked,,200-8,40.57448,-74.57143,2/12/2024,49900,2025-02-12 00:16:32 UTC,P,,,10/25/2012,,,,,CHADEMO J1772 J1772COMBO,US,,,,Public - Appeler à l'avance,,public,CALL,,CAR_DEALER,,,,,,,Free,,,,,,,,,,FALSE,,,,,,,,LD,FALSE,
ELEC,Bridgewater Nissan,1400 Route 22,,Bridgewater,NJ,8807,,,E,,Private,,,,,,,1,,,Non-Networked,,200-8,40.57448,-74.57143,2/12/2024,49901,2025-02-12 00:16:32 UTC,P,,,10/25/2012,,,,,J1772,US,,,,Privé,,private,,,CAR_DEALER,,,,,,,,,,,,,,,,,,,,,,,,,LD,FALSE,
ELEC,Nissan World of Denville,3057 Route 10,,Denville,NJ,7834,,973-442-0500,E,,Private,,,,,,,1,,,Non-Networked,,GPS,40.864756,-74.506492,1/13/2026,49903,2026-02-02 23:16:24 UTC,P,,,10/25/2012,,,,,J1772,US,,,,Privé,,private,,,CAR_DEALER,,,,,,,,,,,,,,,,,,,,,,,,,LD,FALSE,
ELEC,Hudson Nissan,585 NJ-440,,Jersey City,NJ,7305,,866-601-9938,E,,Private,,,,,,,1,,,Non-Networked,,GPS,40.716971,-74.096328,1/13/2026,49906,2026-02-02 23:16:24 UTC,P,,,10/25/2012,,,,,J1772,US,,,,Privé,,private,,,CAR_DEALER,,,,,,,,,,,,,,,,,,,,,,,,,,FALSE,
ELEC,Nissan City of Red Bank,120 Newman Springs Rd E,,Red Bank,NJ,7701,,888-335-8914,E,,Public - Call ahead,Dealership business hours,,,,,,1,2,,Non-Networked,,GPS,40.338269,-74.068422,1/13/2026,49907,2026-02-02 23:16:24 UTC,P,,,10/25/2012,,,,,CHADEMO J1772 J1772COMBO,US,,,,Public - Appeler à l'avance,,public,CALL,,CAR_DEALER,,,,,,,Free,,,,,,,,,,FALSE,,,,,,,,LD,FALSE,
ELEC,Nissan of Turnersville,3400 Route 42,,Turnersville,NJ,8012,,856-629-1900,E,,Public - Call ahead,Dealership business hours,,,,,,1,1,,Non-Networked,,GPS,39.73010731,-75.0312058,2/12/2024,49912,2025-02-12 00:16:32 UTC,P,,,10/25/2012,,,,,CHADEMO J1772,US,,,,Public - Appeler à l'avance,,public,CALL,,CAR_DEALER,,,,,,,Free,,,,,,,,,,FALSE,,,,,,,,LD,FALSE,
ELEC,Nissan of Turnersville,3400 Route 42,,Turnersville,NJ,8012,,856-629-1900,E,,Private,,,,,,,2,,,Non-Networked,,GPS,39.73010731,-75.0312058,2/12/2024,49913,2025-02-12 00:16:32 UTC,P,,,10/25/2012,,,,,J1772,US,,,,Privé,,private,,,CAR_DEALER,,,,,,,,,,,,,,,,,,,,,,,,,LD,FALSE,
ELEC,George Wall Ford Lincoln,700 Shrewsbury Ave,,Red Bank,NJ,7701,,732-747-5400,E,,Public - Call ahead,Dealership business hours,,,,,,1,,,Non-Networked,,200-9,40.324267,-74.073959,11/13/2025,52006,2026-02-02 23:16:24 UTC,P,,,4/15/2013,,,,,J1772,US,,,,Public - Appeler à l'avance,,public,CALL,,CAR_DEALER,,,,,,,Free,,,,,,,,,,FALSE,,,,,,,,LD,FALSE,
ELEC,Larson Ford,1150 Ocean Ave,,Lakewood,NJ,8701,,,E,,Private,Service center and customer use only,,,,,,2,,,Non-Networked,,200-9,40.082323,-74.172823,1/10/2022,53889,2023-02-15 22:45:41 UTC,P,,,4/1/2013,,,,,J1772,US,,,,Privé,,private,,,CAR_DEALER,,,,,,,Free,,,,,,,,,,,,,,,,,,,FALSE,
ELEC,CIRCLE BMW STATION 01,500 NJ-36 500 State Route 36,,Eatontown,NJ,7724,,888-758-4389,E,,Public,24 hours daily,,,,,,2,,,ChargePoint Network,https://www.chargepoint.com,GPS,40.290139,-74.041359,8/26/2026,60922,2026-08-26 00:57:47 UTC,,,,3/28/2014,,,,,J1772,US,,,,Public,,public,,,,,,,,,,,,,,,,,,,,FALSE,,,,,,,,,FALSE,
ELEC,BMW SPRINGFIELD STATION 01,391-US-22 east located on east side of front,-24  7,Springfield Township,NJ,7081,,888-758-4389,E,,Public,24 hours daily,,,,,,1,,,ChargePoint Network,https://www.chargepoint.com,GPS,40.684542,-74.333898,8/26/2026,61419,2026-08-26 00:57:50 UTC,,,,4/22/2014,,,,,J1772,US,,,,Public,,public,,,,,,,,,,,,,,,,,,,,FALSE,,,,,,,,,FALSE,
ELEC,Kindle Auto Plaza,525 Stone Harbor Blvd,,Cape May,NJ,8210,,,E,,Private,Dealership business hours; Drivers must bring their own J1772 cordset for Level 1 charging,,,,,2,2,,,Non-Networked,,200-9,39.082387,-74.811638,10/11/2024,63619,2025-02-12 00:16:32 UTC,P,,,10/1/2012,,,,,J1772 NEMA520,US,,,,Privé,,private,,,CAR_DEALER,,,,,,,,,,,,,,,,,,,,,,,,,LD,FALSE,
ELEC,HAMILTON VW VW_408258_A,2200 NJ-33,,Trenton,NJ,8690,,888-758-4389,E,,Public,24 hours daily,,,,,,2,,,ChargePoint Network,https://www.chargepoint.com,GPS,40.222952,-74.643819,8/26/2026,64192,2026-08-26 00:59:05 UTC,,,,11/14/2014,,,,,J1772,US,,,,Public,,public,,,,,,,,,,,,,,,,,,,,FALSE,,,,,,,,,FALSE,
ELEC,Station Plaza Parking Garage,50 Yard Ave,Located on the roof of the garage,Trenton,NJ,8609,,609-599-9614,E,,Public,24 hours daily; drivers must bring their own J1772 cordset for Level 1 charging,,,,,7,,,,Non-Networked,,200-8,40.219983,-74.754838,11/13/2025,65409,2026-02-02 23:16:24 UTC,P,,,12/1/2014,,,,,NEMA520,US,,,,Public,,public,,,PAY_GARAGE,,,,,,,Free,,,,,,,,,,FALSE,,,,,,,,LD,FALSE,
ELEC,New Brunswick Parking Authority,7 Wall St,"Gateway Garage, located on the 2nd floor",New Brunswick,NJ,8901,,732-545-3118,E,,Public,Restricted to garage hours,,,,,,5,,,Non-Networked,,GPS,40.496879,-74.446529,11/13/2025,65670,2026-02-02 23:16:24 UTC,P,,,4/30/2013,,,,,J1772,US,,,,Public,,public,,,PAY_GARAGE,,,,,,,$1 per hour; additional parking fee,,,,,,,,,,FALSE,,,,,,,,LD,FALSE,
ELEC,New Brunswick Parking Authority,95 Patterson St,Wellness Deck Garage located on the corner of 100 Kirkpatrick and Church Street. Located on the 5th and 6th floors,New Brunswick,NJ,8901,,732-545-3118,E,,Public,Restricted to garage hours,,,,,,5,,,Non-Networked,,200-8,40.494646,-74.447516,11/13/2025,65671,2026-02-02 23:16:24 UTC,P,,,4/30/2013,,,,,J1772,US,,,,Public,,public,,,PAY_GARAGE,,,,,,,$1 per hour; additional parking fee,,,,,,,,,,FALSE,,,,,,,,LD,FALSE,
ELEC,Nissan - Atlantic City,6021 E Black Horse Pike,,Egg Harbor Township,NJ,8234,,609-646-1104,E,,Public,Dealership business hours,,,,,,2,,,Non-Networked,,GPS,39.437138,-74.61657,1/13/2026,70450,2026-02-02 23:16:24 UTC,P,,,8/27/2014,,,,,J1772,US,,,,Public,,public,,,CAR_DEALER,,,,,,,,,,,,,,,,,TRUE,,,,,,,,LD,FALSE,
ELEC,CHURCH ST LOT CHURCH ST LOT,12 Church Street,In parking lot at intersection of Church St. and Clark,Denville,NJ,7834,,888-758-4389,E,,Public,24 hours daily,,,,,,2,,,ChargePoint Network,https://www.chargepoint.com,GPS,40.894258,-74.47802,8/26/2026,74693,2026-08-26 01:03:05 UTC,,,,4/2/2016,,,,,J1772,US,,,,Public,,public,,,,,,,,,,,,,,,,,,,,FALSE,,,,,,,,,FALSE,
ELEC,STATION ONE STATION ONE,1317 Beach Ave,Ground Level Garage,Cape May,NJ,8204,,888-758-4389,E,,Public,24 hours daily,,,,,,2,,,ChargePoint Network,https://www.chargepoint.com,GPS,38.935359,-74.901942,8/26/2026,75111,2026-08-26 01:04:27 UTC,,,,4/19/2016,,,,,J1772,US,,,,Public,,public,,,,,,,,,,,,,,,,,,,,FALSE,,,,,,,,,FALSE,
ELEC,Rutgers University - RUNet Field Offices,63 Rd 1,,Piscataway,NJ,8817,,848-932-7744,E,,Public,24 hours daily,,,,,,,1,,Non-Networked,,GPS,40.515163,-74.433665,12/13/2023,76682,2025-12-03 17:36:12 UTC,P,,,2/1/2016,,,,,CHADEMO,US,,,,Public,,public,,,COLLEGE_CAMPUS,,,,,,,Free,,,,,,,,,,FALSE,,,,,,,,LD,FALSE,
ELEC,Union Volkswagen,2155 US-22,,Union,NJ,7083,,908-364-2200,E,,Public - Call ahead,Dealership business hours; for Volkswagen use only,,,,,,2,,,Non-Networked,,200-9,40.692284,-74.285499,12/10/2024,76928,2025-02-12 00:16:32 UTC,P,,,1/4/2016,,,,,J1772,US,,,,Public - Appeler à l'avance,,public,CALL,,CAR_DEALER,,,,,,,,,,,,,,,,,TRUE,,,,,,,,LD,FALSE,
ELEC,Rahway Parking Lot,67 Lewis St,Located on 1st level,Rahway,NJ,7065,,732-381-8778,E,,Public,8am-7pm daily,,,,,,2,,,Non-Networked,,200-8,40.606383,-74.274701,10/13/2025,77401,2026-02-02 23:16:24 UTC,LG,,,1/1/2016,,,,,J1772,US,,,,Public,,public,,,PARKING_LOT,,,,,,,Free,,,,,,,,,,FALSE,,,,,,,,LD,FALSE,
ELEC,FLEMINGTON BMW STATION 01,206-228 NJ-31,,Flemington,NJ,8822,,888-758-4389,E,,Public,24 hours daily,,,,,,2,,,ChargePoint Network,https://www.chargepoint.com,GPS,40.487718,-74.862306,8/26/2026,78768,2026-08-26 00:57:25 UTC,,,,9/27/2016,,,,,J1772,US,,,,Public,,public,,,,,,,,,,,,,,,,,,,,FALSE,,,,,,,,,FALSE,
ELEC,PRESTIGE VW. VW_408281_A,4271 E Black Horse Pike,In front of Volkswagen showroom,Washington Township,NJ,8012,,888-758-4389,E,,Public,24 hours daily,,,,,,2,,,ChargePoint Network,https://www.chargepoint.com,GPS,39.739546,-75.043515,8/26/2026,80128,2026-08-26 00:59:07 UTC,,,,12/10/2016,,,,,J1772,US,,,,Public,,public,,,,,,,,,,,,,,,,,,,,FALSE,,,,,,,,,FALSE,
ELEC,Meadows Landmark,201-301 St Rt 17 N,,Rutherford,NJ,7070,,,T,7/1/2024,TEMPORARILY UNAVAILABLE (Private),Employee use only,,,,,,2,,,Non-Networked,,GPS,40.818834,-74.100607,2/12/2024,81152,2025-02-12 00:16:32 UTC,P,,,7/15/2016,,,,,J1772,US,,,,TEMPORAIREMENT SUSPENDU (Privé),,private,,,OFFICE_BLDG,,,,,,,,,,,,,,,,,,,,,,,,,LD,TRUE,
ELEC,Fred Beans Ford,359 NJ-31,,Washington,NJ,7882,,,E,,Private,Service center use only,,,,,,3,,,Non-Networked,,200-9,40.731557,-74.975661,12/13/2023,81600,2025-12-11 18:26:14 UTC,P,,,2/1/2017,,,,,J1772,US,,,,Privé,,private,,,CAR_DEALER,,,,,,,,,,,,,,,,,,,,,,,,,LD,FALSE,
ELEC,FRUSCIONE LLC 3500 QBR #1,3500 Quakerbridge Rd,Rear parking lot.,Hamilton Township,NJ,8619,,888-758-4389,E,,Public,24 hours daily,,,,,,2,,,ChargePoint Network,https://www.chargepoint.com,GPS,40.256056,-74.681242,8/26/2026,82315,2026-08-26 01:08:42 UTC,,,,4/18/2017,,,,,J1772,US,,,,Public,,public,,,,,,,,,,,,,,,,,,,,FALSE,,,,,,,,,FALSE,
ELEC,PINGRY BR 1,131 Martinsville Rd Lot 1,,Basking Ridge,NJ,7920,,888-758-4389,E,,Public,24 hours daily,,,,,,2,,,ChargePoint Network,https://www.chargepoint.com,GPS,40.619297,-74.564719,8/26/2026,85487,2026-08-26 01:09:53 UTC,,,,6/9/2017,,,,,J1772,US,,,,Public,,public,,,,,,,,,,,,,,,,,,,,FALSE,,,,,,,,,FALSE,
ELEC,PRINCETON MUNI SPRING STREET,24 Spring St,First two spaces along interior wall from Spring Street entrance. Across from attendant station.,Princeton,NJ,8542,,888-758-4389,E,,Public,24 hours daily,,,,,,2,,,ChargePoint Network,https://www.chargepoint.com,GPS,40.351268,-74.659425,8/26/2026,85573,2026-08-26 01:08:31 UTC,,,,6/17/2017,,,,,J1772,US,,,,Public,,public,,,,,,,,,,,,,,,,,,,,FALSE,,,,,,,,,FALSE,
ELEC,Borough of Rutherford - Borough Hall,176 Park Ave,,Rutherford,NJ,7070,,201-460-3000,T,7/1/2024,TEMPORARILY UNAVAILABLE (Public),24 hours daily,,,,,,3,,,Non-Networked,,200-9,40.826038,-74.108424,2/12/2024,86169,2025-02-12 00:16:32 UTC,LG,,,8/1/2018,,,,,J1772,US,,,,TEMPORAIREMENT SUSPENDU (Public),,public,,,MUNI_GOV,,,,,,,,,,,,,,,,,FALSE,,,,,,,,,FALSE,
ELEC,METROPARK EV 2,33 S Wood Ave,,Woodbridge Township,NJ,8830,,888-758-4389,E,,Public,24 hours daily,,,,,,2,,,ChargePoint Network,https://www.chargepoint.com,GPS,40.565018,-74.328801,8/26/2026,87574,2026-08-26 01:04:38 UTC,,,,9/12/2017,,,,,J1772,US,,,,Public,,public,,,,,,,,,,,,,,,,,,,,FALSE,,,,,,,,,FALSE,
ELEC,Bayshore Recycling,75 Crows Mill Rd,Located at Smith Street and Crows Mill Road,Keasbey,NJ,8832,,,E,,Private,Employee use only,,,,,,2,,,Non-Networked,,200-9,40.514261,-74.309172,2/13/2023,87910,2025-10-22 20:58:31 UTC,P,,,6/15/2017,,,,,J1772,US,,,,Privé,,private,,,OFFICE_BLDG,,,,,,,,,,,,,,,,,,,,,,,,,,TRUE,
ELEC,Residence Inn - Secaucus Meadowlands,800 Plaza Dr,,Secaucus,NJ,7094,,201-223-9901,E,,Public,24 hours daily; for guest use only,,,,,,2,,,Non-Networked,,200-8,40.786973,-74.046449,11/6/2024,87965,2025-02-12 00:16:32 UTC,P,,,3/15/2016,,,,,J1772,US,,,,Public,,public,,,HOTEL,,,,,,,Free,,,,,,,,,,TRUE,,,,,,,,LD,FALSE,
ELEC,SECAUCUS MUNICIPAL LOT,1535 Paterson Plank Rd,Spot 51 near main entrance,Secaucus,NJ,7094,,888-758-4389,E,,Public,24 hours daily,,,,,,1,,,ChargePoint Network,https://www.chargepoint.com,GPS,40.79902,-74.058645,8/26/2026,87983,2026-08-26 01:08:46 UTC,,,,10/11/2017,,,,,J1772,US,,,,Public,,public,,,,,,,,,,,,,,,,,,,,FALSE,,,,,,,,,FALSE,
ELEC,GREENE 750 BUILDING NO. 11,23 Wheldon Shivers Dr,Back of Development adjacent to Building No. 11,Ewing Township,NJ,8628,,888-758-4389,E,,Public,24 hours daily,,,,,,2,,,ChargePoint Network,https://www.chargepoint.com,GPS,40.274146,-74.823092,8/26/2026,88292,2026-08-26 01:07:02 UTC,,,,11/3/2017,,,,,J1772,US,,,,Public,,public,,,,,,,,,,,,,,,,,,,,FALSE,,,,,,,,,FALSE,
ELEC,PARKAVENUEBMW STATION 01,210 NJ-17,"Easy access from 17 North and W. Passaic St.  If approaching from W. Passaic, proceed through the Social Services parking lot - Park Ave BMW is at the rear.  EV chargers on-site.",Rochelle Park,NJ,7662,,888-758-4389,E,,Public,24 hours daily,,,,,,2,,,ChargePoint Network,https://www.chargepoint.com,GPS,40.906523,-74.071136,8/26/2026,92502,2026-08-26 01:15:12 UTC,,,,3/7/2018,,,,,J1772,US,,,,Public,,public,,,,,,,,,,,,,,,,,,,,FALSE,,,,,,,,,FALSE,
ELEC,RED BANK MONMOUTH,90 Monmouth St,,Red Bank,NJ,7701,,888-758-4389,E,,Public,24 hours daily,,,,,,2,,,ChargePoint Network,https://www.chargepoint.com,GPS,40.349339,-74.069774,8/26/2026,96693,2026-08-26 01:16:19 UTC,,,,4/19/2018,,,,,J1772,US,,,,Public,,public,,,,,,,,,,,,,,,,,,,,FALSE,,,,,,,,,FALSE,
ELEC,The Herman T. Costello Lyceum Hall,432 High St,,Burlington,NJ,8016,,609-239-0029  410-685-1109,E,,Public,Building hours,,,,,,2,,,Non-Networked,,200-8,40.076462,-74.857778,11/6/2024,96728,2026-07-27 15:41:17 UTC,P,,,4/1/2018,,,,,J1772,US,,,,Public,,public,,,OTHER_ENTERTAINMENT,,,,,,,Free,,,,,,,,,,FALSE,,,,,,,,LD,FALSE,
ELEC,SEASIDE HEIGHTS SEASIDE 1,55 Grant Ave,Municipal parking lot across Breakwater Beach Water Park,Seaside Heights,NJ,8751,,888-758-4389,E,,Public,24 hours daily,,,,,,2,,,ChargePoint Network,https://www.chargepoint.com,GPS,39.942476,-74.072694,8/26/2026,98475,2026-08-26 01:15:54 UTC,,,,5/22/2018,,,,,J1772,US,,,,Public,,public,,,,,,,,,,,,,,,,,,,,FALSE,,,,,,,,,FALSE,
ELEC,Township of Ocean - Town Hall,399 Monmouth Rd,Located at the corner of Monmouth and Deal Roads,Oakhurst,NJ,7755,,732-531-5000,E,,Public,24 hours daily; for visitor use only,,,,,,2,,,Non-Networked,,200-9,40.253723,-74.013243,12/12/2025,98499,2026-02-02 23:16:24 UTC,LG,,,2/1/2018,,,,,J1772,US,,,,Public,,public,,,MUNI_GOV,,,,,,,Free,,,,,,,,,,TRUE,,,,,,,,LD,FALSE,
ELEC,Environmental Protection Agency,2890 Woodbridge Ave,,Edison,NJ,8837,,,E,,Private - Government only,Fleet use only,,,,,,4,,,Non-Networked,,GPS,40.515384,-74.357705,12/12/2025,98673,2026-02-02 23:16:24 UTC,FG,20,U.S. Environmental Protection Agency,4/1/2018,,,,,J1772,US,,,,Privé - Réservé au gouvernement,,private,GOVERNMENT,EPA,FED_GOV,,,,,,,,,,,,,,,,,,,,,,,,,LD,TRUE,
ELEC,CITY HALL 01 CITY HALL 01,840 Central Ave,,Ocean City,NJ,8226,,888-758-4389,E,,Public,24 hours daily,,,,,,2,,,ChargePoint Network,https://www.chargepoint.com,GPS,39.278662,-74.575552,8/26/2026,99882,2026-08-26 01:15:49 UTC,,,,7/24/2018,,,,,J1772,US,,,,Public,,public,,,,,,,,,,,,,,,,,,,,FALSE,,,,,,,,,FALSE,
ELEC,SEASIDE HEIGHTS SEASIDE PH. 2A,21A Hancock Ave,Parking lot on the corner of Ocean Terr & Hancock Ave.,Seaside Heights,NJ,8751,,888-758-4389,E,,Public,24 hours daily,,,,,,2,,,ChargePoint Network,https://www.chargepoint.com,GPS,39.944341,-74.070951,8/26/2026,99909,2026-08-26 01:18:00 UTC,,,,7/25/2018,,,,,J1772,US,,,,Public,,public,,,,,,,,,,,,,,,,,,,,FALSE,,,,,,,,,FALSE,
ELEC,OLDE MILL INN 1 OLDE MILL INN,225 US-202,Parking lot in the back,Basking Ridge,NJ,7920,,888-758-4389,E,,Public,24 hours daily,,,,,,2,,,ChargePoint Network,https://www.chargepoint.com,GPS,40.730666,-74.539645,8/26/2026,100265,2026-08-26 01:18:10 UTC,,,,8/9/2018,,,,,J1772,US,,,,Public,,public,,,,,,,,,,,,,,,,,,,,FALSE,,,,,,,,,FALSE,
ELEC,"Edison, NJ - Tesla Supercharger",55 Parsonage Rd.,,Edison,NJ,8837,,877-798-3752,E,,Public,24 hours daily. Open to Teslas only.,,,,,,,16,,Tesla,https://www.tesla.com/supercharger,200-8,40.544732,-74.333889,6/18/2026,102293,2026-06-18 14:46:21 UTC,P,,,8/22/2014,,,,,TESLA,US,,,,Public,,public,,,SHOPPING_CENTER,,,,,,,,,,,,,,,,,FALSE,,,,,,,,,FALSE,
ELEC,"Egg Harbor Township, NJ - Tesla Supercharger",3121 Fire Road,,Egg Harbor Township,NJ,8234,,877-798-3752,E,,Public,24 hours daily. Open to Teslas only.,,,,,,,8,,Tesla,https://www.tesla.com/supercharger,200-9,39.393664,-74.562602,6/18/2026,102294,2026-06-18 14:46:21 UTC,P,,,6/22/2016,,,,,TESLA,US,,,,Public,,public,,,GROCERY,,,,,,,,,,,,,,,,,FALSE,,,,,,,,,FALSE,
ELEC,"Hamilton Township, NJ - Tesla Supercharger",425 Market Place Blvd,,Hamilton Township,NJ,8691,,877-798-3752,E,,Public,24 hours daily. Open to Teslas only.,,,,,,,6,,Tesla,https://www.tesla.com/supercharger,200-8,40.195562,-74.641341,6/18/2026,102295,2026-06-18 14:46:21 UTC,P,,,4/22/2014,,,,,TESLA,US,,,,Public,,public,,,SHOPPING_CENTER,,,,,,,,,,,,,,,,,FALSE,,,,,,,,,FALSE,
ELEC,"Jersey City, NJ – First Street - Tesla Supercharger",160 First Street,,Jersey City,NJ,7302,,877-798-3752,E,,Public,6:00am-12:00am daily. Open to Teslas only.,,,,,,,6,,Tesla,https://www.tesla.com/supercharger,200-9,40.721706,-74.040223,6/18/2026,102296,2026-06-18 14:46:21 UTC,P,,,2/13/2018,,,,,TESLA,US,,,,Public,,public,,,,,,,,,,,,,,,,,,,,FALSE,,,,,,,,,FALSE,
ELEC,"North Brunswick, NJ - Tesla Supercharger",191 Grand Avenue,,North Brunswick,NJ,8902,,877-798-3752,E,,Public,24 hours daily. Open to Teslas only.,,,,,,,10,,Tesla,https://www.tesla.com/supercharger,200-8,40.439365,-74.504815,6/18/2026,102297,2026-06-18 14:46:21 UTC,P,,,7/19/2018,,,,,TESLA,US,,,,Public,,public,,,SHOPPING_CENTER,,,,,,,,,,,,,,,,,FALSE,,,,,,,,,FALSE,
ELEC,"Tinton Falls, NJ - Tesla Supercharger",1 Premium Outlets Blvd,,Tinton Falls,NJ,7753,,877-798-3752,E,,Public,24 hours daily. Open to Teslas only.,,,,,,,16,,Tesla,https://www.tesla.com/supercharger,200-9,40.226406,-74.093806,6/18/2026,102299,2026-06-18 14:46:21 UTC,P,,,9/18/2015,,,,,TESLA,US,,,,Public,,public,,,SHOPPING_CENTER,,,,,,,,,,,,,,,,,FALSE,,,,,,,,,FALSE,
ELEC,"Jersey City, NJ - Mall Drive West - Tesla Supercharger",30 Mall Drive West,,Jersey City,NJ,7310,,877-798-3752,E,,Public,24 hours daily. Open to Teslas only.,,,,,,,20,,Tesla,https://www.tesla.com/supercharger,200-9,40.727339,-74.03985,6/18/2026,102300,2026-06-18 14:46:21 UTC,P,,,2/22/2018,,,,,TESLA,US,,,,Public,,public,,,SHOPPING_CENTER,,,,,,,,,,,,,,,,,FALSE,,,,,,,,,FALSE,
ELEC,"Woodbridge Township, NJ - Tesla Supercharger",440 King Georges Road,,Woodbridge,NJ,8857,,877-798-3752,E,,Public,24 hours daily. Open to Teslas only.,,,,,,,16,,Tesla,https://www.tesla.com/supercharger,200-9,40.536117,-74.297477,6/18/2026,102301,2026-06-18 14:46:21 UTC,P,,,3/10/2018,,,,,TESLA,US,,,,Public,,public,,,GAS_STATION,,,,,,,,,,,,,,,,,FALSE,,,,,,,,,FALSE,
ELEC,SECAUCUS RECREATION CENT,1200 Koelle Blvd,North east corner of lot by flagpole,Secaucus,NJ,7094,,888-758-4389,E,,Public,24 hours daily,,,,,,1,,,ChargePoint Network,https://www.chargepoint.com,GPS,40.799955,-74.047792,8/26/2026,104634,2026-08-26 01:08:47 UTC,,,,11/9/2018,,,,,J1772,US,,,,Public,,public,,,,,,,,,,,,,,,,,,,,FALSE,,,,,,,,,FALSE,
ELEC,Borough of Demarest - Department Of Public Works,22 Wakelee Dr,,Demarest,NJ,7627,,201-768-0167,E,,Public,24 hours daily,,,,,,3,,,Non-Networked,,200-8,40.958278,-73.963963,1/13/2025,104735,2025-02-12 00:16:32 UTC,LG,,,11/1/2018,,,,,J1772,US,,,,Public,,public,,,MUNI_GOV,,,,,,,Free,,,,,,,,,,FALSE,,,,,,,,LD,FALSE,
ELEC,WESTFIELD GSP GSP CHARGER 03,1 Garden State Plaza Pkwy,,Paramus,NJ,7652,,888-758-4389,E,,Public,24 hours daily,,,,,,2,,,ChargePoint Network,https://www.chargepoint.com,GPS,40.915544,-74.076504,8/26/2026,105308,2026-08-26 01:18:59 UTC,,,,12/14/2018,,,,,J1772,US,,,,Public,,public,,,,,,,,,,,,,,,,,,,,FALSE,,,,,,,,,FALSE,
ELEC,Hampton Inn Atlantic City/Absecon - Tesla Destination,338  E White Horse Pike,,Absecon,NJ,8205,,877-798-3752,E,,Public,,,,,,,3,,,Tesla Destination,https://www.tesla.com/destination-charging,200-9,39.43971,-74.521302,7/1/2024,114758,2025-02-12 00:16:32 UTC,P,,,1/10/2017,,,,,J1772 TESLA,US,,,,Public,,public,,,HOTEL,,,,,,,,,,,,,,,,,,,,,,,,,,FALSE,
ELEC,Borgata Hotel Casino & Spa - Tesla Destination,1 Borgata Way,,Atlantic City,NJ,8401,,877-798-3752,E,,Public,,,,,,,4,,,Tesla Destination,https://www.tesla.com/destination-charging,200-9,39.378389,-74.435356,7/1/2024,114759,2025-02-12 00:16:32 UTC,P,,,7/27/2015,,,,,TESLA,US,,,,Public,,public,,,HOTEL,,,,,,,,,,,,,,,,,,,,,,,,,,FALSE,
ELEC,Dock's Oyster House - Tesla Destination,2405 Atlantic Ave,,Atlantic City,NJ,8401,,877-798-3752,E,,Public,,,,,,,6,,,Tesla Destination,https://www.tesla.com/destination-charging,200-9,39.357222,-74.441153,7/1/2024,114760,2025-02-12 00:16:32 UTC,P,,,11/20/2017,,,,,TESLA,US,,,,Public,,public,,,RESTAURANT,,,,,,,,,,,,,,,,,,,,,,,,,,FALSE,
ELEC,Golden Nugget Casino Hotel - Tesla Destination,Huron Ave & Brigantine Blvd,,Atlantic City,NJ,8401,,877-798-3752,E,,Public,,,,,,,3,,,Tesla Destination,https://www.tesla.com/destination-charging,GPS,39.379335,-74.427382,7/1/2024,114761,2025-02-12 00:16:32 UTC,P,,,2/26/2016,,,,,J1772 TESLA,US,,,,Public,,public,,,HOTEL,,,,,,,,,,,,,,,,,,,,,,,,,,FALSE,
ELEC,The Gables - Tesla Destination,212 Centre St,,Beach Haven,NJ,8008,,877-798-3752,E,,Public,,,,,,,1,,,Tesla Destination,https://www.tesla.com/destination-charging,200-9,39.563186,-74.239133,7/1/2024,114762,2025-02-12 00:16:32 UTC,P,,,7/3/2014,,,,,TESLA,US,,,,Public,,public,,,RESTAURANT,,,,,,,,,,,,,,,,,,,,,,,,,,FALSE,
ELEC,The Bernard's Inn - Tesla Destination,27 Mine Brook Rd,,Bernardsville,NJ,7924,,877-798-3752,E,,Public,,,,,,,2,,,Tesla Destination,https://www.tesla.com/destination-charging,200-9,40.717948,-74.570447,7/1/2024,114763,2025-02-12 00:16:32 UTC,P,,,5/1/2015,,,,,J1772 TESLA,US,,,,Public,,public,,,INN,,,,,,,,,,,,,,,,,,,,,,,,,,FALSE,
ELEC,Wine Shoppe - Tesla Destination,2736 Hooper Ave,,Brick,NJ,8723,,877-798-3752,E,,Public,,,,,,,1,,,Tesla Destination,https://www.tesla.com/destination-charging,200-8,40.055041,-74.133937,7/1/2024,114764,2025-02-12 00:16:32 UTC,P,,,1/7/2015,,,,,TESLA,US,,,,Public,,public,,,SHOPPING_CENTER,,,,,,,,,,,,,,,,,,,,,,,,,,FALSE,
ELEC,Legacy Vacation Club Brigantine Beach - Tesla Destination,1400 Ocean Beach Ave,,Brigantine,NJ,8203,,877-798-3752,E,,Public,,,,,,,4,,,Tesla Destination,https://www.tesla.com/destination-charging,200-9,39.399687,-74.371107,7/1/2024,114765,2025-02-12 00:16:32 UTC,P,,,7/5/2018,,,,,J1772 TESLA,US,,,,Public,,public,,,HOTEL,,,,,,,,,,,,,,,,,,,,,,,,,,FALSE,
ELEC,Congress Hall - Tesla Destination,200 Congress Pl,,Cape May,NJ,8204,,877-798-3752,E,,Public,,,,,,,3,,,Tesla Destination,https://www.tesla.com/destination-charging,200-8,38.931037,-74.923703,7/1/2024,114766,2025-02-12 00:16:32 UTC,P,,,8/7/2014,,,,,J1772 TESLA,US,,,,Public,,public,,,HOTEL,,,,,,,,,,,,,,,,,,,,,,,,,,FALSE,
ELEC,Hampton Inn Clinton - Tesla Destination,16 Frontage Dr,,Clinton,NJ,8809,,877-798-3752,E,,Public,,,,,,,2,,,Tesla Destination,https://www.tesla.com/destination-charging,200-9,40.629178,-74.917601,7/1/2024,114768,2025-02-12 00:16:32 UTC,P,,,7/11/2017,,,,,TESLA,US,,,,Public,,public,,,HOTEL,,,,,,,,,,,,,,,,,,,,,,,,,,FALSE,
ELEC,Strictly Bicycles Inc. - Tesla Destination,2347 Hudson Terrace,,Fort Lee,NJ,7024,,877-798-3752,E,,Public,,,,,,,4,,,Tesla Destination,https://www.tesla.com/destination-charging,200-9,40.861244,-73.959525,7/1/2024,114771,2025-02-12 00:16:32 UTC,P,,,11/1/2018,,,,,TESLA,US,,,,Public,,public,,,SHOPPING_CENTER,,,,,,,,,,,,,,,,,,,,,,,,,,FALSE,
ELEC,Borough of Glen Rock Train Station Commuter Parking - Tesla Destination,170 Rock Rd,,Glen Rock,NJ,7452,,877-798-3752,E,,Public,,,,,,,2,,,Tesla Destination,https://www.tesla.com/destination-charging,200-8,40.962288,-74.133814,7/1/2024,114772,2025-02-12 00:16:32 UTC,P,,,7/12/2018,,,,,J1772 TESLA,US,,,,Public,,public,,,MUNI_GOV,,,,,,,,,,,,,,,,,,,,,,,,,,FALSE,
ELEC,W Hoboken - Tesla Destination,225 River St,,Hoboken,NJ,7030,,877-798-3752,E,,Public,,,,,,,2,,,Tesla Destination,https://www.tesla.com/destination-charging,200-8,40.73919,-74.02776,7/1/2024,114773,2025-02-12 00:16:32 UTC,P,,,11/22/2017,,,,,TESLA,US,,,,Public,,public,,,HOTEL,,,,,,,,,,,,,,,,,,,,,,,,,,FALSE,
ELEC,Propark The Morgan at Provost Square - Tesla Destination,160 Morgan St,,Jersey City,NJ,7032,,877-798-3752,E,,Public,,,,,,,3,,,Tesla Destination,https://www.tesla.com/destination-charging,200-8,40.720023,-74.040243,7/1/2024,114774,2025-02-12 00:16:32 UTC,P,,,8/2/2017,,,,,J1772 TESLA,US,,,,Public,,public,,,PAY_GARAGE,,,,,,,,,,,,,,,,,,,,,,,,,,FALSE,
ELEC,Propark - Madox Apartments - Tesla Destination,198 Van Vorst St,,Jersey City,NJ,7302,,877-798-3752,E,,Public,,,,,,,1,,,Tesla Destination,https://www.tesla.com/destination-charging,200-9,40.71387,-74.04138,7/1/2024,114775,2025-02-12 00:16:32 UTC,P,,,10/23/2014,,,,,TESLA,US,,,,Public,,public,,,PAY_GARAGE,,,,,,,,,,,,,,,,,,,,,,,,,,FALSE,
ELEC,Hyatt Regency Jersey City on the Hudson - Tesla Destination,2 Exchange Pl,,Jersey City,NJ,7302,,877-798-3752,E,,Public,,,,,,,2,,,Tesla Destination,https://www.tesla.com/destination-charging,200-9,40.716966,-74.032769,7/1/2024,114776,2025-02-12 00:16:32 UTC,P,,,9/7/2014,,,,,TESLA,US,,,,Public,,public,,,HOTEL,,,,,,,,,,,,,,,,,,,,,,,,,,FALSE,
ELEC,Littleman Parking Crystal Point Garage - Tesla Destination,2 Second St,,Jersey City,NJ,7032,,877-798-3752,E,,Public,,,,,,,4,,,Tesla Destination,https://www.tesla.com/destination-charging,200-8,40.721293,-74.03204,7/1/2024,114777,2025-02-12 00:16:32 UTC,P,,,6/16/2017,,,,,TESLA,US,,,,Public,,public,,,PAY_GARAGE,,,,,,,,,,,,,,,,,,,,,,,,,,FALSE,
ELEC,Propark The Beacon - Tesla Destination,20 Beacon Wy,,Jersey City,NJ,7304,,877-798-3752,E,,Public,,,,,,,3,,,Tesla Destination,https://www.tesla.com/destination-charging,200-9,40.722203,-74.064287,7/1/2024,114778,2025-02-12 00:16:32 UTC,P,,,4/17/2017,,,,,J1772 TESLA,US,,,,Public,,public,,,HOTEL,,,,,,,,,,,,,,,,,,,,,,,,,,FALSE,
ELEC,Vantage - Tesla Destination,33 Park View Ave,,Jersey City,NJ,7392,,877-798-3752,E,,Public,,,,,,,2,,,Tesla Destination,https://www.tesla.com/destination-charging,200-9,40.713398,-74.04439,7/1/2024,114779,2025-02-12 00:16:32 UTC,P,,,5/8/2018,,,,,TESLA,US,,,,Public,,public,,,PAY_GARAGE,,,,,,,,,,,,,,,,,,,,,,,,,,FALSE,
ELEC,Eno Terra Restaurant - Tesla Destination,4484 Rte 27,,Kingston,NJ,8528,,877-798-3752,E,,Public,,,,,,,3,,,Tesla Destination,https://www.tesla.com/destination-charging,200-8,40.373937,-74.617588,7/1/2024,114780,2025-02-12 00:16:32 UTC,P,,,12/5/2017,,,,,TESLA,US,,,,Public,,public,,,RESTAURANT,,,,,,,,,,,,,,,,,,,,,,,,,,FALSE,
ELEC,"Lambertville House, a Distrikt Hotel - Tesla Destination",32 Bridge St,,Lambertville,NJ,8530,,877-798-3752,E,,Public,,,,,,,1,,,Tesla Destination,https://www.tesla.com/destination-charging,200-9,40.365828,-74.94508,7/1/2024,114781,2025-02-12 00:16:32 UTC,P,,,10/13/2016,,,,,TESLA,US,,,,Public,,public,,,HOTEL,,,,,,,,,,,,,,,,,,,,,,,,,,FALSE,
ELEC,Doubletree by Hilton Mahwah - Tesla Destination,180 Route 17 S,,Mahwah,NJ,7430,,877-798-3752,E,,Public,,,,,,,1,,,Tesla Destination,https://www.tesla.com/destination-charging,GPS,41.096589,-74.159129,7/1/2024,114782,2025-02-12 00:16:32 UTC,P,,,6/15/2017,,,,,TESLA,US,,,,Public,,public,,,HOTEL,,,,,,,,,,,,,,,,,,,,,,,,,,FALSE,
ELEC,Hilton Short Hills - Tesla Destination,41 John F. Kennedy Pkwy,,Millburn,NJ,7078,,877-798-3752,E,,Public,,,,,,,1,,,Tesla Destination,https://www.tesla.com/destination-charging,200-8,40.742721,-74.366457,7/1/2024,114783,2025-02-12 00:16:32 UTC,P,,,10/7/2015,,,,,TESLA,US,,,,Public,,public,,,HOTEL,,,,,,,,,,,,,,,,,,,,,,,,,,FALSE,
ELEC,Propark Valley & Bloom Garage - Tesla Destination,34 Valley Rd,,Montclair,NJ,7042,,877-798-3752,E,,Public,,,,,,,3,,,Tesla Destination,https://www.tesla.com/destination-charging,200-9,40.816653,-74.221252,7/1/2024,114784,2025-02-12 00:16:32 UTC,P,,,4/4/2017,,,,,J1772 TESLA,US,,,,Public,,public,,,PAY_GARAGE,,,,,,,,,,,,,,,,,,,,,,,,,,FALSE,
ELEC,Columbia Inn Restaurant - Tesla Destination,29 Main Rd,,Montville,NJ,7045,,877-798-3752,E,,Public,,,,,,,3,,,Tesla Destination,https://www.tesla.com/destination-charging,200-9,40.913199,-74.390008,7/1/2024,114785,2025-02-12 00:16:32 UTC,P,,,10/13/2015,,,,,TESLA,US,,,,Public,,public,,,RESTAURANT,,,,,,,,,,,,,,,,,,,,,,,,,,FALSE,
ELEC,Best Western Plus Morristown Inn - Tesla Destination,270 South St,,Morristown,NJ,7960,,877-798-3752,E,,Public,,,,,,,2,,,Tesla Destination,https://www.tesla.com/destination-charging,200-9,40.787657,-74.470353,7/1/2024,114786,2025-02-12 00:16:32 UTC,P,,,1/24/2018,,,,,J1772 TESLA,US,,,,Public,,public,,,HOTEL,,,,,,,,,,,,,,,,,,,,,,,,,,FALSE,
ELEC,Holiday Inn Express & Suites Mount Arlington - Tesla Destination,176 Howard Blvd,,Mt. Arlington,NJ,7856,,877-798-3752,E,,Public,,,,,,,2,,,Tesla Destination,https://www.tesla.com/destination-charging,200-8,40.90318,-74.633245,7/1/2024,114787,2025-06-09 19:21:51 UTC,P,,,8/8/2018,,,,,TESLA,US,,,,Public,,public,,,HOTEL,,,,,,,,,,,,,,,,,,,,,,,,,,FALSE,
ELEC,Best Western Plus Murray Hill Hotel & Suites - Tesla Destination,535 Central Ave,,New Providence,NJ,7974,,877-798-3752,E,,Public,,,,,,,4,,,Tesla Destination,https://www.tesla.com/destination-charging,200-9,40.699027,-74.403284,7/1/2024,114788,2025-02-12 00:16:32 UTC,P,,,2/5/2018,,,,,J1772 TESLA,US,,,,Public,,public,,,HOTEL,,,,,,,,,,,,,,,,,,,,,,,,,,FALSE,
ELEC,The Wooden Duck Bed and Breakfast - Tesla Destination,140 Goodale Rd,,Newton,NJ,7860,,877-798-3752,E,,Public,,,,,,,3,,,Tesla Destination,https://www.tesla.com/destination-charging,200-9,41.024869,-74.739386,7/1/2024,114789,2025-02-12 00:16:32 UTC,P,,,4/28/2015,,,,,J1772 TESLA,US,,,,Public,,public,,,B_AND_B,,,,,,,,,,,,,,,,,,,,,,,,,,FALSE,
ELEC,"The Candlelight Inn, a Select Registry Property - Tesla Destination",2310 Central Ave,,North Wildwood,NJ,8260,,877-798-3752,E,,Public,,,,,,,2,,,Tesla Destination,https://www.tesla.com/destination-charging,200-9,38.994633,-74.807328,7/1/2024,114790,2025-02-12 00:16:32 UTC,P,,,5/1/2015,,,,,J1772 TESLA,US,,,,Public,,public,,,INN,,,,,,,,,,,,,,,,,,,,,,,,,,FALSE,
ELEC,The Peacock Inn - Tesla Destination,20 Bayard Ln,,Princeton,NJ,8540,,877-798-3752,E,,Public,,,,,,,1,,,Tesla Destination,https://www.tesla.com/destination-charging,200-9,40.349131,-74.665479,7/1/2024,114791,2025-02-12 00:16:32 UTC,P,,,1/4/2016,,,,,TESLA,US,,,,Public,,public,,,INN,,,,,,,,,,,,,,,,,,,,,,,,,,FALSE,
ELEC,DoubleTree By Hilton Princeton - Tesla Destination,4355 Trenton Fwy,,Princeton,NJ,8540,,877-798-3752,E,,Public,,,,,,,2,,,Tesla Destination,https://www.tesla.com/destination-charging,GPS,40.366333,-74.597719,7/1/2024,114792,2025-02-12 00:16:32 UTC,P,,,9/19/2018,,,,,TESLA,US,,,,Public,,public,,,HOTEL,,,,,,,,,,,,,,,,,,,,,,,,,,FALSE,
ELEC,"Whistling Swan Inn, a Select Registry Property - Tesla Destination",110 Main St,,Stanhope,NJ,7874,,877-798-3752,E,,Public,,,,,,,1,,,Tesla Destination,https://www.tesla.com/destination-charging,200-9,40.905323,-74.709445,7/1/2024,114794,2025-02-12 00:16:32 UTC,P,,,7/8/2015,,,,,TESLA,US,,,,Public,,public,,,INN,,,,,,,,,,,,,,,,,,,,,,,,,,FALSE,
ELEC,Stockton Inn - Tesla Destination,1 Main St,,Stockton,NJ,8559,,877-798-3752,E,,Public,,,,,,,3,,,Tesla Destination,https://www.tesla.com/destination-charging,200-9,40.406122,-74.977199,7/1/2024,114795,2025-02-12 00:16:32 UTC,P,,,5/11/2017,,,,,J1772 TESLA,US,,,,Public,,public,,,INN,,,,,,,,,,,,,,,,,,,,,,,,,,FALSE,
ELEC,The Woolverton Inn - Tesla Destination,6 Woolverton Rd,,Stockton,NJ,8559,,877-798-3752,E,,Public,,,,,,,2,,,Tesla Destination,https://www.tesla.com/destination-charging,200-9,40.408703,-74.980133,7/1/2024,114796,2025-02-12 00:16:32 UTC,P,,,10/17/2016,,,,,J1772 TESLA,US,,,,Public,,public,,,INN,,,,,,,,,,,,,,,,,,,,,,,,,,FALSE,
ELEC,The Grand Summit Hotel - Tesla Destination,570 Springfield Ave,,Summit,NJ,7901,,877-798-3752,E,,Public,,,,,,,3,,,Tesla Destination,https://www.tesla.com/destination-charging,200-9,40.714932,-74.366529,7/1/2024,114797,2025-02-12 00:16:32 UTC,P,,,12/22/2015,,,,,J1772 TESLA,US,,,,Public,,public,,,HOTEL,,,,,,,,,,,,,,,,,,,,,,,,,,FALSE,
ELEC,Highlawn Pavilion - Tesla Destination,1 Crest Dr,,West Orange,NJ,7052,,877-798-3752,E,,Public,,,,,,,2,,,Tesla Destination,https://www.tesla.com/destination-charging,200-8,40.804321,-74.237643,7/1/2024,114798,2025-02-12 00:16:32 UTC,P,,,11/7/2014,,,,,TESLA,US,,,,Public,,public,,,HOTEL,,,,,,,,,,,,,,,,,,,,,,,,,,FALSE,
ELEC,Best Western Westfield Inn - Tesla Destination,435 N Ave W,,Westfield,NJ,7090,,877-798-3752,E,,Public,,,,,,,2,,,Tesla Destination,https://www.tesla.com/destination-charging,200-9,40.649738,-74.349093,7/1/2024,114799,2025-02-12 00:16:32 UTC,P,,,2/5/2018,,,,,J1772 TESLA,US,,,,Public,,public,,,HOTEL,,,,,,,,,,,,,,,,,,,,,,,,,,FALSE,
ELEC,First Priority Group,160 Gold Mine Road,,Flanders,NJ,7828,,866-816-7584,E,,Public,24 hours daily,,,,,,7,,,EV Connect,https://www.evconnect.com,GPS,40.879991,-74.709768,8/26/2026,117271,2026-08-26 03:49:04 UTC,,,,12/5/2018,,,,,J1772,US,,,,Public,,public,,,,,,,,,,,,,,,,,,,,FALSE,,,,,,,,,FALSE,
ELEC,"Paulsboro, NJ - Tesla Supercharger",51 Berkley Road,,Paulsboro,NJ,8066,,877-798-3752,E,,Public,24 hours daily. Open to Teslas only.,A D Debit M V,,,,,,8,,Tesla,https://www.tesla.com/supercharger,GPS,39.821579,-75.240857,6/18/2026,117725,2026-06-18 14:46:21 UTC,P,,,1/11/2019,,,,,TESLA,US,,,,Public,,public,,,GAS_STATION,,,,,,,,,,,,,,,,,FALSE,,,,,,,,,FALSE,
ELEC,"Kearny, NJ - Tesla Supercharger",200 Harrison Avenue,,Kearny,NJ,7032,,877-798-3752,E,,Public,24 hours daily. Open to Teslas only.,,,,,,,8,,Tesla,https://www.tesla.com/supercharger,GPS,40.748962,-74.135622,6/18/2026,118950,2026-06-18 14:46:21 UTC,P,,,2/15/2019,,,,,TESLA,US,,,,Public,,public,,,GAS_STATION,,,,,,,,,,,,,,,,,FALSE,,,,,,,,,FALSE,
ELEC,L443 OUTSIDE DUAL,2285 US-22,,Union,NJ,7083,,888-758-4389,E,,Public,24 hours daily,,,,,,2,,,ChargePoint Network,https://www.chargepoint.com,GPS,40.692288,-74.290742,8/26/2026,119028,2026-08-26 01:21:48 UTC,,,,3/8/2019,,,,,J1772,US,,,,Public,,public,,,,,,,,,,,,,,,,,,,,FALSE,,,,,,,,,FALSE,
ELEC,RED HAWK DECK CARPARC DIEM DE,28 Clove Rd,,Little Falls,NJ,7424,,888-758-4389,E,,Public,24 hours daily,,,,,,2,,,ChargePoint Network,https://www.chargepoint.com,GPS,40.865151,-74.197115,8/26/2026,119070,2026-08-26 01:21:52 UTC,,,,3/9/2019,,,,,J1772,US,,,,Public,,public,,,,,,,,,,,,,,,,,,,,FALSE,,,,,,,,,FALSE,
ELEC,RED HAWK DECK RED HAWK DECK,1 Normal Ave,,Montclair,NJ,7043,,888-758-4389,E,,Public,24 hours daily,,,,,,2,,,ChargePoint Network,https://www.chargepoint.com,GPS,40.860638,-74.202379,8/26/2026,119071,2026-08-26 01:21:51 UTC,,,,3/9/2019,,,,,J1772,US,,,,Public,,public,,,,,,,,,,,,,,,,,,,,FALSE,,,,,,,,,FALSE,
ELEC,RUTHERFORDBORO MEMORIALNO2,111 Monona Ave,,Rutherford,NJ,7070,,888-758-4389,E,,Public,24 hours daily,,,,,,1,,,ChargePoint Network,https://www.chargepoint.com,GPS,40.844257,-74.118645,8/26/2026,121271,2026-08-26 01:13:57 UTC,,,,4/9/2019,,,,,J1772,US,,,,Public,,public,,,,,,,,,,,,,,,,,,,,FALSE,,,,,,,,,FALSE,
ELEC,BERGEN HARLEY DCFAST HOG,124 Essex St,,Rochelle Park,NJ,7662,,888-758-4389,E,,Public,24 hours daily,,,,,,,1,,ChargePoint Network,https://www.chargepoint.com,GPS,40.892506,-74.073138,8/26/2026,121570,2026-08-26 01:23:04 UTC,,,,4/18/2019,,,,,J1772COMBO,US,,,,Public,,public,,,,,,,,,,,,,,,,,,,,FALSE,,,,,,,,,FALSE,
ELEC,Barlow Chevrolet,6057 Route 130 S,,Delran,NJ,8075,,856-461-8400,E,,Public,24 hours daily,,,,,,,1,,Non-Networked,,200-9,40.020901,-74.946098,5/12/2025,121589,2026-02-02 23:16:24 UTC,P,,,4/1/2019,,,,,J1772COMBO,US,,,,Public,,public,,,CAR_DEALER,,,,,,,,,,,,,,,,,FALSE,,,,,,,,LD,FALSE,
ELEC,41 SPRING SHELBOURNE1,41 Spring St,,New Providence,NJ,7974,,888-758-4389,E,,Public,Mon: 5:00am-6:30pm; Tue: 5:00am-6:30pm; Wed: 5:00am-6:30pm; Thu: 5:00am-6:30pm; Fri: 5:00am-6:30pm,,,,,,2,,,ChargePoint Network,https://www.chargepoint.com,GPS,40.696186,-74.411341,8/26/2026,121664,2026-08-26 01:02:41 UTC,,,,4/23/2019,,,,,J1772,US,,,,Public,,public,,,,,,,,,,,,,,,,,,,,FALSE,,,,,,,,,FALSE,
ELEC,"Rockaway, NJ - Tesla Supercharger",395 Mount Hope Avenue,,Rockaway,NJ,7866,,877-798-3752,E,,Public,24 hours daily. Open to Teslas only.,,,,,,,12,,Tesla,https://www.tesla.com/supercharger,200-8,40.908461,-74.557375,6/18/2026,122304,2026-06-18 14:46:21 UTC,P,,,3/4/2019,,,,,TESLA,US,,,,Public,,public,,,SHOPPING_CENTER,,,,,,,,,,,,,,,,,FALSE,,,,,,,,,FALSE,
ELEC,"Burlington, NJ - Tesla Supercharger",2060 US-130,,Burlington,NJ,8016,,877-798-3752,E,,Public,24 hours daily. Open to Teslas only.,,,,,,,8,,Tesla,https://www.tesla.com/supercharger,GPS,40.101811,-74.793362,6/18/2026,122343,2026-06-18 14:46:21 UTC,P,,,9/8/2017,,,,,TESLA,US,,,,Public,,public,,,GAS_STATION,,,,,,,,,,,,,,,,,FALSE,,,,,,,,,FALSE,
ELEC,"Parsippany, NJ - Tesla Supercharger",350 New Road,,Parsippany,NJ,7054,,877-798-3752,E,,Public,24 hours daily. Open to Teslas only.,,,,,,,12,,Tesla,https://www.tesla.com/supercharger,200-9,40.849702,-74.351308,6/18/2026,122344,2026-06-18 14:46:21 UTC,P,,,3/5/2019,,,,,TESLA,US,,,,Public,,public,,,GAS_STATION,,,,,,,,,,,,,,,,,FALSE,,,,,,,,,FALSE,
ELEC,Ocean Resort Casino - Tesla Destination,500 Boardwalk,,Atlantic City,NJ,8401,,877-798-3752,E,,Public,,,,,,,4,,,Tesla Destination,https://www.tesla.com/destination-charging,200-9,39.362445,-74.415697,7/1/2024,122462,2025-02-12 00:16:32 UTC,P,,,1/22/2019,,,,,TESLA,US,,,,Public,,public,,,,,,,,,,,,,,,,,,,,,,,,,,,,,FALSE,
ELEC,Delta Hotels by Marriott - Basking Ridge - Tesla Destination,80 Allen Rd,,Basking Ridge,NJ,7920,,877-798-3752,E,,Public,,,,,,,6,,,Tesla Destination,https://www.tesla.com/destination-charging,200-9,40.652638,-74.580948,7/1/2024,122463,2025-02-12 00:16:32 UTC,P,,,11/1/2018,,,,,J1772 TESLA,US,,,,Public,,public,,,,,,,,,,,,,,,,,,,,,,,,,,,,,FALSE,
ELEC,Americana Kitchen and Bar - Tesla Destination,359 US Highway 130,,East Windsor,NJ,8520,,877-798-3752,E,,Public,,,,,,,3,,,Tesla Destination,https://www.tesla.com/destination-charging,200-9,40.275682,-74.53493,7/1/2024,122464,2025-02-12 00:16:32 UTC,P,,,3/1/2019,,,,,J1772 TESLA,US,,,,Public,,public,,,,,,,,,,,,,,,,,,,,,,,,,,,,,FALSE,
ELEC,Hidden Creek Golf Club - Tesla Destination,75 Asbury Rd,,Egg Harbor Township,NJ,8234,,877-798-3752,E,,Public,,,,,,,2,,,Tesla Destination,https://www.tesla.com/destination-charging,200-9,39.394978,-74.686033,7/1/2024,122465,2025-02-12 00:16:32 UTC,P,,,9/23/2016,,,,,J1772 TESLA,US,,,,Public,,public,,,,,,,,,,,,,,,,,,,,,,,,,,,,,FALSE,
ELEC,Swan Lake Resort - Tesla Destination,106 E Moss Mill Rd,,Galloway,NJ,8205,,877-798-3752,E,,Public,,,,,,,2,,,Tesla Destination,https://www.tesla.com/destination-charging,GPS,39.503575,-74.51155,7/1/2024,122466,2025-02-12 00:16:32 UTC,P,,,1/28/2019,,,,,TESLA,US,,,,Public,,public,,,,,,,,,,,,,,,,,,,,,,,,,,,,,FALSE,
ELEC,Best Western Plus Philadelphia-Pennsauken Hotel - Tesla Destination,7050 Kaighns Ave,,Pennsauken Township,NJ,8109,,877-798-3752,E,,Public,,,,,,,4,,,Tesla Destination,https://www.tesla.com/destination-charging,200-9,39.93362,-75.077518,7/1/2024,122467,2025-02-12 00:16:32 UTC,P,,,2/4/2019,,,,,J1772 TESLA,US,,,,Public,,public,,,,,,,,,,,,,,,,,,,,,,,,,,,,,FALSE,
ELEC,PANYNJ EWR P4 STATION7,EWR Station P4 Daily Parking Garage Newark Li,,Newark,NJ,7114,,888-758-4389,E,,Public,24 hours daily,,,,,,2,,,ChargePoint Network,https://www.chargepoint.com,GPS,40.696413,-74.183656,8/26/2026,122620,2026-08-26 01:17:50 UTC,,,,5/4/2019,,,,,J1772,US,,,,Public,,public,,,,,,,,,,,,,,,,,,,,FALSE,,,,,,,,,FALSE,
ELEC,1460 Aspen Garage,1460 Route 9,,Woodbridge,NJ,7095,,866-816-7584,P,8/22/2026,PLANNED - not yet accessible (Public),24 hours daily,,,,,,4,,,EV Connect,https://www.evconnect.com,GPS,40.560876,-74.295153,8/26/2026,123248,2026-08-26 03:49:08 UTC,,,,4/1/2019,,,,,J1772,US,,,,PRÉVU - pas encore accessible (Public),,public,,,,,,,,,,,,,,,,,,,,FALSE,,,,,,,,,FALSE,
ELEC,Livingston Town Hall,357 South Livingston Avenue,,Livingston,NJ,7039,,866-816-7584,E,,Public,24 hours daily,,,,,,6,,,EV Connect,https://www.evconnect.com,GPS,40.7824,-74.314617,8/26/2026,123249,2026-08-26 03:49:08 UTC,,,,4/1/2019,,,,,J1772,US,,,,Public,,public,,,,,,,,,,,,,,,,,,,,FALSE,,,,,,,,,FALSE,
ELEC,Borough Hall,55 River Road,,Edgewater,NJ,7020,,866-816-7584,E,,Public,24 hours daily,,,,,,6,,,EV Connect,https://www.evconnect.com,GPS,40.804091,-73.992868,8/26/2026,123250,2026-08-26 03:49:09 UTC,,,,4/1/2019,,,,,J1772,US,,,,Public,,public,,,,,,,,,,,,,,,,,,,,FALSE,,,,,,,,,FALSE,
ELEC,Plainsboro Municipal Building,641 Plainsboro Road,,Plainsboro,NJ,8536,,866-816-7584,E,,Public,24 hours daily,,,,,,6,,,EV Connect,https://www.evconnect.com,GPS,40.333705,-74.587104,8/26/2026,123251,2026-08-26 03:49:08 UTC,,,,4/1/2019,,,,,J1772,US,,,,Public,,public,,,,,,,,,,,,,,,,,,,,FALSE,,,,,,,,,FALSE,
ELEC,County of Essex Hall of Records & Veterans Court House,9 South Orange Avenue,,Newark,NJ,7103,,866-816-7584,E,,Public,24 hours daily,,,,,,6,,,EV Connect,https://www.evconnect.com,GPS,40.736315,-74.180924,8/26/2026,123252,2026-08-26 03:49:07 UTC,,,,4/1/2019,,,,,J1772,US,,,,Public,,public,,,,,,,,,,,,,,,,,,,,FALSE,,,,,,,,,FALSE,
ELEC,ADP - Parsippany,99 Jefferson Rd,,Parsippany,NJ,7054,,866-816-7584,E,,Public,24 hours daily,,,,,,1,,,Non-Networked,,GPS,40.8574023,-74.4128071,12/10/2024,123253,2025-02-12 00:16:32 UTC,P,,,4/1/2019,,,,,J1772,US,,,,Public,,public,,,OFFICE_BLDG,,,,,,,,,,,,,,,,,FALSE,,,,,,,,LD,FALSE,
ELEC,Verizon - Basking Ridge,1 Verizon Way,,Basking Ridge,NJ,7920,,,E,,Private,24 hours daily,,,,,,22,,,Non-Networked,,200-9,40.726049,-74.533022,12/12/2025,123306,2026-05-18 20:35:46 UTC,P,,,5/1/2019,,,,,J1772,US,,,,Privé,,private,,,OFFICE_BLDG,,,,,,,,,,,,,,,,,,,,,,,,,LD,TRUE,
ELEC,Verizon - Branchburg,145 Chubb Way,,Somerville,NJ,8876,,,E,,Private,24 hours daily,,,,,,4,,,Non-Networked,,200-9,40.555505,-74.705362,12/12/2025,123313,2026-05-18 20:35:46 UTC,P,,,5/1/2019,,,,,J1772,US,,,,Privé,,private,,,OFFICE_BLDG,,,,,,,,,,,,,,,,,,,,,,,,,LD,TRUE,
ELEC,Verizon - Harding,1496 Mt Kemble Ave,,Morristown,NJ,7960,,,E,,Private,24 hours daily,,,,,,2,,,Non-Networked,,200-9,40.734474,-74.538576,12/12/2025,123314,2026-05-18 20:35:46 UTC,P,,,5/1/2019,,,,,J1772,US,,,,Privé,,private,,,OFFICE_BLDG,,,,,,,,,,,,,,,,,,,,,,,,,LD,TRUE,
ELEC,Verizon - Bedminster,180 Washington Valley Rd,,Bedminster,NJ,7921,,,E,,Private,24 hours daily,,,,,,8,,,Non-Networked,,200-9,40.644406,-74.634952,12/12/2025,123317,2026-05-18 20:35:46 UTC,P,,,5/1/2019,,,,,J1772,US,,,,Privé,,private,,,OFFICE_BLDG,,,,,,,,,,,,,,,,,,,,,,,,,LD,TRUE,
ELEC,Verizon - Piscataway,201 Centennial Ave,,Piscataway,NJ,8854,,,E,,Private,24 hours daily,,,,,,20,,,Non-Networked,,200-9,40.544646,-74.495763,12/12/2025,123322,2026-05-18 20:35:46 UTC,P,,,5/1/2019,,,,,J1772,US,,,,Privé,,private,,,OFFICE_BLDG,,,,,,,,,,,,,,,,,,,,,,,,,LD,TRUE,
ELEC,Verizon - Robbinsville,600 Horizon Dr,,Robbinsville,NJ,8691,,,E,,Private,24 hours daily,,,,,,4,,,Non-Networked,,200-9,40.200067,-74.646436,12/12/2025,123344,2026-05-18 20:35:46 UTC,P,,,5/1/2019,,,,,J1772,US,,,,Privé,,private,,,OFFICE_BLDG,,,,,,,,,,,,,,,,,,,,,,,,,LD,TRUE,
ELEC,Bank of America - Hopewell,1150 American Blvd,,Hopewell Township,NJ,8560,,,E,,Private,Business hours,,,,,,6,,,Non-Networked,,200-8,40.302616,-74.807293,1/9/2024,123502,2025-10-22 15:43:22 UTC,P,,,12/17/2018,,,,,J1772,US,,,,Privé,,private,,,BANK,,,,,,,,,,,,,,,,,,,,,,,,,LD,TRUE,
ELEC,GREENLIFE GREENLIFE,6754 Washington Ave,Drive around back to our parking lot.,Egg Harbor Township,NJ,8234,,888-758-4389,E,,Public,24 hours daily,,,,,,,1,,ChargePoint Network,https://www.chargepoint.com,GPS,39.4046,-74.55359,8/26/2026,143188,2026-08-26 01:25:57 UTC,,,,8/15/2019,,,,,CHADEMO J1772COMBO,US,,,,Public,,public,,,,,,,,,,,,,,,,,,,,FALSE,,,,,,,,,FALSE,
ELEC,GARDEN STATE DCFAST HOG,1775 NJ-10,Rear of building in the parking lot,Morris Plains,NJ,7950,,888-758-4389,E,,Public,24 hours daily,,,,,,,1,,ChargePoint Network,https://www.chargepoint.com,GPS,40.84865,-74.47173,8/26/2026,143234,2026-08-26 01:25:43 UTC,,,,8/15/2019,,,,,J1772COMBO,US,,,,Public,,public,,,,,,,,,,,,,,,,,,,,FALSE,,,,,,,,,FALSE,
ELEC,JERSEYCITY MONTGOMERY2,281 Marin Blvd,Montgomery on Street,Jersey City,NJ,7302,,888-758-4389,T,4/17/2026,TEMPORARILY UNAVAILABLE (Public),24 hours daily,,,,,,2,,,ChargePoint Network,https://www.chargepoint.com,GPS,40.71709,-74.04249,8/26/2026,143354,2026-08-26 01:41:06 UTC,,,,8/15/2019,,,,,J1772,US,,,,TEMPORAIREMENT SUSPENDU (Public),,public,,,,,,,,,,,,,,,,,,,,FALSE,,,,,,,,,FALSE,
ELEC,MetLife - Bridgewater,501 US Highway 22 W,,Bridgewater,NJ,8807,,,E,,Private,For employee use only,,,,,,4,,,Non-Networked,,200-9,40.593428,-74.648283,11/13/2025,143799,2026-02-02 23:16:24 UTC,P,,,11/14/2019,,,,,J1772,US,,,,Privé,,private,,,OFFICE_BLDG,,,,,,,Free,,,,,,,,,,,,,,,,,,LD,TRUE,
ELEC,MetLife - Convent Station,334 Madison Ave,,Morristown,NJ,7960,,,E,,Private,For employee use only,,,,,,4,,,Non-Networked,,200-9,40.778977,-74.446138,11/13/2025,143800,2026-02-02 23:16:24 UTC,P,,,11/25/2019,,,,,J1772,US,,,,Privé,,private,,,OFFICE_BLDG,,,,,,,Free,,,,,,,,,,,,,,,,,,LD,TRUE,
ELEC,MetLife - Whippany,1 MetLife Way,,Whippany,NJ,7981,,,E,,Private,For employee use only,,,,,,19,,,Non-Networked,,GPS,40.81681576,-74.4176859,11/13/2025,143812,2026-02-02 23:16:24 UTC,P,,,12/3/2019,,,,,J1772,US,,,,Privé,,private,,,OFFICE_BLDG,,,,,,,Free,,,,,,,,,,,,,,,,,,LD,TRUE,
ELEC,WILLIAMSHD DCFAST HOG,1100 US-22,,Lebanon,NJ,8833,,888-758-4389,E,,Public,24 hours daily,,,,,,,1,,ChargePoint Network,https://www.chargepoint.com,GPS,40.64508,-74.812904,8/26/2026,145080,2026-08-26 01:27:02 UTC,,,,9/10/2019,,,,,J1772COMBO,US,,,,Public,,public,,,,,,,,,,,,,,,,,,,,FALSE,,,,,,,,,FALSE,
ELEC,WOOLWICH TWP WOOLWICH TWP1,120 Village Green Dr,Municipal Building Parking Lot,Woolwich Township,NJ,8085,,888-758-4389,E,,Public,24 hours daily,,,,,,2,,,ChargePoint Network,https://www.chargepoint.com,GPS,39.735954,-75.324425,8/26/2026,145113,2026-08-26 01:26:06 UTC,,,,9/11/2019,,,,,J1772,US,,,,Public,,public,,,,,,,,,,,,,,,,,,,,FALSE,,,,,,,,,FALSE,
ELEC,SHORELINE H-D DCFAST HOG,108 Monmouth Rd,Front right of building,West Long Branch,NJ,7764,,888-758-4389,E,,Public,24 hours daily,,,,,,,1,,ChargePoint Network,https://www.chargepoint.com,GPS,40.29799,-74.02846,8/26/2026,145478,2026-08-26 01:27:28 UTC,,,,9/24/2019,,,,,J1772COMBO,US,,,,Public,,public,,,,,,,,,,,,,,,,,,,,FALSE,,,,,,,,,FALSE,
ELEC,BOROUGH HALL BOROUGH HALL1,480 DeKorte Drive,In Front of Borough Hall,Franklin Lakes,NJ,7417,,888-758-4389,E,,Public,24 hours daily,,,,,,2,,,ChargePoint Network,https://www.chargepoint.com,GPS,41.019176,-74.19886,8/26/2026,145736,2026-08-26 01:27:52 UTC,,,,10/2/2019,,,,,J1772,US,,,,Public,,public,,,,,,,,,,,,,,,,,,,,FALSE,,,,,,,,,FALSE,
ELEC,VERONA TOWNSHIP VERONA TWP1,Bloomfield Ave at Lakeside Ave,Located at entrance of Verona Twp. Center,Verona,NJ,7044,,888-758-4389,E,,Public,24 hours daily,,,,,,2,,,ChargePoint Network,https://www.chargepoint.com,GPS,40.832207,-74.246124,8/26/2026,146800,2026-08-26 01:27:38 UTC,,,,10/11/2019,,,,,J1772,US,,,,Public,,public,,,,,,,,,,,,,,,,,,,,FALSE,,,,,,,,,FALSE,
ELEC,RIVERBEND 1 RIVERBEND,25 Ave at Port Imperial,On the left once you enter the garage,West New York,NJ,7093,,888-758-4389,E,,Public,24 hours daily,,,,,,1,,,ChargePoint Network,https://www.chargepoint.com,GPS,40.779675,-74.01007,8/26/2026,146953,2026-08-26 01:27:07 UTC,,,,10/13/2019,,,,,J1772,US,,,,Public,,public,,,,,,,,,,,,,,,,,,,,FALSE,,,,,,,,,FALSE,
ELEC,SALEM COUNTY SALEM COUNTY,895 Salem Woodstown Rd,VO Tech Parking lot,Woodstown,NJ,8098,,888-758-4389,E,,Public,24 hours daily,,,,,,2,,,ChargePoint Network,https://www.chargepoint.com,GPS,39.629543,-75.36565,8/26/2026,146987,2026-08-26 01:27:58 UTC,,,,10/16/2019,,,,,J1772,US,,,,Public,,public,,,,,,,,,,,,,,,,,,,,FALSE,,,,,,,,,FALSE,
ELEC,TIFFANY CHARGEPOINT 2,15 Sylvan Way,,Parsippany-Troy Hills,NJ,7054,,888-758-4389,E,,Public,24 hours daily,,,,,,2,,,ChargePoint Network,https://www.chargepoint.com,GPS,40.842269,-74.443385,8/26/2026,147019,2026-08-26 01:27:57 UTC,,,,10/17/2019,,,,,J1772,US,,,,Public,,public,,,,,,,,,,,,,,,,,,,,FALSE,,,,,,,,,FALSE,
ELEC,GC DPW GLOU CNTY DPW,1200 N Delsea Dr,Side of Public Works Building,Clayton,NJ,8312,,888-758-4389,E,,Public,24 hours daily,,,,,,2,,,ChargePoint Network,https://www.chargepoint.com,GPS,39.67707,-75.09824,8/26/2026,147050,2026-08-26 01:26:08 UTC,,,,10/18/2019,,,,,J1772,US,,,,Public,,public,,,,,,,,,,,,,,,,,,,,FALSE,,,,,,,,,FALSE,
ELEC,Holiday Inn (800-438-8687),283 State Route 17 South,,Hasbrouck Heights,NJ,7604,,888-998-2546,E,,Public,24 hours daily,,,,,,4,,,Blink Network,https://blinkcharging.com,GPS,40.8605497,-74.0672785,8/26/2026,148150,2026-08-26 00:23:53 UTC,,,,4/30/2015,,,,,J1772,US,,,,Public,,public,,,,,,,,,,$2.00-$5.00/Hr Variable Parking Fee,,,,,,,,,,FALSE,,,,,,,,,FALSE,
ELEC,Thomas Edison National Historical Park,211 Main St,,West Orange,NJ,7052,,888-998-2546,E,,Public,24 hours daily,,,,,,4,,,Blink Network,https://blinkcharging.com,GPS,40.7840653,-74.2340225,8/26/2026,148152,2026-08-26 00:13:57 UTC,,,,1/23/2017,,,,,J1772,US,,,,Public,,public,,,,,,,,,,FREE,,,,,,,,,,FALSE,,,,,Thomas Edison National Historical Park,,,,FALSE,
ELEC,Modera Lofts,350 Warren ST,,Jersey City,NJ,7302,,888-998-2546,E,,Public,24 hours daily,,,,,,2,,,Blink Network,https://blinkcharging.com,GPS,40.719871,-74.0381811,8/26/2026,148163,2026-08-26 00:26:35 UTC,,,,10/8/2016,,,,,J1772,US,,,,Public,,public,,,,,,,,,,FREE,,,,,,,,,,FALSE,,,,,,,,,FALSE,
ELEC,Energy Center Princeton LLC,3 Plainsboro Road,,Plainsboro,NJ,8536,,888-998-2546,E,,Public,24 hours daily,,,,,,2,,,Blink Network,https://blinkcharging.com,GPS,40.3397648,-74.6239834,8/26/2026,148176,2026-08-26 00:15:34 UTC,,,,9/13/2019,,,,,J1772,US,,,,Public,,public,,,,,,,,,,$1.00-$3.00/Hr Variable Parking Fee,,,,,,,,,,FALSE,,,,,,,,,FALSE,
ELEC,THE OAKS AT DEN STATION 1,19 Pocono Rd,Oakdale Parking Lot,Denville,NJ,7834,,888-758-4389,E,,Public,24 hours daily,,,,,,2,,,ChargePoint Network,https://www.chargepoint.com,GPS,40.89466,-74.46977,8/26/2026,149136,2026-08-26 01:29:17 UTC,,,,11/14/2019,,,,,J1772,US,,,,Public,,public,,,,,,,,,,,,,,,,,,,,FALSE,,,,,,,,,FALSE,
ELEC,SPARTA TOWNHALL STATION RD1,95 Station Rd,In parking lot adjacent to pond,Sparta,NJ,7871,,888-758-4389,E,,Public,24 hours daily,,,,,,2,,,ChargePoint Network,https://www.chargepoint.com,GPS,41.047607,-74.625496,8/26/2026,149251,2026-08-26 01:28:48 UTC,,,,11/19/2019,,,,,J1772,US,,,,Public,,public,,,,,,,,,,,,,,,,,,,,FALSE,,,,,,,,,FALSE,
ELEC,SPARTA TOWNHALL SPARTA TWP MUNI,65 Main St,Front of Municipal/Police Lot,Sparta,NJ,7871,,888-758-4389,E,,Public,24 hours daily,,,,,,2,,,ChargePoint Network,https://www.chargepoint.com,GPS,41.04064,-74.63106,8/26/2026,149252,2026-08-26 01:28:47 UTC,,,,11/19/2019,,,,,J1772,US,,,,Public,,public,,,,,,,,,,,,,,,,,,,,FALSE,,,,,,,,,FALSE,
ELEC,"Target T1085 (Cherry Hill, NJ)",2137 NJ-38,,Cherry Hill,NJ,8002,,833-632-2778,E,,Public,24 hours daily,,,,,,1,3,,Electrify America,https://www.electrifyamerica.com,GPS,39.93478,-75.02644,8/26/2026,149262,2026-08-26 03:38:35 UTC,,,,11/19/2019,,,,,J1772 J1772COMBO,US,,,,Public,,public,,,,,,,,,,,,,,,,,,,,FALSE,,,,,,,,,FALSE,
ELEC,APTMTS-SS HADDON ST1,225 Haddon Ave,,Haddon Township,NJ,8108,,888-758-4389,E,,Public,24 hours daily,,,,,,2,,,ChargePoint Network,https://www.chargepoint.com,GPS,39.90987,-75.046893,8/26/2026,149270,2026-08-26 01:29:36 UTC,,,,11/20/2019,,,,,J1772,US,,,,Public,,public,,,,,,,,,,,,,,,,,,,,FALSE,,,,,,,,,FALSE,
ELEC,"Barnegat, NJ - Tesla Supercharger",945 West Bay Avenue,,Barnegat,NJ,8005,,877-798-3752,E,,Public,24 hours daily. Open to Teslas only.,,,,,,,8,,Tesla,https://www.tesla.com/supercharger,200-9,39.759425,-74.25346,6/18/2026,149294,2026-06-18 14:46:21 UTC,P,,,5/22/2019,,,,,TESLA,US,,,,Public,,public,,,GAS_STATION,,,,,,,,,,,,,,,,,FALSE,,,,,,,,,FALSE,
ELEC,"Basking Ridge, NJ - Tesla Supercharger",415 King George Road,,Basking Ridge,NJ,7920,,877-798-3752,E,,Public,24 hours daily. Open to Teslas only.,,,,,,,8,,Tesla,https://www.tesla.com/supercharger,200-9,40.655373,-74.529917,6/18/2026,149295,2026-06-18 14:46:21 UTC,P,,,7/14/2019,,,,,TESLA,US,,,,Public,,public,,,SHOPPING_CENTER,,,,,,,,,,,,,,,,,FALSE,,,,,,,,,FALSE,
ELEC,"Cape May Court House, NJ - Tesla Supercharger",11 Court House South Dennis Road,,Cape May Court House,NJ,8210,,877-798-3752,E,,Public,24 hours daily. Open to Teslas only.,,,,,,,12,,Tesla,https://www.tesla.com/supercharger,GPS,39.088402,-74.821434,6/18/2026,149301,2026-06-18 14:46:21 UTC,P,,,7/26/2019,,,,,TESLA,US,,,,Public,,public,,,SHOPPING_CENTER,,,,,,,,,,,,,,,,,FALSE,,,,,,,,,FALSE,
ELEC,"East Brunswick, NJ - State Route 18 - Tesla Supercharger",755 State Route 18,,East Brunswick,NJ,8816,,877-798-3752,E,,Public,24 hours daily. Open to Teslas only.,,,,,,,16,,Tesla,https://www.tesla.com/supercharger,200-9,40.424093,-74.379929,6/18/2026,149306,2026-06-18 14:46:21 UTC,P,,,6/20/2019,,,,,TESLA,US,,,,Public,,public,,,SHOPPING_CENTER,,,,,,,,,,,,,,,,,FALSE,,,,,,,,,FALSE,
ELEC,"Marlton, NJ - Tesla Supercharger",500 NJ-73,,Marlton,NJ,8053,,877-798-3752,E,,Public,24 hours daily. Open to Teslas only.,,,,,,,12,,Tesla,https://www.tesla.com/supercharger,200-9,39.877499,-74.918496,6/18/2026,149327,2026-06-18 14:46:21 UTC,P,,,4/24/2019,,,,,TESLA,US,,,,Public,,public,,,SHOPPING_CENTER,,,,,,,,,,,,,,,,,FALSE,,,,,,,,,FALSE,
ELEC,"Robbinsville, NJ - Tesla Supercharger",315 Robbinsville-Allentown Road,,Robbinsville,NJ,8691,,877-798-3752,E,,Public,24 hours daily. Open to Teslas only.,,,,,,,8,,Tesla,https://www.tesla.com/supercharger,200-9,40.194075,-74.59544,6/18/2026,149351,2026-06-18 14:46:21 UTC,P,,,7/18/2019,,,,,TESLA,US,,,,Public,,public,,,GAS_STATION,,,,,,,,,,,,,,,,,FALSE,,,,,,,,,FALSE,
ELEC,Montclair Municipal Town Hall,205 Claremont Ave,Between Park St. and No. Fullerton Ave.,Montclair,NJ,7042,,973-508-4954,P,7/12/2026,PLANNED - not yet accessible (Public),9am-3pm public use; fleet and employee use at all other times,,,,,,2,,,Non-Networked,,200-9,40.817315,-74.215388,7/3/2025,149615,2026-02-02 23:16:24 UTC,LG,,,,,,,,J1772,US,,,,PRÉVU - pas encore accessible (Public),,public,,,MUNI_GOV,,,,,,,,,,,,,,,,,FALSE,,,,,,,,LD,TRUE,
ELEC,"South Toms River, NJ - Tesla Supercharger",379 Dover Road,,Toms River,NJ,8757,,877-798-3752,E,,Public,24 hours daily. Open to Teslas only.,,,,,,,8,,Tesla,https://www.tesla.com/supercharger,GPS,39.941835,-74.212371,6/18/2026,150233,2026-06-18 14:46:21 UTC,P,,,10/21/2019,,,,,TESLA,US,,,,Public,,public,,,GAS_STATION,,,,,,,,,,,,,,,,,FALSE,,,,,,,,,FALSE,
ELEC,Allure Home Creation,85 Fulton St,,Boonton,NJ,7005,,,E,,Private,,,,,,,1,,,Non-Networked,,200-9,40.912676,-74.392276,2/13/2023,150416,2023-02-14 15:54:11 UTC,P,,,12/12/2019,,,,,J1772,US,,,,Privé,,private,,,OFFICE_BLDG,,,,,,,,,,,,,,,,,,,,,,,,,LD,TRUE,
ELEC,Borough of Glen Rock,176 Rock Rd,,Glen Rock,NJ,7452,,,E,,Public,24 hours daily,,,,,,2,,,Non-Networked,,200-8,40.962481,-74.133391,11/6/2024,150419,2026-02-10 19:51:16 UTC,P,,,12/12/2019,,,,,J1772 TESLA,US,,,,Public,,public,,,MUNI_GOV,,,,,,,,,,,,,,,,,FALSE,,,,,,,,LD,FALSE,
ELEC,Career Opportunity Development,901 Atlantic Ave,,Egg Harbor City,NJ,8215,,,T,3/15/2022,TEMPORARILY UNAVAILABLE (Private),,,,,,,1,,,Non-Networked,,200-9,39.525179,-74.644999,1/10/2023,150427,2026-02-02 15:17:04 UTC,P,,,12/12/2019,,,,,J1772,US,,,,TEMPORAIREMENT SUSPENDU (Privé),,private,,,OFFICE_BLDG,,,,,,,,,,,,,,,,,,,,,,,,,LD,TRUE,
ELEC,Central United Methodist Church,5 Marvin Ave,,Linwood,NJ,8221,,,E,,Private,,,,,,,1,,,Non-Networked,,200-8,39.357783,-74.56111,1/10/2022,150428,2023-02-15 22:45:41 UTC,P,,,12/12/2019,,,,,J1772,US,,,,Privé,,private,,,PLACE_OF_WORSHIP,,,,,,,,,,,,,,,,,,,,,,,,,LD,TRUE,
ELEC,City of Ocean City,861 Asbury Ave,,Ocean City,NJ,8226,,,E,,Public,24 hours daily,APPLE_PAY CREDIT Debit,,,,,2,,,Non-Networked,,200-9,39.278858,-74.575798,10/11/2024,150429,2025-02-12 00:16:32 UTC,P,,,12/12/2019,,,,,J1772,US,,,,Public,,public,,,MUNI_GOV,,,,,,,"First 4 hours: $1.75 per hour, $3.50 per hour after 4 hours",,,,,,,,,,FALSE,,,,,,,,LD,TRUE,
ELEC,Hackensack University Medical Center,284 Atlantic St,,Hackensack,NJ,7601,,,E,,Public,During hospital hours,,,,,,27,,,Non-Networked,,200-9,40.884982,-74.055204,11/9/2023,150433,2025-12-03 17:21:21 UTC,P,,,12/12/2019,,,,,J1772 TESLA,US,,,,Public,,public,,,HOSPITAL,,,,,,,,,,,,,,,,,FALSE,,,,,,,,LD,TRUE,
ELEC,Hampton Inn Clinton,16 Frontage Dr,,Clinton,NJ,8809,,908-713-4800,E,,Public,24 hours daily; for guest use only; see front desk for access,,,,,,2,,,Non-Networked,,200-9,40.628918,-74.917559,10/13/2025,150434,2026-02-02 23:16:24 UTC,P,,,12/12/2019,,,,,J1772,US,,,,Public,,public,,,HOTEL,,,,,,,Free,,,,,,,,,,TRUE,,,,,,,,LD,FALSE,
ELEC,M&E Engineers,26 W High St,,Somerville,NJ,8876,,,E,,Private,24 hours daily,,,,,,2,,,Non-Networked,,200-9,40.570553,-74.612208,11/13/2025,150437,2026-02-02 23:16:24 UTC,P,,,12/1/2019,,,,,J1772,US,,,,Privé,,private,,,OFFICE_BLDG,,,,,,,,,,,,,,,,,,,,,,,,,LD,TRUE,
ELEC,Morris County Vocational School District,400 E Main St,,Denville,NJ,7834,,,E,,Private,For employee use only,,,,,,2,,,Non-Networked,,200-9,40.878626,-74.479131,11/9/2023,150438,2025-12-15 19:52:22 UTC,P,,,12/12/2019,,,,,J1772,US,,,,Privé,,private,,,SCHOOL,,,,,,,,,,,,,,,,,,,,,,,,,LD,TRUE,
ELEC,New Jersey City University,2039 Kennedy Blvd,,Jersey City,NJ,7305,,,E,,Private,"Faculty, staff, and student use only",,,,,,5,,,Non-Networked,,200-9,40.710309,-74.086912,1/10/2023,150439,2023-02-14 15:54:11 UTC,P,,,12/12/2019,,,,,J1772,US,,,,Privé,,private,,,COLLEGE_CAMPUS,,,,,,,,,,,,,,,,,,,,,,,,,LD,TRUE,
ELEC,Newton Inn,8 N Park Dr,,Newton,NJ,7860,,,T,10/23/2026,TEMPORARILY UNAVAILABLE (Private),24 hours daily; for guest use only; see front desk for access,,,,,,4,,,Non-Networked,,GPS,41.06840842,-74.747829,11/13/2025,150440,2026-02-02 23:16:24 UTC,P,,,12/12/2019,,,,,J1772,US,,,,TEMPORAIREMENT SUSPENDU (Privé),,private,,,HOTEL,,,,,,,Free,,,,,,,,,,,,,,,,,,LD,FALSE,
ELEC,Paramus Inn,50 NJ-17,,Paramus,NJ,7652,,,T,1/1/2026,TEMPORARILY UNAVAILABLE (Private),24 hours daily; for guest use only; see front desk for access,,,,,,4,,,Non-Networked,,200-8,40.923957,-74.071121,11/13/2025,150441,2026-02-02 23:16:24 UTC,P,,,12/12/2019,,,,,J1772,US,,,,TEMPORAIREMENT SUSPENDU (Privé),,private,,,HOTEL,,,,,,,Free,,,,,,,,,,,,,,,,,,LD,FALSE,
ELEC,PBA Engineering,12 Kulick Rd,,Fairfield,NJ,7004,,,E,,Private,,,,,,,3,,,Non-Networked,,200-9,40.87358,-74.297309,4/8/2020,150442,2023-02-15 22:45:41 UTC,P,,,12/12/2019,,,,,J1772,US,,,,Privé,,private,,,OFFICE_BLDG,,,,,,,,,,,,,,,,,,,,,,,,,,TRUE,
ELEC,Pinelands Preservation Alliance,17 Pemberton Rd,,Southampton,NJ,8088,,609-859-8860,E,,Public,Business hours,,,,,,2,,,Non-Networked,,200-9,39.940736,-74.745646,10/11/2024,150443,2025-02-12 00:16:32 UTC,P,,,12/12/2019,,,,,J1772,US,,,,Public,,public,,,PARK,,,,,,,Free,,,,,,,,,,FALSE,,,,,,,,MD,TRUE,
ELEC,Raritan Valley Community College - Hunterdon Hall,118 Lamington Rd,Chargers located on second level of parking garage,Branchburg,NJ,8876,,908-526-1200,E,,Public,24 hours daily,,,,,,4,,,Non-Networked,,GPS,40.60995567,-74.6868448,6/6/2025,150446,2026-02-02 23:16:24 UTC,P,,,12/12/2019,,,,,J1772,US,,,,Public,,public,,,COLLEGE_CAMPUS,,,,,,,$0.12 per kWh; $5.00 loitering fee per hour after vehicle is fully charged,,,,,,,,,,FALSE,,,,,,,,LD,FALSE,
ELEC,Rider University,2083 Lawrenceville Rd,,Lawrenceville,NJ,8648,,,E,,Private,24 hours daily; Reserved for rider community members,,,,,,12,,,Non-Networked,,200-8,40.278832,-74.732451,1/10/2023,150447,2023-02-14 15:54:11 UTC,P,,,12/12/2019,,,,,J1772,US,,,,Privé,,private,,,COLLEGE_CAMPUS,,,,,,,,,,,,,,,,,,,,,,,,,MD,TRUE,
ELEC,Shiseido America,366 Princeton Hightstown Rd,,East Windsor,NJ,8520,,,E,,Private,,,,,,,6,,,Non-Networked,,200-9,40.286808,-74.565415,1/10/2022,150449,2023-02-15 22:45:41 UTC,P,,,12/12/2019,,,,,J1772,US,,,,Privé,,private,,,OFFICE_BLDG,,,,,,,,,,,,,,,,,,,,,,,,,LD,TRUE,
ELEC,Stevens Institute of Technology,525 River St,,Hoboken,NJ,7030,,,E,,Private,For visitors and employees only,,,,,,5,,,Non-Networked,,200-8,40.742254,-74.02706,1/13/2025,150452,2025-02-12 00:16:32 UTC,P,,,12/12/2019,,,,,J1772,US,,,,Privé,,private,,,COLLEGE_CAMPUS,,,,,,,,,,,,,,,,,,,,,,,,,LD,TRUE,
ELEC,The College of New Jersey - Metzger Garage Lot 7,Metzger Dr,,Ewing,NJ,8638,,,E,,Private,,,,,,,5,,,Non-Networked,,GPS,40.26683159,-74.77973665,5/12/2025,150453,2026-02-02 23:16:24 UTC,P,,,12/12/2019,,,,,J1772,US,,,,Privé,,private,,,COLLEGE_CAMPUS,,,,,,,,,,,,,,,,,,,,,,,,,LD,TRUE,
ELEC,The Landis Sewerage Authority,1776 S Mill Rd,,Vineland,NJ,8360,,,E,,Private,,,,,,,2,,,Non-Networked,,200-9,39.45803,-75.061244,1/10/2022,150454,2023-02-15 22:45:41 UTC,P,,,12/12/2019,,,,,J1772,US,,,,Privé,,private,,,UTILITY,,,,,,,,,,,,,,,,,,,,,,,,,LD,TRUE,
ELEC,Wakefern Food Corp,5000 Riverside Dr,,Keasbey,NJ,8832,,,E,,Private,24 hours daily,,,,,,4,,,Non-Networked,,200-8,40.510417,-74.330828,10/11/2024,150458,2025-02-12 00:16:32 UTC,P,,,9/1/2017,,,,,J1772,US,,,,Privé,,private,,,FACTORY,,,,,,,,,,,,,,,,,,,,,,,,,LD,TRUE,
ELEC,Wick Companies,100 Woodbridge Center Dr,,Woodbridge,NJ,7095,,,E,,Private,For office building tenants and their employees cars,,,,,,1,,,Non-Networked,,200-8,40.552961,-74.299258,2/13/2023,150459,2023-02-14 15:54:11 UTC,P,,,12/12/2019,,,,,J1772,US,,,,Privé,,private,,,OFFICE_BLDG,,,,,,,,,,,,,,,,,,,,,,,,,LD,TRUE,
ELEC,101 Hudson-Littleman Parking - Tesla Destination,101 Hudson St,,Jersey City,NJ,7311,,877-798-3752,E,,Public,,,,,,,4,,,Tesla Destination,https://www.tesla.com/destination-charging,200-9,40.71585,-74.035362,7/1/2024,150536,2025-02-12 00:16:32 UTC,P,,,8/28/2019,,,,,TESLA,US,,,,Public,,public,,,,,,,,,,,,,,,,,,,,,,,,,,,,,FALSE,
ELEC,135 Greene-Littleman Parking - Tesla Destination,135 Greene St,,Jersey City,NJ,7311,,877-798-3752,E,,Public,,,,,,,4,,,Tesla Destination,https://www.tesla.com/destination-charging,200-9,40.717497,-74.03674,7/1/2024,150539,2025-02-12 00:16:32 UTC,P,,,8/28/2019,,,,,TESLA,US,,,,Public,,public,,,,,,,,,,,,,,,,,,,,,,,,,,,,,FALSE,
ELEC,Littleman Parking 129 Montgomery - Tesla Destination,129 Montgomery St,,Jersey City,NJ,7302,,877-798-3752,E,,Public,,,,,,,4,,,Tesla Destination,https://www.tesla.com/destination-charging,200-8,40.716989,-74.040043,7/1/2024,150565,2025-02-12 00:16:32 UTC,P,,,4/1/2019,,,,,TESLA,US,,,,Public,,public,,,,,,,,,,,,,,,,,,,,,,,,,,,,,FALSE,
ELEC,Littleman Parking 2 14th Street - Tesla Destination,2 14th St,,Hoboken,NJ,7030,,877-798-3752,E,,Public,,,,,,,4,,,Tesla Destination,https://www.tesla.com/destination-charging,200-8,40.75348,-74.024183,7/1/2024,150566,2025-02-12 00:16:32 UTC,P,,,3/31/2019,,,,,TESLA,US,,,,Public,,public,,,,,,,,,,,,,,,,,,,,,,,,,,,,,FALSE,
ELEC,Sylvan Parking 273 15th Street - Tesla Destination,273 15th St,,Jersey City,NJ,7310,,877-798-3752,E,,Public,,,,,,,4,,,Tesla Destination,https://www.tesla.com/destination-charging,200-8,40.732825,-74.045472,7/1/2024,150568,2025-02-12 00:16:32 UTC,P,,,3/31/2019,,,,,TESLA,US,,,,Public,,public,,,,,,,,,,,,,,,,,,,,,,,,,,,,,FALSE,
ELEC,Sylvan Parking 837 Jersey Avenue - Tesla Destination,837 Jersey Ave,,Jersey City,NJ,7310,,877-798-3752,E,,Public,,,,,,,4,,,Tesla Destination,https://www.tesla.com/destination-charging,200-9,40.734819,-74.045186,7/1/2024,150569,2025-02-12 00:16:32 UTC,P,,,3/31/2019,,,,,TESLA,US,,,,Public,,public,,,,,,,,,,,,,,,,,,,,,,,,,,,,,FALSE,
ELEC,"Boonton, NJ - Tesla Supercharger",550 Myrtle Avenue,,Boonton,NJ,7005,,877-798-3752,E,,Public,24 hours daily. Open to Teslas only.,,,,,,,10,,Tesla,https://www.tesla.com/supercharger,GPS,40.907589,-74.397608,6/18/2026,150819,2026-06-18 14:46:21 UTC,P,,,12/13/2019,,,,,TESLA,US,,,,Public,,public,,,SHOPPING_CENTER,,,,,,,,,,,,,,,,,FALSE,,,,,,,,,FALSE,
ELEC,BARCLAY-SQUARE 1900 BARCLAY ST,1900 Barclay Blvd,,Princeton,NJ,8540,,888-758-4389,E,,Public,24 hours daily,,,,,,2,,,ChargePoint Network,https://www.chargepoint.com,GPS,40.360482,-74.619422,8/26/2026,152318,2026-08-26 01:31:30 UTC,,,,1/9/2020,,,,,J1772,US,,,,Public,,public,,,,,,,,,,,,,,,,,,,,FALSE,,,,,,,,,FALSE,
ELEC,"Walmart 5447 (Kearny, NJ)",150 Harrison Ave,,Kearny,NJ,7032,,833-632-2778,E,,Public,24 hours daily,,,,,,1,3,,Electrify America,https://www.electrifyamerica.com,GPS,40.74863,-74.13629,8/26/2026,152423,2026-08-26 03:38:35 UTC,,,,1/14/2020,,,,,J1772 J1772COMBO,US,,,,Public,,public,,,,,,,,,,,,,,,,,,,,FALSE,,,,,,,,,FALSE,
ELEC,RHA FAIRVIEW FARM,2121 Larger Cross Rd N,,Bedminster,NJ,7921,,888-758-4389,E,,Public,24 hours daily,,,,,,2,,,ChargePoint Network,https://www.chargepoint.com,GPS,40.70309,-74.700236,8/26/2026,152459,2026-08-26 01:31:36 UTC,,,,1/16/2020,,,,,J1772,US,,,,Public,,public,,,,,,,,,,,,,,,,,,,,FALSE,,,,,,,,,FALSE,
ELEC,BT TOWN HALL BERNARDS TWP1,1 Collyer Ln,In front of Municipal Building,Basking Ridge,NJ,7920,,888-758-4389,E,,Public,24 hours daily,,,,,,2,,,ChargePoint Network,https://www.chargepoint.com,GPS,40.697132,-74.546585,8/26/2026,152487,2026-08-26 01:31:45 UTC,,,,1/17/2020,,,,,J1772,US,,,,Public,,public,,,,,,,,,,,,,,,,,,,,FALSE,,,,,,,,,FALSE,
ELEC,MKA M.S. CAMPUS,201 Valley Rd,Parking Lot,Montclair,NJ,7042,,888-758-4389,E,,Public,24 hours daily,,,,,,2,,,ChargePoint Network,https://www.chargepoint.com,GPS,40.827281,-74.216416,8/26/2026,153047,2026-08-26 01:32:11 UTC,,,,1/25/2020,,,,,J1772,US,,,,Public,,public,,,,,,,,,,,,,,,,,,,,FALSE,,,,,,,,,FALSE,
ELEC,MKA U.S. CAMPUS,6 Lloyd Rd,"Parking Lot ,Rear of building",Montclair,NJ,7042,,888-758-4389,E,,Public,24 hours daily,,,,,,2,,,ChargePoint Network,https://www.chargepoint.com,GPS,40.821591,-74.227514,8/26/2026,153053,2026-08-26 01:31:13 UTC,,,,1/25/2020,,,,,J1772,US,,,,Public,,public,,,,,,,,,,,,,,,,,,,,FALSE,,,,,,,,,FALSE,
ELEC,EASTAMPTON EASTAMPTON ST1,12000 Hamilton Way,,Eastampton Township,NJ,8060,,888-758-4389,E,,Public,24 hours daily,,,,,,2,,,ChargePoint Network,https://www.chargepoint.com,GPS,40.006578,-74.767954,8/26/2026,153143,2026-08-26 01:32:20 UTC,,,,1/30/2020,,,,,J1772,US,,,,Public,,public,,,,,,,,,,,,,,,,,,,,FALSE,,,,,,,,,FALSE,
ELEC,"Walmart 4456 (Somerdale, NJ)",1 Coopertowne Blvd,,Somerdale,NJ,8083,,833-632-2778,E,,Public,24 hours daily,,,,,,,8,,Electrify America,https://www.electrifyamerica.com,GPS,39.8541,-75.02287,8/26/2026,153204,2026-08-26 03:41:07 UTC,,,,1/31/2020,,,,,J1772COMBO,US,,,,Public,,public,,,,,,,,,,,,,,,,,,,,FALSE,,,,,,,,,FALSE,
ELEC,MKA P.S. CAMPUS,224 Orange Rd,Parking Lot,Montclair,NJ,7042,,888-758-4389,E,,Public,24 hours daily,,,,,,2,,,ChargePoint Network,https://www.chargepoint.com,GPS,40.804429,-74.22074,8/26/2026,153227,2026-08-26 01:32:12 UTC,,,,2/1/2020,,,,,J1772,US,,,,Public,,public,,,,,,,,,,,,,,,,,,,,FALSE,,,,,,,,,FALSE,
ELEC,BRIDGEWATER TWP STATION 2,1 Vogt Dr,,Bridgewater Township,NJ,8807,,888-758-4389,E,,Public,24 hours daily,,,,,,2,,,ChargePoint Network,https://www.chargepoint.com,GPS,40.58798,-74.60765,8/26/2026,153229,2026-08-26 01:32:04 UTC,,,,2/1/2020,,,,,J1772,US,,,,Public,,public,,,,,,,,,,,,,,,,,,,,FALSE,,,,,,,,,FALSE,
ELEC,CONNELL PARK STATION 1,250 Connell Dr,,Berkeley Heights,NJ,7922,,888-758-4389,E,,Public,24 hours daily,,,,,,2,,,ChargePoint Network,https://www.chargepoint.com,GPS,40.662554,-74.416264,8/26/2026,153235,2026-08-26 01:14:57 UTC,,,,2/1/2020,,,,,J1772,US,,,,Public,,public,,,,,,,,,,,,,,,,,,,,FALSE,,,,,,,,,FALSE,
ELEC,"Target T1175 (Fairfield, NJ)",632 US-46 E,,Fairfield,NJ,7004,,833-632-2778,E,,Public,24 hours daily,,,,,,1,3,,Electrify America,https://www.electrifyamerica.com,GPS,40.88975,-74.26989,8/26/2026,153239,2026-08-26 03:38:09 UTC,,,,2/1/2020,,,,,J1772 J1772COMBO,US,,,,Public,,public,,,,,,,,,,,,,,,,,,,,FALSE,,,,,,,,,FALSE,
ELEC,MONTVALE DEV WEGMANS,300 W Grand Ave,,Montvale,NJ,7645,,888-758-4389,E,,Public,24 hours daily,,,,,,2,,,ChargePoint Network,https://www.chargepoint.com,GPS,41.049171,-74.060106,8/26/2026,153600,2026-08-26 01:09:52 UTC,,,,2/11/2020,,,,,J1772,US,,,,Public,,public,,,,,,,,,,,,,,,,,,,,FALSE,,,,,,,,,FALSE,
ELEC,JLR PARSIPPANY STATION 01,220 Route 46 West,,Parsippany-Troy Hills,NJ,7054,,888-758-4389,E,,Public,24 hours daily,,,,,,2,,,ChargePoint Network,https://www.chargepoint.com,GPS,40.858585,-74.35517,8/26/2026,154044,2026-08-26 01:29:56 UTC,,,,2/27/2020,,,,,J1772,US,,,,Public,,public,,,,,,,,,,,,,,,,,,,,FALSE,,,,,,,,,FALSE,
ELEC,TOWNPLACE SUITE STATION 1,1638 NJ-31,Hotel Guests Only,Clinton,NJ,8809,,888-758-4389,E,,Public,24 hours daily,,,,,,2,,,ChargePoint Network,https://www.chargepoint.com,GPS,40.643956,-74.907453,8/26/2026,154045,2026-08-26 01:29:45 UTC,,,,2/27/2020,,,,,J1772,US,,,,Public,,public,,,,,,,,,,,,,,,,,,,,FALSE,,,,,,,,,FALSE,
ELEC,BRIDGEWATER TWP STATION 1,100 Commons Way,,Bridgewater Township,NJ,8807,,888-758-4389,E,,Public,24 hours daily,,,,,,2,,,ChargePoint Network,https://www.chargepoint.com,GPS,40.591714,-74.625642,8/26/2026,154046,2026-08-26 01:29:35 UTC,,,,2/27/2020,,,,,J1772,US,,,,Public,,public,,,,,,,,,,,,,,,,,,,,FALSE,,,,,,,,,FALSE,
ELEC,"Maple Shade, NJ - Tesla Supercharger",2801 Route 73,,Maple Shade,NJ,8052,,877-798-3752,E,,Public,24 hours daily. NACS partner enabled.,,,,,,,8,,Tesla,https://www.tesla.com/supercharger,GPS,39.937441,-74.970365,6/18/2026,154201,2026-06-18 14:46:21 UTC,P,,,2/21/2020,,,,,TESLA,US,,,,Public,,public,,,GAS_STATION,,,,,,,,,,,,,,,,,FALSE,,,,,,,,,FALSE,
ELEC,ESSEX COUNTY #1,16-84 W Market St,Employees Only,Newark,NJ,7102,,888-758-4389,E,,Public,24 hours daily,,,,,,2,,,ChargePoint Network,https://www.chargepoint.com,GPS,40.738875,-74.180405,8/26/2026,154275,2026-08-26 01:33:27 UTC,,,,3/4/2020,,,,,J1772,US,,,,Public,,public,,,,,,,,,,,,,,,,,,,,FALSE,,,,,,,,,FALSE,
ELEC,MB OF NEWTON OUTSIDE 2,92 Hampton House Rd,North side of building,Newton,NJ,7860,,888-758-4389,E,,Public,24 hours daily,,,,,,2,,,ChargePoint Network,https://www.chargepoint.com,GPS,41.088022,-74.73016,8/26/2026,154368,2026-08-26 01:33:41 UTC,,,,3/7/2020,,,,,J1772,US,,,,Public,,public,,,,,,,,,,,,,,,,,,,,FALSE,,,,,,,,,FALSE,
ELEC,PANYNJ JSTC STATION 1,3 Journal Square Plaza PATH-JSTC,,Jersey City,NJ,7306,,888-758-4389,E,,Public,24 hours daily,,,,,,2,,,ChargePoint Network,https://www.chargepoint.com,GPS,40.732185,-74.062432,8/26/2026,154582,2026-08-26 01:18:11 UTC,,,,3/20/2020,,,,,J1772,US,,,,Public,,public,,,,,,,,,,,,,,,,,,,,FALSE,,,,,,,,,FALSE,
ELEC,MUNICIPAL LOT 2 MUNI LOT 2 ST1,"1 Jean walling, Civic Center Lot 3",Police municipal court building,East Brunswick,NJ,8816,,888-758-4389,E,,Public,24 hours daily,,,,,,2,,,ChargePoint Network,https://www.chargepoint.com,GPS,40.41666,-74.41871,8/26/2026,154701,2026-08-26 01:34:20 UTC,,,,3/25/2020,,,,,J1772,US,,,,Public,,public,,,,,,,,,,,,,,,,,,,,FALSE,,,,,,,,,FALSE,
ELEC,CG MUNICIPAL CG TOWN HALL,525 Pompton Ave,Directly in front of Cedar Grove Town Hall main entrance,Cedar Grove,NJ,7009,,888-758-4389,E,,Public,24 hours daily,,,,,,2,,,ChargePoint Network,https://www.chargepoint.com,GPS,40.851303,-74.2286,8/26/2026,154702,2026-08-26 01:34:19 UTC,,,,3/25/2020,,,,,J1772,US,,,,Public,,public,,,,,,,,,,,,,,,,,,,,FALSE,,,,,,,,,FALSE,
ELEC,DEFOREST CHARGE DEFOREST AVE1,40 Deforest Ave,Located in Summit Lot 1,Summit,NJ,7901,,888-758-4389,E,,Public,24 hours daily,,,,,,2,,,ChargePoint Network,https://www.chargepoint.com,GPS,40.718838,-74.35955,8/26/2026,154703,2026-08-26 01:31:16 UTC,,,,3/25/2020,,,,,J1772,US,,,,Public,,public,,,,,,,,,,,,,,,,,,,,FALSE,,,,,,,,,FALSE,
ELEC,CREST OFFICE KELLER WILLIAM,5501 New Jersey Ave,,Wildwood Crest,NJ,8260,,888-758-4389,E,,Public,24 hours daily,,,,,,2,,,ChargePoint Network,https://www.chargepoint.com,GPS,38.980838,-74.82853,8/26/2026,154815,2026-08-26 01:34:33 UTC,,,,3/28/2020,,,,,J1772,US,,,,Public,,public,,,,,,,,,,,,,,,,,,,,FALSE,,,,,,,,,FALSE,
ELEC,JERSEYCITY ANNEX KEARNEY,1 Jackson Square,Kearney Ave street parking by Health Clinic side,Jersey City,NJ,7305,,888-758-4389,E,,Public,24 hours daily,,,,,,2,,,ChargePoint Network,https://www.chargepoint.com,GPS,40.710438,-74.07823,8/26/2026,155320,2026-08-26 01:33:39 UTC,,,,4/11/2020,,,,,J1772,US,,,,Public,,public,,,,,,,,,,,,,,,,,,,,FALSE,,,,,,,,,FALSE,
ELEC,IMPERIALHOUSE IMPERIALHOUSE,787 Ocean Ave,Imperial House Condominiums,Long Branch,NJ,7740,,888-758-4389,E,,Public,24 hours daily,,,,,,2,,,ChargePoint Network,https://www.chargepoint.com,GPS,40.277546,-73.98467,8/26/2026,155491,2026-08-26 01:34:51 UTC,,,,4/22/2020,,,,,J1772,US,,,,Public,,public,,,,,,,,,,,,,,,,,,,,FALSE,,,,,,,,,FALSE,
ELEC,BLOOMFIELD GLENWOOD ST 3,304 Glenwood Ave,Glenwood garage ground level,Bloomfield,NJ,7003,,888-758-4389,E,,Public,24 hours daily,,,,,,1,,,ChargePoint Network,https://www.chargepoint.com,GPS,40.793087,-74.19871,8/26/2026,156077,2026-08-26 01:35:18 UTC,,,,5/6/2020,,,,,J1772,US,,,,Public,,public,,,,,,,,,,,,,,,,,,,,FALSE,,,,,,,,,FALSE,
ELEC,BLOOMFIELD GLENWOOD ST 1,300 Glenwood ave 68 Washington st,Glenwood parking garage ground floor,Bloomfield,NJ,7003,,888-758-4389,E,,Public,24 hours daily,,,,,,1,,,ChargePoint Network,https://www.chargepoint.com,GPS,40.79301,-74.198906,8/26/2026,156078,2026-08-26 01:35:11 UTC,,,,5/6/2020,,,,,J1772,US,,,,Public,,public,,,,,,,,,,,,,,,,,,,,FALSE,,,,,,,,,FALSE,
ELEC,BLOOMFIELD GLENWOOD ST 2,304 Glenwood Ave 68 Washington st,Glenwood parking garage ground floor,Bloomfield,NJ,7003,,888-758-4389,E,,Public,24 hours daily,,,,,,1,,,ChargePoint Network,https://www.chargepoint.com,GPS,40.792942,-74.198814,8/26/2026,156079,2026-08-26 01:35:11 UTC,,,,5/6/2020,,,,,J1772,US,,,,Public,,public,,,,,,,,,,,,,,,,,,,,FALSE,,,,,,,,,FALSE,
ELEC,Rutgers University - CAIT,100 Brett Rd,,Piscataway,NJ,8854,,848-445-0579,E,,Public,24 hours daily; Rutgers University parking permit required,,,,,,2,,,Non-Networked,,GPS,40.522336,-74.459385,2/13/2023,156252,2025-12-03 17:36:34 UTC,P,,,5/8/2020,,,,,J1772,US,,,,Public,,public,,,COLLEGE_CAMPUS,,,,,,,,,,,,,,,,,TRUE,,,,,,,,LD,FALSE,
ELEC,ESSEX COUNTY ENVIRO CEN ST 1,621 Eagle Rock Ave,,Roseland,NJ,7068,,888-758-4389,E,,Public,24 hours daily,,,,,,2,,,ChargePoint Network,https://www.chargepoint.com,GPS,40.825764,-74.33314,8/26/2026,158242,2026-08-26 01:36:13 UTC,,,,5/30/2020,,,,,J1772,US,,,,Public,,public,,,,,,,,,,,,,,,,,,,,FALSE,,,,,,,,,FALSE,
ELEC,"Freehold, NJ - Tesla Supercharger",909 Route 33,,Freehold,NJ,7728,,877-798-3752,E,,Public,24 hours daily. NACS partner enabled.,,,,,,,8,,Tesla,https://www.tesla.com/supercharger,GPS,40.238583,-74.227679,6/18/2026,163875,2026-06-18 14:46:21 UTC,P,,,6/23/2020,,,,,TESLA,US,,,,Public,,public,,,GAS_STATION,,,,,,,,,,,,,,,,,FALSE,,,,,,,,,FALSE,
ELEC,Madison Recreational Center (MRC #1 and #2),184 Ridgedale Avenue,,Madison,NJ,7940,,888-998-2546,E,,Public,24 hours daily,,,,,,2,,,Blink Network,https://blinkcharging.com,GPS,40.7728146,-74.41033581,8/26/2026,164140,2026-08-26 00:45:33 UTC,,,,3/27/2020,,,,,J1772,US,,,,Public,,public,,,,,,,,,,$1.00-$25.00/Hr Variable Parking Fee,,,,,,,,,,FALSE,,,,,,,,,FALSE,
ELEC,LAWRENCE TWP TOWN HALL PS 1,2207 Lawrenceville Rd,"Located on North Side Parking lot, underneath Solar canopy",Lawrence Township,NJ,8648,,888-758-4389,E,,Public,24 hours daily,,,,,,2,,,ChargePoint Network,https://www.chargepoint.com,GPS,40.283215,-74.73337,8/26/2026,164388,2026-08-26 01:37:51 UTC,,,,7/21/2020,,,,,J1772,US,,,,Public,,public,,,,,,,,,,,,,,,,,,,,FALSE,,,,,,,,,FALSE,
ELEC,Simon Mills at Jersey Gardens (Elizabeth NJ),651 Kapkowski Road,,Elizabeth,NJ,7201,,833-632-2778,E,,Public,24 hours daily,,,,,,,10,,Electrify America,https://www.electrifyamerica.com,GPS,40.66244,-74.17328,8/26/2026,164538,2026-08-26 03:39:07 UTC,,,,7/25/2020,,,,,J1772COMBO,US,,,,Public,,public,,,,,,,,,,,,,,,,,,,,FALSE,,,,,,,,,FALSE,
ELEC,"Deptford, NJ - Tesla Supercharger",1750 Deptford Center Road,,Deptford,NJ,8096,,877-798-3752,E,,Public,24 hours daily. Open to Teslas only.,,,,,,,12,,Tesla,https://www.tesla.com/supercharger,GPS,39.833489,-75.097913,6/18/2026,165118,2026-06-18 14:46:21 UTC,P,,,6/26/2020,,,,,TESLA,US,,,,Public,,public,,,SHOPPING_CENTER,,,,,,,,,,,,,,,,,FALSE,,,,,,,,,FALSE,
ELEC,"Springfield, NJ - Cleveland Place - Tesla Supercharger",2017 Cleveland Place,,Springfield,NJ,7081,,877-798-3752,E,,Public,24 hours daily. NACS partner enabled.,,,,,,,8,,Tesla,https://www.tesla.com/supercharger,GPS,40.717702,-74.329221,6/18/2026,165119,2026-06-18 14:46:21 UTC,P,,,6/26/2020,,,,,TESLA,US,,,,Public,,public,,,GAS_STATION,,,,,,,,,,,,,,,,,FALSE,,,,,,,,,FALSE,
ELEC,"Target T1822 (Clifton, NJ)",30 Kingsland Rd,,Clifton,NJ,7014,,833-632-2778,E,,Public,24 hours daily,,,,,,,6,,Electrify America,https://www.electrifyamerica.com,GPS,40.82427,-74.13632,8/26/2026,165410,2026-08-26 03:38:44 UTC,,,,8/24/2020,,,,,J1772COMBO,US,,,,Public,,public,,,,,,,,,,,,,,,,,,,,FALSE,,,,,,,,,FALSE,
ELEC,Appel Farm Arts & Music Campus,457 Shirley Road,,Elmer,NJ,8318,,888-998-2546,E,,Public,24 hours daily,,,,,,2,,,Blink Network,https://blinkcharging.com,GPS,39.579248,-75.199678,8/26/2026,165472,2026-08-26 00:45:50 UTC,,,,1/28/2020,,,,,J1772,US,,,,Public,,public,,,,,,,,,,$1.50/Hr Parking Fee,,,,,,,,,,FALSE,,,,,,,,,FALSE,
ELEC,"Elizabeth, NJ - Tesla Supercharger",651 Kapkowski Road,,Elizabeth,NJ,7201,,877-798-3752,E,,Public,24 hours daily. Open to Teslas only.,,,,,,,16,,Tesla,https://www.tesla.com/supercharger,GPS,40.662822,-74.17355,6/18/2026,165578,2026-06-18 14:46:21 UTC,P,,,6/26/2020,,,,,TESLA,US,,,,Public,,public,,,SHOPPING_CENTER,,,,,,,,,,,,,,,,,FALSE,,,,,,,,,FALSE,
ELEC,MARINERS TOWER STATION ONE,100 Tower Dr,Rear parking lot space 106/107,Edgewater,NJ,7020,,888-758-4389,E,,Public,24 hours daily,,,,,,2,,,ChargePoint Network,https://www.chargepoint.com,GPS,40.827263,-73.97226,8/26/2026,165858,2026-08-26 01:39:32 UTC,,,,9/3/2020,,,,,J1772,US,,,,Public,,public,,,,,,,,,,,,,,,,,,,,FALSE,,,,,,,,,FALSE,
ELEC,FRONT SHOWROOM LUCAS FORD PS,900 US-130,Lucas ford dealership,Burlington,NJ,8016,,888-758-4389,E,,Public,24 hours daily,,,,,,2,,,ChargePoint Network,https://www.chargepoint.com,GPS,40.07963,-74.840355,8/26/2026,166203,2026-08-26 01:38:25 UTC,,,,9/4/2020,,,,,J1772,US,,,,Public,,public,,,,,,,,,,,,,,,,,,,,FALSE,,,,,,,,,FALSE,
ELEC,Township of Bloomfield - Municipal Lot,499 Bloomfield Ave,,Bloomfield,NJ,7003,,866-816-7584,E,,Public,24 hours daily,,,,,,6,,,EV Connect,https://www.evconnect.com,GPS,40.791094,-74.195825,8/26/2026,166678,2026-08-26 03:49:13 UTC,,,,2/19/2020,,,,,J1772,US,,,,Public,,public,,,,,,,,,,,,,,,,,,,,FALSE,,,,,,,,,FALSE,
ELEC,Community Center,1167 River Road,,Edgewater,NJ,7020,,866-816-7584,T,6/4/2026,TEMPORARILY UNAVAILABLE (Public),24 hours daily,,,,,,6,,,EV Connect,https://www.evconnect.com,GPS,40.834258,-73.970772,8/26/2026,166679,2026-08-26 03:49:17 UTC,,,,1/31/2019,,,,,J1772,US,,,,TEMPORAIREMENT SUSPENDU (Public),,public,,,,,,,,,,,,,,,,,,,,FALSE,,,,,,,,,FALSE,
ELEC,Old River Road,281 Old River Road,,Edgewater,NJ,7020,,866-816-7584,E,,Public,24 hours daily,,,,,,6,,,EV Connect,https://www.evconnect.com,GPS,40.80987,-73.990013,8/26/2026,166680,2026-08-26 03:49:12 UTC,,,,1/20/2019,,,,,J1772,US,,,,Public,,public,,,,,,,,,,,,,,,,,,,,FALSE,,,,,,,,,FALSE,
ELEC,VERONA TOWNSHIP MUNI COURT ST1,880 Bloomfield Ave,On Linn Dr Side of Building,Verona,NJ,7044,,888-758-4389,E,,Public,24 hours daily,,,,,,2,,,ChargePoint Network,https://www.chargepoint.com,GPS,40.835106,-74.25626,8/26/2026,166897,2026-08-26 01:40:01 UTC,,,,9/17/2020,,,,,J1772,US,,,,Public,,public,,,,,,,,,,,,,,,,,,,,FALSE,,,,,,,,,FALSE,
ELEC,RED BANK ENGLISH PLAZA 1,100 English Plaza,Parking Structure,Red Bank,NJ,7701,,888-758-4389,E,,Public,24 hours daily,,,,,,2,,,ChargePoint Network,https://www.chargepoint.com,GPS,40.350727,-74.066569,8/26/2026,166920,2026-08-26 01:39:54 UTC,,,,9/18/2020,,,,,J1772,US,,,,Public,,public,,,,,,,,,,,,,,,,,,,,FALSE,,,,,,,,,FALSE,
ELEC,JERSEYCITY FULTON AVE LOT2,207 Fulton Ave,MLK AVE/FULTON AVE Parking Lot,Jersey City,NJ,7305,,888-758-4389,E,,Public,24 hours daily,,,,,,2,,,ChargePoint Network,https://www.chargepoint.com,GPS,40.704683,-74.087169,8/26/2026,166984,2026-08-26 01:40:03 UTC,,,,9/22/2020,,,,,J1772,US,,,,Public,,public,,,,,,,,,,,,,,,,,,,,FALSE,,,,,,,,,FALSE,
ELEC,"Walmart 3078 (East Brunswick, NJ)",290 NJ-18,,East Brunswick,NJ,8816,,833-632-2778,E,,Public,24 hours daily,,,,,,,10,,Electrify America,https://www.electrifyamerica.com,GPS,40.45732,-74.39923,8/26/2026,167237,2026-08-26 03:41:38 UTC,,,,10/2/2020,,,,,J1772COMBO,US,,,,Public,,public,,,,,,,,,,,,,,,,,,,,FALSE,,,,,,,,,FALSE,
ELEC,"Walmart 3520 (Secaucus, NJ)",400 Park Plaza Dr.,,Secaucus,NJ,7094,,833-632-2778,E,,Public,24 hours daily,,,,,,1,3,,Electrify America,https://www.electrifyamerica.com,GPS,40.79215,-74.04193,8/26/2026,167270,2026-08-26 03:38:31 UTC,,,,10/3/2020,,,,,J1772 J1772COMBO,US,,,,Public,,public,,,,,,,,,,,,,,,,,,,,FALSE,,,,,,,,,FALSE,
ELEC,ORADELL DPW ORADELL LIB ST2,Oradell Ave at Kinderkamack Rd,Located on North Side of Library Parking Lot,Oradell,NJ,7649,,888-758-4389,E,,Public,24 hours daily,,,,,,2,,,ChargePoint Network,https://www.chargepoint.com,GPS,40.954308,-74.03256,8/26/2026,167861,2026-08-26 01:41:20 UTC,,,,10/27/2020,,,,,J1772,US,,,,Public,,public,,,,,,,,,,,,,,,,,,,,FALSE,,,,,,,,,FALSE,
ELEC,Madison Community Pool,105 Rosedale Ave.,,Madison,NJ,7940,,888-998-2546,E,,Public,24 hours daily,,,,,,2,,,Blink Network,https://blinkcharging.com,GPS,40.76038546,-74.39845776,8/26/2026,168096,2026-08-26 00:47:20 UTC,,,,3/26/2020,,,,,J1772,US,,,,Public,,public,,,,,,,,,,$1.00-$25.00/Hr Variable Parking Fee,,,,,,,,,,FALSE,,,,,,,,,FALSE,
ELEC,"Target T1224 (Bridgewater, NJ)",119 Promenade Blvd,,Bridgewater,NJ,8807,,833-632-2778,E,,Public,24 hours daily,,,,,,1,3,,Electrify America,https://www.electrifyamerica.com,GPS,40.56189,-74.5537,8/26/2026,168270,2026-08-26 03:38:33 UTC,,,,11/11/2020,,,,,J1772 J1772COMBO,US,,,,Public,,public,,,,,,,,,,,,,,,,,,,,FALSE,,,,,,,,,FALSE,
ELEC,Fort Lee Parking Authority,231 Main St,,Fort Lee,NJ,7024,,,E,,Private - Credit card at all times,24 hours daily; Also accepts PayPal and Apple Pay,A D M V,,,,,2,,,EV Connect,https://www.evconnect.com,GPS,40.85181,-73.971475,12/3/2020,168461,2021-03-11 23:22:17 UTC,LG,,,7/17/2020,,,,,J1772,US,,,,Privé - Carte de crédit en tout temps,,private,CREDIT_CARD_ALWAYS,,MUNI_GOV,,,,,,,,,,,,,,,,,,,,,,,,,,FALSE,
ELEC,BOROUGHOFPARAMU PARAMUS PUB ST2,1 W Jockish Square,Located in Court Parking Lot,Paramus,NJ,7652,,888-758-4389,E,,Public,24 hours daily,,,,,,2,,,ChargePoint Network,https://www.chargepoint.com,GPS,40.92613,-74.069482,8/26/2026,168474,2026-08-26 01:41:55 UTC,,,,11/14/2020,,,,,J1772,US,,,,Public,,public,,,,,,,,,,,,,,,,,,,,FALSE,,,,,,,,,FALSE,
ELEC,"Plaza 23 Station (Pompton Plains, NJ)",500 Route 23 North,,Pompton Plains,NJ,7444,,833-632-2778,E,,Public,24 hours daily,,,,,,1,3,,Electrify America,https://www.electrifyamerica.com,GPS,40.96871,-74.28473,8/26/2026,168486,2026-08-26 03:41:11 UTC,,,,11/14/2020,,,,,CHADEMO J1772 J1772COMBO,US,,,,Public,,public,,,,,,,,,,,,,,,,,,,,FALSE,,,,,,,,,FALSE,
ELEC,23 Vreeland - Tesla Destination,23 Vreeland Road,,Florham Park,NJ,7932,,877-798-3752,E,,Private,,,,,,,3,,,Tesla Destination,https://www.tesla.com/destination-charging,200-9,40.786298,-74.369107,7/1/2024,168544,2025-02-12 00:16:32 UTC,P,,,11/3/2020,,,,,J1772 TESLA,US,,,,Privé,,private,,,,,,,,,,,,,,,,,,,,,,,,,,,,,FALSE,
ELEC,Ammon Analytical Labs - Tesla Destination,60 Washington St,,Clark,NJ,7066,,877-798-3752,E,,Private,,,,,,,2,,,Tesla Destination,https://www.tesla.com/destination-charging,200-8,40.618693,-74.298162,7/1/2024,168576,2025-02-12 00:16:32 UTC,P,,,11/3/2020,,,,,TESLA,US,,,,Privé,,private,,,,,,,,,,,,,,,,,,,,,,,,,,,,,FALSE,
ELEC,"Amy S. Greene Environmental Consultants, Inc. - Tesla Destination",4 Green Hills Drive,,Flemington,NJ,8822,,877-798-3752,E,,Private,,,,,,,2,,,Tesla Destination,https://www.tesla.com/destination-charging,200-9,40.522348,-74.857097,7/1/2024,168577,2025-02-12 00:16:32 UTC,P,,,11/3/2020,,,,,TESLA,US,,,,Privé,,private,,,,,,,,,,,,,,,,,,,,,,,,,,,,,FALSE,
ELEC,Becton Dickinson & Co. - Tesla Destination,1 Becton Dr,,Franklin Lakes,NJ,7417,,877-798-3752,E,,Private,,,,,,,4,,,Tesla Destination,https://www.tesla.com/destination-charging,200-9,41.015519,-74.207557,7/1/2024,168613,2025-02-12 00:16:32 UTC,P,,,11/3/2020,,,,,TESLA,US,,,,Privé,,private,,,,,,,,,,,,,,,,,,,,,,,,,,,,,FALSE,
ELEC,Dow Jones Office Park - Tesla Destination,4300 Route 1 N,,Monmouth Junction,NJ,8852,,877-798-3752,E,,Private,,,,,,,4,,,Tesla Destination,https://www.tesla.com/destination-charging,200-8,40.369521,-74.586449,7/1/2024,168742,2025-02-12 00:16:32 UTC,P,,,11/3/2020,,,,,TESLA,US,,,,Privé,,private,,,,,,,,,,,,,,,,,,,,,,,,,,,,,FALSE,
ELEC,Equinix - Tesla Destination,755 Secaucus Rd,,Secaucus,NJ,7094,,877-798-3752,E,,Private,,,,,,,2,,,Tesla Destination,https://www.tesla.com/destination-charging,200-9,40.7773,-74.069557,7/1/2024,168760,2025-02-12 00:16:32 UTC,P,,,11/3/2020,,,,,TESLA,US,,,,Privé,,private,,,,,,,,,,,,,,,,,,,,,,,,,,,,,FALSE,
ELEC,Eureka 601 Parking - Tesla Destination,601 Bangs Ave,,Asbury Park,NJ,7712,,877-798-3752,E,,Public,,,,,,,4,,,Tesla Destination,https://www.tesla.com/destination-charging,200-9,40.217114,-74.010372,7/1/2024,168762,2025-02-12 00:16:32 UTC,P,,,12/28/2016,,,,,J1772 TESLA,US,,,,Public,,public,,,,,,,,,,,,,,,,,,,,,,,,,,,,,FALSE,
ELEC,HP PUBLIC HIGHLND PRK PS2,220 S 6th Ave,,Highland Park,NJ,8904,,888-758-4389,E,,Public,24 hours daily,,,,,,1,,,ChargePoint Network,https://www.chargepoint.com,GPS,40.497789,-74.421834,8/26/2026,169432,2026-08-26 01:42:27 UTC,,,,11/24/2020,,,,,J1772,US,,,,Public,,public,,,,,,,,,,,,,,,,,,,,FALSE,,,,,,,,,FALSE,
ELEC,Salem Oak Vineyards,60 N Railroad Ave,,Pedricktown,NJ,8067,,856-889-2121,E,,Public,24 hours daily; for customer use only,,,,,,1,,,Non-Networked,,200-8,39.761564,-75.409912,10/13/2025,169530,2026-02-02 23:16:24 UTC,P,,,10/31/2020,,,,,J1772,US,,,,Public,,public,,,BREWERY_DISTILLERY_WINERY,,,,,,,Free,,,,,,,,,,TRUE,,,,,,,,LD,FALSE,
ELEC,Dunkin Donuts - West Orange,563 Northfield Ave,,West Orange,NJ,7052,,888-998-2546,E,,Public,24 hours daily,,,,,,,2,,Blink Network,https://blinkcharging.com,GPS,40.77043964,-74.28126013,8/26/2026,170136,2026-08-26 00:47:59 UTC,,,,12/4/2015,,,,,J1772COMBO TESLA,US,,,,Public,,public,,,,,,,,,,Free,,,,,,,,,,FALSE,,,,,,,,,FALSE,
ELEC,Holiday Inn Newark Intl Airport North,160 Frontage Rd,,Newark,NJ,7114,,888-998-2546,T,7/11/2026,TEMPORARILY UNAVAILABLE (Public),24 hours daily,,,,,,,2,,Blink Network,https://blinkcharging.com,GPS,40.71307879,-74.16648232,8/26/2026,170137,2026-08-26 00:49:22 UTC,,,,8/31/2016,,,,,CHADEMO J1772COMBO,US,,,,TEMPORAIREMENT SUSPENDU (Public),,public,,,,,,,,,,Free,,,,,,,,,,FALSE,,,,,,,,,FALSE,
ELEC,Holiday Inn - Budd Lake,1000 International Dr,,Budd Lake,NJ,7828,,888-998-2546,E,,Public,24 hours daily,,,,,,,2,,Blink Network,https://blinkcharging.com,GPS,40.908788,-74.72488,8/26/2026,170173,2026-08-26 00:50:50 UTC,,,,7/31/2014,,,,,J1772COMBO,US,,,,Public,,public,,,,,,,,,,Free,,,,,,,,,,FALSE,,,,,,,,,FALSE,
ELEC,"Clarksburg, NJ - Tesla Supercharger",548 Monmouth Road,,Clarksburg,NJ,8510,,877-798-3752,E,,Public,24 hours daily. NACS partner enabled.,,,,,,,8,,Tesla,https://www.tesla.com/supercharger,GPS,40.157742,-74.430066,6/18/2026,170435,2026-06-18 14:46:21 UTC,P,,,12/15/2020,,,,,TESLA,US,,,,Public,,public,,,GAS_STATION,,,,,,,,,,,,,,,,,FALSE,,,,,,,,LD,FALSE,
ELEC,CIRCLE BMW FLEET 1,500 NJ-36,New car bay left unit,Eatontown,NJ,7724,,888-758-4389,E,,Public,24 hours daily,,,,,,1,,,ChargePoint Network,https://www.chargepoint.com,GPS,40.290409,-74.041773,8/26/2026,171261,2026-08-26 01:44:08 UTC,,,,1/13/2021,,,,,J1772,US,,,,Public,,public,,,,,,,,,,,,,,,,,,,,FALSE,,,,,,,,,FALSE,
ELEC,BBCHARGE STATION #1,303 E Main St,,Bound Brook,NJ,8805,,888-758-4389,E,,Public,24 hours daily,,,,,,1,,,ChargePoint Network,https://www.chargepoint.com,GPS,40.561482,-74.530677,8/26/2026,171306,2026-08-26 01:43:16 UTC,,,,1/15/2021,,,,,J1772,US,,,,Public,,public,,,,,,,,,,,,,,,,,,,,FALSE,,,,,,,,,FALSE,
ELEC,BBCHARGE STATION #4,228 E Main St,,Bound Brook,NJ,8805,,888-758-4389,E,,Public,24 hours daily,,,,,,2,,,ChargePoint Network,https://www.chargepoint.com,GPS,40.561492,-74.530768,8/26/2026,171308,2026-08-26 01:43:16 UTC,,,,1/15/2021,,,,,J1772,US,,,,Public,,public,,,,,,,,,,,,,,,,,,,,FALSE,,,,,,,,,FALSE,
ELEC,LEHT LEHT PS 1,665 Radio Rd,Right of building,Little Egg Harbor,NJ,8087,,888-758-4389,E,,Public,24 hours daily,,,,,,2,,,ChargePoint Network,https://www.chargepoint.com,GPS,39.575893,-74.364296,8/26/2026,171341,2026-08-26 01:43:49 UTC,,,,1/16/2021,,,,,J1772,US,,,,Public,,public,,,,,,,,,,,,,,,,,,,,FALSE,,,,,,,,,FALSE,
ELEC,DoubleTree by Hilton - Cherry Hill,2349 Marlton Pike West,,Cherry Hill,NJ,8002,,888-998-2546,E,,Public,24 hours daily,,,,,,,6,,Blink Network,https://blinkcharging.com,GPS,39.92630914,-75.05096846,8/26/2026,171369,2026-08-26 00:13:08 UTC,,,,6/30/2015,,,,,CHADEMO J1772COMBO TESLA,US,,,,Public,,public,,,,,,,,,,Free,,,,,,,,,,FALSE,,,,,,,,,FALSE,
ELEC,FELLOWSHIPSL FELLOWSHIP PS1,8000 Fellowship Rd,Jericho court,Basking Ridge,NJ,7920,,888-758-4389,E,,Public,24 hours daily,,,,,,1,,,ChargePoint Network,https://www.chargepoint.com,GPS,40.655437,-74.58226,8/26/2026,171408,2026-08-26 01:43:32 UTC,,,,1/21/2021,,,,,J1772,US,,,,Public,,public,,,,,,,,,,,,,,,,,,,,FALSE,,,,,,,,,FALSE,
ELEC,CRANFORD TOWNSH CRANFORD PG ST1,4 S Union Ave,,Cranford,NJ,7016,,888-758-4389,E,,Public,24 hours daily,,,,,,2,,,ChargePoint Network,https://www.chargepoint.com,GPS,40.654871,-74.305423,8/26/2026,171455,2026-08-26 01:43:08 UTC,,,,1/26/2021,,,,,J1772,US,,,,Public,,public,,,,,,,,,,,,,,,,,,,,FALSE,,,,,,,,,FALSE,
ELEC,P3 AC CHARGERS 300-LVL 3 AC# 6,300 Chestnut Ridge Rd,300 Building Parking Level 3,Woodcliff Lake,NJ,7677,,888-758-4389,E,,Public,24 hours daily,,,,,,2,,,ChargePoint Network,https://www.chargepoint.com,GPS,41.034273,-74.072787,8/26/2026,171969,2026-08-26 00:58:24 UTC,,,,1/27/2021,,,,,J1772,US,,,,Public,,public,,,,,,,,,,,,,,,,,,,,FALSE,,,,,,,,,FALSE,
ELEC,P3 AC CHARGERS 300-LVL 3 AC# 5,300 Chestnut Ridge Rd,300 Building Parking Level 3,Woodcliff Lake,NJ,7677,,888-758-4389,E,,Public,24 hours daily,,,,,,2,,,ChargePoint Network,https://www.chargepoint.com,GPS,41.034322,-74.072802,8/26/2026,171972,2026-08-26 00:58:17 UTC,,,,1/27/2021,,,,,J1772,US,,,,Public,,public,,,,,,,,,,,,,,,,,,,,FALSE,,,,,,,,,FALSE,
ELEC,SEASIDE HEIGHTS SEASIDE 3,55 Grant Ave,Municipal parking lot across Breakwater Beach Water Park,Seaside Heights,NJ,8751,,888-758-4389,E,,Public,24 hours daily,,,,,,2,,,ChargePoint Network,https://www.chargepoint.com,GPS,39.942525,-74.072689,8/26/2026,173205,2026-08-26 01:15:52 UTC,,,,1/27/2021,,,,,J1772,US,,,,Public,,public,,,,,,,,,,,,,,,,,,,,FALSE,,,,,,,,,FALSE,
ELEC,SEASIDE HEIGHTS SEASIDE 2,55 Grant Ave,Municipal parking lot across Breakwater Beach Water Park,Seaside Heights,NJ,8751,,888-758-4389,E,,Public,24 hours daily,,,,,,2,,,ChargePoint Network,https://www.chargepoint.com,GPS,39.942474,-74.072717,8/26/2026,173206,2026-08-26 01:15:52 UTC,,,,1/27/2021,,,,,J1772,US,,,,Public,,public,,,,,,,,,,,,,,,,,,,,FALSE,,,,,,,,,FALSE,
ELEC,SEASIDE HEIGHTS SEASIDE 4,55 Grant Ave,Municipal parking lot across Breakwater Beach Water Park,Seaside Heights,NJ,8751,,888-758-4389,E,,Public,24 hours daily,,,,,,2,,,ChargePoint Network,https://www.chargepoint.com,GPS,39.942464,-74.072716,8/26/2026,173207,2026-08-26 01:15:52 UTC,,,,1/27/2021,,,,,J1772,US,,,,Public,,public,,,,,,,,,,,,,,,,,,,,FALSE,,,,,,,,,FALSE,
ELEC,SEASIDE HEIGHTS SEASIDE PH.2B,21A Hancock Ave,Pakring lot on the corner of Ocean Terrace & Hancock Ave.,Seaside Heights,NJ,8751,,888-758-4389,E,,Public,24 hours daily,,,,,,2,,,ChargePoint Network,https://www.chargepoint.com,GPS,39.94444,-74.070927,8/26/2026,173336,2026-08-26 01:17:54 UTC,,,,1/27/2021,,,,,J1772,US,,,,Public,,public,,,,,,,,,,,,,,,,,,,,FALSE,,,,,,,,,FALSE,
ELEC,WESTFIELD GSP GSP CHARGER 02,1 Garden State Plaza Blvd,,Paramus,NJ,7652,,888-758-4389,E,,Public,24 hours daily,,,,,,2,,,ChargePoint Network,https://www.chargepoint.com,GPS,40.918309,-74.077351,8/26/2026,173627,2026-08-26 01:18:59 UTC,,,,1/27/2021,,,,,J1772,US,,,,Public,,public,,,,,,,,,,,,,,,,,,,,FALSE,,,,,,,,,FALSE,
ELEC,WESTFIELD GSP GSP CHARGER 04,1 Garden State Plaza Blvd,,Paramus,NJ,7652,,888-758-4389,E,,Public,24 hours daily,,,,,,2,,,ChargePoint Network,https://www.chargepoint.com,GPS,40.915776,-74.076487,8/26/2026,173628,2026-08-26 01:18:59 UTC,,,,1/27/2021,,,,,J1772,US,,,,Public,,public,,,,,,,,,,,,,,,,,,,,FALSE,,,,,,,,,FALSE,
ELEC,WESTFIELD GSP GSP CHARGER 01,1 Garden State Plaza Blvd,,Paramus,NJ,7652,,888-758-4389,E,,Public,24 hours daily,,,,,,1,,,ChargePoint Network,https://www.chargepoint.com,GPS,40.918292,-74.07733,8/26/2026,173629,2026-08-26 01:18:59 UTC,,,,1/27/2021,,,,,J1772,US,,,,Public,,public,,,,,,,,,,,,,,,,,,,,FALSE,,,,,,,,,FALSE,
ELEC,L707 SHOP 02,200 NJ-36,,Eatontown,NJ,7724,,888-758-4389,E,,Public,24 hours daily,,,,,,1,,,ChargePoint Network,https://www.chargepoint.com,GPS,40.290583,-74.042991,8/26/2026,173727,2026-08-26 01:20:54 UTC,,,,1/27/2021,,,,,J1772,US,,,,Public,,public,,,,,,,,,,,,,,,,,,,,FALSE,,,,,,,,,FALSE,
ELEC,RUTHERFORDBORO MEMORIALNO1,111 Monona Ave,,Rutherford,NJ,7070,,888-758-4389,E,,Public,24 hours daily,,,,,,1,,,ChargePoint Network,https://www.chargepoint.com,GPS,40.844206,-74.118435,8/26/2026,173941,2026-08-26 01:13:57 UTC,,,,1/27/2021,,,,,J1772,US,,,,Public,,public,,,,,,,,,,,,,,,,,,,,FALSE,,,,,,,,,FALSE,
ELEC,RUTHERFORDBORO KIPAVE3,55 Kip Ave,3rd Level _Top.floor,Rutherford,NJ,7070,,888-758-4389,E,,Public,24 hours daily,,,,,,1,,,ChargePoint Network,https://www.chargepoint.com,GPS,40.828585,-74.103726,8/26/2026,173943,2026-08-26 01:13:57 UTC,,,,1/27/2021,,,,,J1772,US,,,,Public,,public,,,,,,,,,,,,,,,,,,,,FALSE,,,,,,,,,FALSE,
ELEC,RUTHERFORDBORO KIPAVE1,55 Kip Ave,3rd Level _Top.floor,Rutherford,NJ,7070,,888-758-4389,E,,Public,24 hours daily,,,,,,1,,,ChargePoint Network,https://www.chargepoint.com,GPS,40.828711,-74.103624,8/26/2026,173944,2026-08-26 01:13:57 UTC,,,,1/27/2021,,,,,J1772,US,,,,Public,,public,,,,,,,,,,,,,,,,,,,,FALSE,,,,,,,,,FALSE,
ELEC,PANYNJ EWR P4 STATION8,EWR Station P4 Daily Parking Garage Newark Li,,Newark,NJ,7114,,888-758-4389,E,,Public,24 hours daily,,,,,,2,,,ChargePoint Network,https://www.chargepoint.com,GPS,40.696425,-74.183688,8/26/2026,174010,2026-08-26 01:17:50 UTC,,,,1/27/2021,,,,,J1772,US,,,,Public,,public,,,,,,,,,,,,,,,,,,,,FALSE,,,,,,,,,FALSE,
ELEC,PANYNJ EWR P4 STATION4,EWR Station P4 Daily Parking Garage Newark Li,,Newark,NJ,7114,,888-758-4389,E,,Public,24 hours daily,,,,,,1,,,ChargePoint Network,https://www.chargepoint.com,GPS,40.696453,-74.183581,8/26/2026,174011,2026-08-26 01:17:16 UTC,,,,1/27/2021,,,,,J1772,US,,,,Public,,public,,,,,,,,,,,,,,,,,,,,FALSE,,,,,,,,,FALSE,
ELEC,PANYNJ EWR P4 STATION6,EWR Station P4 Daily Parking Garage Newark Li,,Newark,NJ,7114,,888-758-4389,E,,Public,24 hours daily,,,,,,1,,,ChargePoint Network,https://www.chargepoint.com,GPS,40.696494,-74.18357,8/26/2026,174012,2026-08-26 01:17:16 UTC,,,,1/27/2021,,,,,J1772,US,,,,Public,,public,,,,,,,,,,,,,,,,,,,,FALSE,,,,,,,,,FALSE,
ELEC,PANYNJ EWR P4 STATION5,EWR Station P4 Daily Parking Garage Newark Li,,Newark,NJ,7114,,888-758-4389,E,,Public,24 hours daily,,,,,,2,,,ChargePoint Network,https://www.chargepoint.com,GPS,40.69647,-74.183691,8/26/2026,174013,2026-08-26 01:16:59 UTC,,,,1/27/2021,,,,,J1772,US,,,,Public,,public,,,,,,,,,,,,,,,,,,,,FALSE,,,,,,,,,FALSE,
ELEC,PANYNJ EWR P4 STATION2,EWR Station P4 Daily Parking Garage Newark Li,"Located in Station P4 Daily Parking Garage, Ground Level",Newark,NJ,7114,,888-758-4389,E,,Public,24 hours daily,,,,,,1,,,ChargePoint Network,https://www.chargepoint.com,GPS,40.696463,-74.18382,8/26/2026,174014,2026-08-26 00:58:54 UTC,,,,1/27/2021,,,,,J1772,US,,,,Public,,public,,,,,,,,,,,,,,,,,,,,FALSE,,,,,,,,,FALSE,
ELEC,PANYNJ EWR P4 STATION3,EWR Station P4 Daily Parking Garage Newark Li,"Located in Station P4 Daily Parking Garage, Ground Level",Newark,NJ,7114,,888-758-4389,E,,Public,24 hours daily,,,,,,2,,,ChargePoint Network,https://www.chargepoint.com,GPS,40.696515,-74.183765,8/26/2026,174015,2026-08-26 00:58:50 UTC,,,,1/27/2021,,,,,J1772,US,,,,Public,,public,,,,,,,,,,,,,,,,,,,,FALSE,,,,,,,,,FALSE,
ELEC,PANYNJ EWR P4 STATION1,EWR Station P4 Daily Parking Garage Newark Li,"Located in Station P4 Daily Parking Garage, Ground Level",Newark,NJ,7114,,888-758-4389,E,,Public,24 hours daily,,,,,,2,,,ChargePoint Network,https://www.chargepoint.com,GPS,40.696435,-74.18385,8/26/2026,174016,2026-08-26 00:58:34 UTC,,,,1/27/2021,,,,,J1772,US,,,,Public,,public,,,,,,,,,,,,,,,,,,,,FALSE,,,,,,,,,FALSE,
ELEC,JERSEYCITY JCNJ MONTGOMERY,281 Marin Blvd,SW corner of Montgomery and Marin,Jersey City,NJ,7302,,888-758-4389,T,4/17/2026,TEMPORARILY UNAVAILABLE (Public),24 hours daily,,,,,,2,,,ChargePoint Network,https://www.chargepoint.com,GPS,40.717124,-74.042493,8/26/2026,174235,2026-08-26 01:25:11 UTC,,,,1/27/2021,,,,,J1772,US,,,,TEMPORAIREMENT SUSPENDU (Public),,public,,,,,,,,,,,,,,,,,,,,FALSE,,,,,,,,,FALSE,
ELEC,CONNELL PARK STATION 2,250 Connell Dr,,Berkeley Heights,NJ,7922,,888-758-4389,E,,Public,24 hours daily,,,,,,2,,,ChargePoint Network,https://www.chargepoint.com,GPS,40.662501,-74.416335,8/26/2026,175084,2026-08-26 01:14:40 UTC,,,,1/27/2021,,,,,J1772,US,,,,Public,,public,,,,,,,,,,,,,,,,,,,,FALSE,,,,,,,,,FALSE,
ELEC,ESSEX COUNTY #3,16-84 W Market St,Employee Parking Only,Newark,NJ,7102,,888-758-4389,E,,Public,24 hours daily,,,,,,2,,,ChargePoint Network,https://www.chargepoint.com,GPS,40.73895,-74.181735,8/26/2026,175309,2026-08-26 01:33:27 UTC,,,,1/27/2021,,,,,J1772,US,,,,Public,,public,,,,,,,,,,,,,,,,,,,,FALSE,,,,,,,,,FALSE,
ELEC,ESSEX COUNTY #5,16-84 W Market St,EMPLOYEE PARKING ONLY,Newark,NJ,7102,,888-758-4389,E,,Public,24 hours daily,,,,,,2,,,ChargePoint Network,https://www.chargepoint.com,GPS,40.739013,-74.181706,8/26/2026,175310,2026-08-26 01:33:21 UTC,,,,1/27/2021,,,,,J1772,US,,,,Public,,public,,,,,,,,,,,,,,,,,,,,FALSE,,,,,,,,,FALSE,
ELEC,MB OF NEWTON OUTSIDE 1,92 Hampton House Rd,North side of building,Newton,NJ,7860,,888-758-4389,E,,Public,24 hours daily,,,,,,2,,,ChargePoint Network,https://www.chargepoint.com,GPS,41.08803,-74.730211,8/26/2026,175343,2026-08-26 01:33:40 UTC,,,,1/27/2021,,,,,J1772,US,,,,Public,,public,,,,,,,,,,,,,,,,,,,,FALSE,,,,,,,,,FALSE,
ELEC,PANYNJ JSTC STATION 2,3 Journal Square Plaza PATH-JSTC,,Jersey City,NJ,7306,,888-758-4389,E,,Public,24 hours daily,,,,,,2,,,ChargePoint Network,https://www.chargepoint.com,GPS,40.732169,-74.062443,8/26/2026,175407,2026-08-26 01:17:52 UTC,,,,1/27/2021,,,,,J1772,US,,,,Public,,public,,,,,,,,,,,,,,,,,,,,FALSE,,,,,,,,,FALSE,
ELEC,CREST OFFICE KELLER WILLIAMS,5501 New Jersey Ave,,Wildwood Crest,NJ,8260,,888-758-4389,E,,Public,24 hours daily,,,,,,1,,,ChargePoint Network,https://www.chargepoint.com,GPS,38.980811,-74.828494,8/26/2026,175428,2026-08-26 01:34:33 UTC,,,,1/27/2021,,,,,J1772,US,,,,Public,,public,,,,,,,,,,,,,,,,,,,,FALSE,,,,,,,,,FALSE,
ELEC,JERSEYCITY FULTON AVE LOT1,207 Fulton Ave,MLK AVE/FULTON AVE Parking Lot,Jersey City,NJ,7305,,888-758-4389,E,,Public,24 hours daily,,,,,,2,,,ChargePoint Network,https://www.chargepoint.com,GPS,40.704715,-74.087128,8/26/2026,181334,2026-08-26 01:40:03 UTC,,,,1/27/2021,,,,,J1772,US,,,,Public,,public,,,,,,,,,,,,,,,,,,,,FALSE,,,,,,,,,FALSE,
ELEC,ORADELL DPW ORADELL LIB ST1,Oradell Ave at Kinderkamack Rd,Located on North Side of Library Parking Lot,Oradell,NJ,7649,,888-758-4389,T,7/25/2026,TEMPORARILY UNAVAILABLE (Public),24 hours daily,,,,,,2,,,ChargePoint Network,https://www.chargepoint.com,GPS,40.954315,-74.032555,8/26/2026,181609,2026-08-26 01:41:20 UTC,,,,1/27/2021,,,,,J1772,US,,,,TEMPORAIREMENT SUSPENDU (Public),,public,,,,,,,,,,,,,,,,,,,,FALSE,,,,,,,,,FALSE,
ELEC,BOROUGHOFPARAMU PARAMUS PUB ST1,1 W Jockish Square,,Paramus,NJ,7652,,888-758-4389,E,,Public,24 hours daily,,,,,,2,,,ChargePoint Network,https://www.chargepoint.com,GPS,40.92671,-74.0688,8/26/2026,181720,2026-08-26 01:41:55 UTC,,,,1/27/2021,,,,,J1772,US,,,,Public,,public,,,,,,,,,,,,,,,,,,,,FALSE,,,,,,,,,FALSE,
ELEC,HP PUBLIC HIGHLND PRK PS1,220 S 6th Ave,In S 6th Ave side Parking Lot,Highland Park,NJ,8904,,888-758-4389,E,,Public,24 hours daily,,,,,,1,,,ChargePoint Network,https://www.chargepoint.com,GPS,40.497755,-74.421814,8/26/2026,181769,2026-08-26 01:42:27 UTC,,,,1/27/2021,,,,,J1772,US,,,,Public,,public,,,,,,,,,,,,,,,,,,,,FALSE,,,,,,,,,FALSE,
ELEC,POLOS BAR POLOS BAR,140 Ledgewood Ave,Parking Lot,Netcong,NJ,7857,,888-758-4389,E,,Public,24 hours daily,,,,,,2,,,ChargePoint Network,https://www.chargepoint.com,GPS,40.89568,-74.69706,8/26/2026,181934,2026-08-26 01:42:39 UTC,,,,1/27/2021,,,,,J1772,US,,,,Public,,public,,,,,,,,,,,,,,,,,,,,FALSE,,,,,,,,,FALSE,
ELEC,CIRCLE BMW FLEET 2,500 NJ-36,New car bay,Eatontown,NJ,7724,,888-758-4389,E,,Public,24 hours daily,,,,,,1,,,ChargePoint Network,https://www.chargepoint.com,GPS,40.290513,-74.041835,8/26/2026,182213,2026-08-26 01:44:08 UTC,,,,1/27/2021,,,,,J1772,US,,,,Public,,public,,,,,,,,,,,,,,,,,,,,FALSE,,,,,,,,,FALSE,
ELEC,AMPCAP 0722 MANTUA 1,300 Bridgeton Pike,,Mantua Township,NJ,8051,,888-758-4389,E,,Public,24 hours daily,,,,,,1,,,ChargePoint Network,https://www.chargepoint.com,GPS,39.788538,-75.179003,8/26/2026,182842,2026-08-26 01:19:20 UTC,,,,1/27/2021,,,,,J1772,US,,,,Public,,public,,,,,,,,,,,,,,,,,,,,FALSE,,,,,,,,,FALSE,
ELEC,AMPCAP 0722 MANTUA 2,300 Bridgeton Pike,,Mantua Township,NJ,8051,,888-758-4389,E,,Public,24 hours daily,,,,,,1,,,ChargePoint Network,https://www.chargepoint.com,GPS,39.788538,-75.179003,8/26/2026,182843,2026-08-26 01:19:20 UTC,,,,1/27/2021,,,,,J1772,US,,,,Public,,public,,,,,,,,,,,,,,,,,,,,FALSE,,,,,,,,,FALSE,
ELEC,FRANKLIN MUNICIPAL BLDG,475 Demott Ln,Parking lot outside the Franklin Township Municipal Bldg.,Franklin Township,NJ,8873,,888-758-4389,E,,Public,24 hours daily,,,,,,2,,,ChargePoint Network,https://www.chargepoint.com,GPS,40.498811,-74.525108,8/26/2026,182943,2026-08-26 01:20:21 UTC,,,,1/27/2021,,,,,J1772,US,,,,Public,,public,,,,,,,,,,,,,,,,,,,,FALSE,,,,,,,,,FALSE,
ELEC,HOWE COMMONS EV ECS 1,65 S Main St,,Pennington,NJ,8534,,888-758-4389,E,,Public,24 hours daily,,,,,,2,,,ChargePoint Network,https://www.chargepoint.com,GPS,40.326275,-74.789588,8/26/2026,183056,2026-08-26 01:24:20 UTC,,,,1/27/2021,,,,,J1772,US,,,,Public,,public,,,,,,,,,,,,,,,,,,,,FALSE,,,,,,,,,FALSE,
ELEC,FAA - William J. Hughes Technical Center (WJHTC),Atlantic City International Airport,Bldg 306,Pomona,NJ,8405,,,E,,Private - Government only,,,,,,,1,,,Non-Networked,,GPS,39.45157,-74.573885,12/12/2025,184532,2026-02-02 23:16:24 UTC,FG,17,Department of Transportation,1/15/2021,,,,,J1772,US,,,,Privé - Réservé au gouvernement,,private,GOVERNMENT,DOT,FED_GOV,,,,,,,,,,,,,,,,,,,,,,,,,LD,TRUE,
ELEC,Joint Base McGuire-Dix-Lakehurst,Vandenberg Ave,,McGuire AFB,NJ,8641,,,E,,Private - Government only,,,,,,,28,,,Non-Networked,,GPS,40.026469,-74.57562,12/12/2025,184565,2026-07-22 20:43:16 UTC,FG,5,Department of Air Force,1/15/2021,,,,,J1772,US,,,,Privé - Réservé au gouvernement,,private,GOVERNMENT,DAF,FED_GOV,,,,,,,Free,,,,,,,,,,,,,,,,,,LD,TRUE,
ELEC,TRACEN Cape May,1 Munro Ave,,Cape May,NJ,8204,,,E,,Private - Government only,,,,,,,4,4,,Non-Networked,,GPS,38.948116,-74.882148,12/12/2025,184576,2026-02-02 23:16:24 UTC,FG,10,Department of Homeland Security,1/15/2021,,,,,J1772 J1772COMBO,US,,,,Privé - Réservé au gouvernement,,private,GOVERNMENT,DHS,FED_GOV,,,,,,,,,,,,,,,,,,,,,,,,,LD,TRUE,
ELEC,FCI Fairton,9 Noble Ave,,Bridgeton,NJ,8302,,,E,,Private - Government only,Fueling equipment located in a secure area with no public access,,,,,2,,,,Non-Networked,,GPS,39.377487,-75.224361,12/12/2025,184721,2026-07-23 12:53:45 UTC,FG,12,Department of Justice,1/15/2021,,,,,NEMA520,US,,,,Privé - Réservé au gouvernement,,private,GOVERNMENT,DOJ,FED_GOV,,,,,,,,,,,,,,,,,,,,,,,,,LD,TRUE,
ELEC,FCI Fort Dix,5756 Hartford & Pointvile Rd,,Joint Base Mdl,NJ,8640,,,E,,Private - Government only,Fueling equipment located in a secure area with no public access,,,,,2,,,,Non-Networked,,GPS,39.998655,-74.613599,12/12/2025,184722,2026-02-02 23:16:24 UTC,FG,12,Department of Justice,1/15/2021,,,,,NEMA515,US,,,,Privé - Réservé au gouvernement,,private,GOVERNMENT,DOJ,FED_GOV,,,,,,,,,,,,,,,,,,,,,,,,,LD,TRUE,
ELEC,FAA - ACT - Station 1,1822 Atlantic Ave,,Atlantic City,NJ,8401,,,E,,Private - Government only,,,,,,,1,,,Non-Networked,,GPS,39.3599,-74.4335,12/12/2025,184835,2026-02-02 23:16:24 UTC,FG,17,Department of Transportation,1/15/2021,,,,,J1772,US,,,,Privé - Réservé au gouvernement,,private,GOVERNMENT,DOT,FED_GOV,,,,,,,Free,,,,,,,,,,,,,,,,,,LD,TRUE,
ELEC,FAA - ACT - Station 2,1822 Atlantic Ave,,Atlantic City,NJ,8401,,,E,,Private - Government only,,,,,,,6,,,Non-Networked,,GPS,39.3599,-74.4335,12/12/2025,184836,2026-02-02 23:16:24 UTC,FG,17,Department of Transportation,1/15/2021,,,,,J1772,US,,,,Privé - Réservé au gouvernement,,private,GOVERNMENT,DOT,FED_GOV,,,,,,,,,,,,,,,,,,,,,,,,,LD,TRUE,
ELEC,"Simon - Quaker Bridge Mall (Lawrenceville, NJ)",150 Quakerbridge Mall,,Lawrenceville,NJ,8648,,833-632-2778,E,,Public,24 hours daily,,,,,,,4,,Electrify America,https://www.electrifyamerica.com,GPS,40.28869,-74.68061,8/26/2026,184915,2026-08-26 03:38:46 UTC,,,,2/12/2021,,,,,J1772COMBO,US,,,,Public,,public,,,,,,,,,,,,,,,,,,,,FALSE,,,,,,,,,FALSE,
ELEC,"Woodcliff Lake, NJ - Tesla Supercharger",441 Chestnut Ridge Road,,Woodcliff Lake,NJ,7677,,877-798-3752,E,,Public,24 hours daily. Open to all vehicles.,,,,,,,8,,Tesla,https://www.tesla.com/supercharger,GPS,41.041707,-74.073715,6/18/2026,185274,2026-06-18 14:46:21 UTC,P,,,2/11/2021,,,,,J1772COMBO TESLA,US,,,,Public,,public,,,SHOPPING_CENTER,,,,,,,,,,,,,,,,,FALSE,,,,,,,,,FALSE,
ELEC,INDIAN MONMOUTH STATION 1,1318 NJ-33,Indian Motorcycle Parking Lot,Neptune City,NJ,7753,,888-758-4389,E,,Public,24 hours daily,,,,,,2,,,ChargePoint Network,https://www.chargepoint.com,GPS,40.20942,-74.02512,8/26/2026,185739,2026-08-26 01:45:46 UTC,,,,3/9/2021,,,,,J1772,US,,,,Public,,public,,,,,,,,,,,,,,,,,,,,FALSE,,,,,,,,,FALSE,
ELEC,GREEN TEAM RUNNEMEDE BORO1,24 N Black Horse Pike,Left side of main entertainment,Runnemede,NJ,8078,,888-758-4389,E,,Public,24 hours daily,,,,,,2,,,ChargePoint Network,https://www.chargepoint.com,GPS,39.8498,-75.07254,8/26/2026,186133,2026-08-26 01:45:52 UTC,,,,3/12/2021,,,,,J1772,US,,,,Public,,public,,,,,,,,,,,,,,,,,,,,FALSE,,,,,,,,,FALSE,
ELEC,BT TOWN HALL BERNRARDS DPW 1,277 S Maple Ave,Near main entrance,Basking Ridge,NJ,7920,,888-758-4389,E,,Public,24 hours daily,,,,,,2,,,ChargePoint Network,https://www.chargepoint.com,GPS,40.695427,-74.542465,8/26/2026,186153,2026-08-26 01:45:50 UTC,,,,3/13/2021,,,,,J1772,US,,,,Public,,public,,,,,,,,,,,,,,,,,,,,FALSE,,,,,,,,,FALSE,
ELEC,LM NORTH PUBLIC CAP PUBLIC 1,40 Riverwalk Pl,Between parking spots 1-08 & 1-09,West New York,NJ,7093,,888-758-4389,E,,Public,24 hours daily,,,,,,2,,,ChargePoint Network,https://www.chargepoint.com,GPS,40.783032,-74.00586,8/26/2026,186375,2026-08-26 01:44:39 UTC,,,,3/19/2021,,,,,J1772,US,,,,Public,,public,,,,,,,,,,,,,,,,,,,,FALSE,,,,,,,,,FALSE,
ELEC,LM NORTH PUBLIC CAP PUBLIC 2,21 Ave at Port Imperial,Between parking spots 1-22 & 1-23,West New York,NJ,7093,,888-758-4389,E,,Public,24 hours daily,,,,,,2,,,ChargePoint Network,https://www.chargepoint.com,GPS,40.78257,-74.005292,8/26/2026,186376,2026-08-26 01:44:52 UTC,,,,3/19/2021,,,,,J1772,US,,,,Public,,public,,,,,,,,,,,,,,,,,,,,FALSE,,,,,,,,,FALSE,
ELEC,LM NORTH PUBLIC CAP PUBLIC 3,21 Ave at Port Imperial,Between parking spots 1-24 & 1-25,West New York,NJ,7093,,888-758-4389,E,,Public,24 hours daily,,,,,,2,,,ChargePoint Network,https://www.chargepoint.com,GPS,40.782533,-74.005419,8/26/2026,186377,2026-08-26 01:44:53 UTC,,,,3/19/2021,,,,,J1772,US,,,,Public,,public,,,,,,,,,,,,,,,,,,,,FALSE,,,,,,,,,FALSE,
ELEC,Hammonton Health Park,219 N Whitehorse Pike,,Hammonton,NJ,8037,,888-998-2546,E,,Public,24 hours daily,,,,,,2,,,Blink Network,https://blinkcharging.com,GPS,39.6535872,-74.7939703,8/26/2026,186697,2026-08-26 00:13:08 UTC,,,,3/29/2021,,,,,J1772,US,,,,Public,,public,,,,,,,,,,Free,,,,,,,,,,FALSE,,,,,,,,,FALSE,
ELEC,EDISON LOFTS STATION 2,33 Ashland Ave,,West Orange,NJ,7052,,888-758-4389,E,,Public,24 hours daily,,,,,,2,,,ChargePoint Network,https://www.chargepoint.com,GPS,40.782283,-74.234393,8/26/2026,186716,2026-08-26 01:45:30 UTC,,,,3/30/2021,,,,,J1772,US,,,,Public,,public,,,,,,,,,,,,,,,,,,,,FALSE,,,,,,,,,FALSE,
ELEC,JERSEYCITY CENTRAL AVE,394 Central Ave,394 Central Ave on the street,Jersey City,NJ,7307,,888-758-4389,T,6/11/2026,TEMPORARILY UNAVAILABLE (Public),24 hours daily,,,,,,2,,,ChargePoint Network,https://www.chargepoint.com,GPS,40.748273,-74.047725,8/26/2026,186837,2026-08-26 01:46:26 UTC,,,,4/2/2021,,,,,J1772,US,,,,TEMPORAIREMENT SUSPENDU (Public),,public,,,,,,,,,,,,,,,,,,,,FALSE,,,,,,,,,FALSE,
ELEC,Verizon - Basking Ridge,300 N Maple Ave,,Basking Ridge,NJ,7920,,,E,,Private,24 hours daily,,,,,,6,,,Non-Networked,,200-9,40.724263,-74.540525,12/12/2025,187081,2026-05-18 20:35:46 UTC,P,,,9/30/2020,,,,,J1772,US,,,,Privé,,private,,,OFFICE_BLDG,,,,,,,,,,,,,,,,,,,,,,,,,LD,TRUE,
ELEC,HOWE COMMONS EV ECS 2,65 S Main St,,Pennington,NJ,8534,,888-758-4389,E,,Public,24 hours daily,,,,,,2,,,ChargePoint Network,https://www.chargepoint.com,GPS,40.326286,-74.789589,8/26/2026,187311,2026-08-26 01:24:21 UTC,,,,4/10/2021,,,,,J1772,US,,,,Public,,public,,,,,,,,,,,,,,,,,,,,FALSE,,,,,,,,,FALSE,
ELEC,EHT Health Park - Building 400,2500 English Creek Ave,,Egg Harbor Township,NJ,8234,,888-998-2546,E,,Public,24 hours daily,,,,,,2,,,Blink Network,https://blinkcharging.com,GPS,39.436861,-74.605444,8/26/2026,187550,2026-08-26 00:20:11 UTC,,,,4/12/2021,,,,,J1772,US,,,,Public,,public,,,,,,,,,,Free,,,,,,,,,,FALSE,,,,,,,,,FALSE,
ELEC,EHT Health Park - Building 1200,2500 English Creek Ave,,Egg Harbor Township,NJ,8234,,888-998-2546,E,,Public,24 hours daily,,,,,,2,,,Blink Network,https://blinkcharging.com,GPS,39.435002,-74.606,8/26/2026,187551,2026-08-26 00:20:11 UTC,,,,4/12/2021,,,,,J1772,US,,,,Public,,public,,,,,,,,,,Free,,,,,,,,,,FALSE,,,,,,,,,FALSE,
ELEC,SOUTHSIDE LOFTS SOUTHSIDE LOFTS,1 Liberty St,,Robbinsville Township,NJ,8691,,888-758-4389,E,,Public,24 hours daily,,,,,,2,,,ChargePoint Network,https://www.chargepoint.com,GPS,40.219132,-74.634067,8/26/2026,189300,2026-08-26 01:47:51 UTC,,,,5/6/2021,,,,,J1772,US,,,,Public,,public,,,,,,,,,,,,,,,,,,,,FALSE,,,,,,,,,FALSE,
ELEC,SOUTHSIDE LOFTS SOUTHSIDELOFTS2,1 Liberty St,,Robbinsville Township,NJ,8691,,888-758-4389,E,,Public,24 hours daily,,,,,,2,,,ChargePoint Network,https://www.chargepoint.com,GPS,40.219108,-74.63396,8/26/2026,189301,2026-08-26 01:47:52 UTC,,,,5/6/2021,,,,,J1772,US,,,,Public,,public,,,,,,,,,,,,,,,,,,,,FALSE,,,,,,,,,FALSE,
ELEC,"Flemington, NJ - Tesla Supercharger",20 NJ-31,,Flemington,NJ,8822,,877-798-3752,E,,Public,24 hours daily. NACS partner enabled.,,,,,,,8,,Tesla,https://www.tesla.com/supercharger,GPS,40.504972,-74.851628,6/18/2026,189357,2026-06-18 14:46:21 UTC,P,,,5/7/2021,,,,,TESLA,US,,,,Public,,public,,,GAS_STATION,,,,,,,,,,,,,,,,,FALSE,,,,,,,,,FALSE,
ELEC,Somerville Parc,200 Parcview Pl,,Somerville,NJ,8876,,866-816-7584,E,,Public,24 hours daily,,,,,,2,,,EV Connect,https://www.evconnect.com,GPS,40.563372,-74.595793,8/26/2026,190270,2026-08-26 03:49:41 UTC,,,,1/25/2021,,,,,J1772,US,,,,Public,,public,,,,,,,,,,,,,,,,,,,,FALSE,,,,,,,,,FALSE,
ELEC,Oliverie Funeral Home,125 South Cooks Bridge Road,,Jackson,NJ,8527,,888-998-2546,E,,Public,24 hours daily,,,,,,2,,,Blink Network,https://blinkcharging.com,GPS,40.1141938,-74.2891393,8/26/2026,190352,2026-08-26 00:49:59 UTC,,,,3/24/2021,,,,,J1772,US,,,,Public,,public,,,,,,,,,,$1.00-$2.00/Hr Variable Parking Fee,,,,,,,,,,FALSE,,,,,,,,,FALSE,
ELEC,"Cherry Hill, NJ - Haddonfield Road - Tesla Supercharger",904 Haddonfield Road,,Cherry Hill,NJ,8002,,877-798-3752,E,,Public,24 hours daily. Open to all vehicles.,,,,,,,8,,Tesla,https://www.tesla.com/supercharger,GPS,39.925871,-75.032415,6/18/2026,190474,2026-06-18 14:46:21 UTC,P,,,5/19/2021,,,,,J1772COMBO TESLA,US,,,,Public,,public,,,GAS_STATION,,,,,,,,,,,,,,,,,FALSE,,,,,,,,,FALSE,
ELEC,GALAXY TOWERS GALAXYSTATION1,7000 JFK Blvd E,8th floor garage,Guttenberg,NJ,7093,,888-758-4389,E,,Public,24 hours daily,,,,,,2,,,ChargePoint Network,https://www.chargepoint.com,GPS,40.789774,-74.000428,8/26/2026,190662,2026-08-26 01:48:49 UTC,,,,6/2/2021,,,,,J1772,US,,,,Public,,public,,,,,,,,,,,,,,,,,,,,FALSE,,,,,,,,,FALSE,
ELEC,GALAXY TOWERS GALAXYSTATION2,7000 JFK Blvd E,8th floor garage.,Guttenberg,NJ,7093,,888-758-4389,E,,Public,24 hours daily,,,,,,2,,,ChargePoint Network,https://www.chargepoint.com,GPS,40.790543,-74.000922,8/26/2026,190663,2026-08-26 01:48:50 UTC,,,,6/2/2021,,,,,J1772,US,,,,Public,,public,,,,,,,,,,,,,,,,,,,,FALSE,,,,,,,,,FALSE,
ELEC,GALAXY TOWERS GALAXYSTATION3,7000 JFK Blvd E,8th floor garage,Guttenberg,NJ,7093,,888-758-4389,E,,Public,24 hours daily,,,,,,2,,,ChargePoint Network,https://www.chargepoint.com,GPS,40.790502,-74.00078,8/26/2026,190664,2026-08-26 01:48:50 UTC,,,,6/2/2021,,,,,J1772,US,,,,Public,,public,,,,,,,,,,,,,,,,,,,,FALSE,,,,,,,,,FALSE,
ELEC,CHESTNUTVIL CHESTNUT 2,168 Chestnut St,,Ridgewood,NJ,7450,,888-758-4389,E,,Public,24 hours daily,,,,,,2,,,ChargePoint Network,https://www.chargepoint.com,GPS,40.983678,-74.118247,8/26/2026,190925,2026-08-26 01:48:52 UTC,,,,6/12/2021,,,,,J1772,US,,,,Public,,public,,,,,,,,,,,,,,,,,,,,FALSE,,,,,,,,,FALSE,
ELEC,CHESTNUTVIL CHESTNUT 1,168 Chestnut St,,Ridgewood,NJ,7450,,888-758-4389,E,,Public,24 hours daily,,,,,,2,,,ChargePoint Network,https://www.chargepoint.com,GPS,40.983694,-74.118247,8/26/2026,190926,2026-08-26 01:48:52 UTC,,,,6/12/2021,,,,,J1772,US,,,,Public,,public,,,,,,,,,,,,,,,,,,,,FALSE,,,,,,,,,FALSE,
ELEC,DT&P GARAGE B ST1,28 2nd St,Garage B level 1,Hoboken,NJ,7030,,888-758-4389,E,,Public,24 hours daily,,,,,,2,,,ChargePoint Network,https://www.chargepoint.com,GPS,40.738277,-74.02907,8/26/2026,192715,2026-08-26 01:48:01 UTC,,,,7/10/2021,,,,,J1772,US,,,,Public,,public,,,,,,,,,,,,,,,,,,,,FALSE,,,,,,,,,FALSE,
ELEC,DT&P GARAGE B ST2,28 2nd St,Garage B Level 1,Hoboken,NJ,7030,,888-758-4389,E,,Public,24 hours daily,,,,,,2,,,ChargePoint Network,https://www.chargepoint.com,GPS,40.738262,-74.029045,8/26/2026,192716,2026-08-26 01:48:01 UTC,,,,7/10/2021,,,,,J1772,US,,,,Public,,public,,,,,,,,,,,,,,,,,,,,FALSE,,,,,,,,,FALSE,
ELEC,DT&P GARAGE D ST1,215 Hudson St,Ground level Right of exit to Garage,Hoboken,NJ,7030,,888-758-4389,E,,Public,24 hours daily,,,,,,2,,,ChargePoint Network,https://www.chargepoint.com,GPS,40.73913,-74.028824,8/26/2026,192717,2026-08-26 01:48:32 UTC,,,,7/10/2021,,,,,J1772,US,,,,Public,,public,,,,,,,,,,,,,,,,,,,,FALSE,,,,,,,,,FALSE,
ELEC,DT&P GARAGE D ST2,215 Hudson St,Ground level Right of exit to Garage,Hoboken,NJ,7030,,888-758-4389,E,,Public,24 hours daily,,,,,,2,,,ChargePoint Network,https://www.chargepoint.com,GPS,40.739123,-74.028827,8/26/2026,192718,2026-08-26 01:48:32 UTC,,,,7/10/2021,,,,,J1772,US,,,,Public,,public,,,,,,,,,,,,,,,,,,,,FALSE,,,,,,,,,FALSE,
ELEC,MB OF NEWTON FAST CHARGER,92 Hampton House Rd,Near service Drive doors,Newton,NJ,7860,,888-758-4389,E,,Public,24 hours daily,,,,,,,1,,ChargePoint Network,https://www.chargepoint.com,GPS,41.087732,-74.730289,8/26/2026,192787,2026-08-26 01:50:12 UTC,,,,7/13/2021,,,,,CHADEMO J1772COMBO,US,,,,Public,,public,,,,,,,,,,,,,,,,,,,,FALSE,,,,,,,,,FALSE,
ELEC,EDISON LOFTS STATION 1,33 Ashland Ave,,West Orange,NJ,7052,,888-758-4389,E,,Public,24 hours daily,,,,,,2,,,ChargePoint Network,https://www.chargepoint.com,GPS,40.782364,-74.234307,8/26/2026,192996,2026-08-26 01:45:30 UTC,,,,7/21/2021,,,,,J1772,US,,,,Public,,public,,,,,,,,,,,,,,,,,,,,FALSE,,,,,,,,,FALSE,
ELEC,Simon - Jersey Shore Premium Outlets (Tinton Fall,1 Premium Outlets Blvd,,Tinton Falls,NJ,7753,,833-632-2778,E,,Public,24 hours daily,,,,,,,4,,Electrify America,https://www.electrifyamerica.com,GPS,40.22734,-74.09433,8/26/2026,193584,2026-08-26 03:39:09 UTC,,,,8/7/2021,,,,,J1772COMBO,US,,,,Public,,public,,,,,,,,,,,,,,,,,,,,FALSE,,,,,,,,,FALSE,
ELEC,FRONT SHOWROOM SHOP ST1,900 US-130,Lucas ford dealership,Burlington,NJ,8016,,888-758-4389,E,,Public,24 hours daily,,,,,,1,,,ChargePoint Network,https://www.chargepoint.com,GPS,40.07953,-74.83948,8/26/2026,193649,2026-08-26 01:39:45 UTC,,,,8/10/2021,,,,,J1772,US,,,,Public,,public,,,,,,,,,,,,,,,,,,,,FALSE,,,,,,,,,FALSE,
ELEC,GFS STATION GFS PS1,18 Fairgrounds Rd,,Hamilton Township,NJ,8619,,888-758-4389,E,,Public,24 hours daily,,,,,,2,,,ChargePoint Network,https://www.chargepoint.com,GPS,40.236744,-74.71967,8/26/2026,194120,2026-08-26 01:51:34 UTC,,,,8/19/2021,,,,,J1772,US,,,,Public,,public,,,,,,,,,,,,,,,,,,,,FALSE,,,,,,,,,FALSE,
ELEC,BERKELY MUNICIP TOWN HALL PS1,627 Pinewald Keswick Rd,Back corner of parking lot,Forked River,NJ,8731,,888-758-4389,E,,Public,24 hours daily,,,,,,2,,,ChargePoint Network,https://www.chargepoint.com,GPS,39.904443,-74.233008,8/26/2026,194272,2026-08-26 01:51:36 UTC,,,,8/26/2021,,,,,J1772,US,,,,Public,,public,,,,,,,,,,,,,,,,,,,,FALSE,,,,,,,,,FALSE,
ELEC,"Ferry Plaza (UBP) (Newark, NJ)",311 Ferry Street,,Newark,NJ,7105,,833-632-2778,E,,Public,24 hours daily,,,,,,,4,,Electrify America,https://www.electrifyamerica.com,GPS,40.72831,-74.15123,8/26/2026,194698,2026-08-26 03:38:35 UTC,,,,8/31/2021,,,,,J1772COMBO,US,,,,Public,,public,,,,,,,,,,,,,,,,,,,,FALSE,,,,,,,,,FALSE,
ELEC,Prospect Street Parking Lot (#1 and #2),29 Prospect Street,,Madison,NJ,7940,,888-998-2546,E,,Public,24 hours daily,,,,,,2,,,Blink Network,https://blinkcharging.com,GPS,40.75636242,-74.41577605,8/26/2026,195175,2026-08-26 00:45:33 UTC,,,,1/9/2020,,,,,J1772,US,,,,Public,,public,,,,,,,,,,$1.00-$25.00/Hr Variable Parking Fee,,,,,,,,,,FALSE,,,,,,,,,FALSE,
ELEC,Fort Lee Main St Municipal Parking Lot,231 Main St,,Fort Lee,NJ,7024,,888-998-2546,E,,Public,24 hours daily,,,,,,6,,,Blink Network,https://blinkcharging.com,GPS,40.8517854,-73.9714503,8/26/2026,195260,2026-08-26 00:45:46 UTC,,,,3/24/2020,,,,,J1772,US,,,,Public,,public,,,,,,,,,,FREE,,,,,,,,,,FALSE,,,,,,,,,FALSE,
ELEC,Madison Public Library,39 Keep Street,,Madison,NJ,7940,,888-998-2546,E,,Public,24 hours daily,,,,,,2,,,Blink Network,https://blinkcharging.com,GPS,40.75295512,-74.41450134,8/26/2026,195438,2026-08-26 00:47:20 UTC,,,,3/26/2020,,,,,J1772,US,,,,Public,,public,,,,,,,,,,$1.00-$25.00/Hr Variable Parking Fee,,,,,,,,,,FALSE,,,,,,,,,FALSE,
ELEC,King George Plaza,266 King George Road,,Warren,NJ,7059,,888-998-2546,E,,Public,24 hours daily,,,,,,1,,,Blink Network,https://blinkcharging.com,GPS,40.6415378,-74.5150386,8/26/2026,195439,2026-08-26 00:25:02 UTC,,,,12/26/2014,,,,,J1772,US,,,,Public,,public,,,,,,,,,,$1.00/Hr Parking Fee,,,,,,,,,,FALSE,,,,,,,,,FALSE,
ELEC,Partners Profit Fanwood Group,316 South Ave,,Fanwood,NJ,7023,,888-998-2546,E,,Public,24 hours daily,,,,,,1,,,Blink Network,https://blinkcharging.com,GPS,40.6418403,-74.3812904,8/26/2026,195440,2026-08-26 00:25:02 UTC,,,,8/11/2016,,,,,J1772,US,,,,Public,,public,,,,,,,,,,$1.00/Hr Parking Fee,,,,,,,,,,FALSE,,,,,,,,,FALSE,
ELEC,The Chelsea at Warren,274 King George Road,,Warren,NJ,7059,,888-998-2546,E,,Public,24 hours daily,,,,,,4,,,Blink Network,https://blinkcharging.com,GPS,40.6430734,-74.515243,8/26/2026,195511,2026-08-26 00:26:28 UTC,,,,10/7/2015,,,,,J1772,US,,,,Public,,public,,,,,,,,,,FREE,,,,,,,,,,FALSE,,,,,,,,,FALSE,
ELEC,100 Essex Ave,100 Essex Avenue,,Bellmawr,NJ,8031,,888-998-2546,E,,Public,24 hours daily,,,,,,1,,,Blink Network,https://blinkcharging.com,GPS,39.86681913,-75.10436898,8/26/2026,195513,2026-08-26 00:48:38 UTC,,,,9/7/2021,,,,,J1772,US,,,,Public,,public,,,,,,,,,,$0.00-$5.00/Hr Variable Parking Fee,,,,,,,,,,FALSE,,,,,,,,,FALSE,
ELEC,GRE Gateway LLC,9 West South Orange Avenue,,South Orange,NJ,7079,,888-998-2546,E,,Public,24 hours daily,,,,,,2,,,Blink Network,https://blinkcharging.com,GPS,40.7465526,-74.2605826,8/26/2026,195581,2026-08-26 00:26:40 UTC,,,,9/8/2021,,,,,J1772,US,,,,Public,,public,,,,,,,,,,"$0.00-$5.00/Hr Variable Parking Fee, $0.35/kWh Energy Fee",,,,,,,,,,FALSE,,,,,,,,,FALSE,
ELEC,The VIEW at Fairfield,264 Passaic Avenue,,Fairfield,NJ,7004,,888-998-2546,E,,Public,24 hours daily,,,,,,2,,,Blink Network,https://blinkcharging.com,GPS,40.8800783,-74.2710259,8/26/2026,195725,2026-08-26 00:50:14 UTC,,,,5/31/2021,,,,,J1772,US,,,,Public,,public,,,,,,,,,,"$0.00-$10.00/Hr Variable Parking Fee, $0.20/kWh Energy Fee",,,,,,,,,,FALSE,,,,,,,,,FALSE,
ELEC,JERSEYCITY LENGORDPARKL2,227 Manhattan Ave,,Jersey City,NJ,7307,,888-758-4389,E,,Public,24 hours daily,,,,,,2,,,ChargePoint Network,https://www.chargepoint.com,GPS,40.74584,-74.058846,8/26/2026,195736,2026-08-26 01:52:19 UTC,,,,9/9/2021,,,,,J1772,US,,,,Public,,public,,,,,,,,,,,,,,,,,,,,FALSE,,,,,,,,,FALSE,
ELEC,JERSEYCITY ENOSJONESPARK,387 8th St,,Jersey City,NJ,7302,,888-758-4389,E,,Public,24 hours daily,,,,,,2,,,ChargePoint Network,https://www.chargepoint.com,GPS,40.7275,-74.05121,8/26/2026,195737,2026-08-26 01:52:19 UTC,,,,9/9/2021,,,,,J1772,US,,,,Public,,public,,,,,,,,,,,,,,,,,,,,FALSE,,,,,,,,,FALSE,
ELEC,JERSEYCITY BERRYLANEPARKL2,1017 Garfield Ave,,Jersey City,NJ,7304,,888-758-4389,E,,Public,24 hours daily,,,,,,2,,,ChargePoint Network,https://www.chargepoint.com,GPS,40.713074,-74.06836,8/26/2026,195738,2026-08-26 01:52:19 UTC,,,,9/9/2021,,,,,J1772,US,,,,Public,,public,,,,,,,,,,,,,,,,,,,,FALSE,,,,,,,,,FALSE,
ELEC,"Lodi, NJ - Tesla Supercharger",150 Essex St,,Lodi,NJ,7644,,877-798-3752,E,,Public,24 hours daily. Open to Teslas only.,A D Debit M V,,,,,,8,,Tesla,https://www.tesla.com/supercharger,GPS,40.891467,-74.072588,6/18/2026,195782,2026-06-18 14:46:21 UTC,P,,,8/31/2021,,,,,TESLA,US,,,,Public,,public,,,GAS_STATION,,,,,,,,,,,,,,,,,FALSE,,,,,,,,LD,FALSE,
ELEC,THE EDDY STATION 1,555 S 1st St,,Harrison,NJ,7029,,888-758-4389,E,,Public,24 hours daily,,,,,,2,,,ChargePoint Network,https://www.chargepoint.com,GPS,40.741954,-74.162394,8/26/2026,195889,2026-08-26 01:45:28 UTC,,,,9/15/2021,,,,,J1772,US,,,,Public,,public,,,,,,,,,,,,,,,,,,,,FALSE,,,,,,,,,FALSE,
ELEC,THE EDDY STATION 2,555 S 1st St,,Harrison,NJ,7029,,888-758-4389,E,,Public,24 hours daily,,,,,,2,,,ChargePoint Network,https://www.chargepoint.com,GPS,40.742566,-74.162698,8/26/2026,195890,2026-08-26 01:45:28 UTC,,,,9/15/2021,,,,,J1772,US,,,,Public,,public,,,,,,,,,,,,,,,,,,,,FALSE,,,,,,,,,FALSE,
ELEC,FREIGHT STATION FREIGHT PS1,751 Speedwell Ave,Located in small lot next to Municipal Building,Morris Plains,NJ,7950,,888-758-4389,E,,Public,24 hours daily,,,,,,2,,,ChargePoint Network,https://www.chargepoint.com,GPS,40.829459,-74.478584,8/26/2026,196056,2026-08-26 01:50:07 UTC,,,,9/18/2021,,,,,J1772,US,,,,Public,,public,,,,,,,,,,,,,,,,,,,,FALSE,,,,,,,,,FALSE,
ELEC,LONG BEACH TWP HOLGATE PS1,5500 S. Long Beach Blvd,Near Holgate Bathrooms,Long Beach,NJ,8008,,888-758-4389,E,,Public,24 hours daily,,,,,,2,,,ChargePoint Network,https://www.chargepoint.com,GPS,39.532032,-74.2625,8/26/2026,196064,2026-08-26 01:52:37 UTC,,,,9/18/2021,,,,,J1772,US,,,,Public,,public,,,,,,,,,,,,,,,,,,,,FALSE,,,,,,,,,FALSE,
ELEC,LONG BEACH TWP TOWN HALL PS1,6805 Long Beach Blvd.,Near Pickleball Courts,Beach Haven,NJ,8008,,888-758-4389,E,,Public,24 hours daily,,,,,,2,,,ChargePoint Network,https://www.chargepoint.com,GPS,39.6163,-74.200409,8/26/2026,196066,2026-08-26 01:52:39 UTC,,,,9/18/2021,,,,,J1772,US,,,,Public,,public,,,,,,,,,,,,,,,,,,,,FALSE,,,,,,,,,FALSE,
ELEC,JERSEYCITY RIVERVIEW PARK,Ogden Ave,Ogden Ave at Riverview Park,Jersey City,NJ,7307,,888-758-4389,E,,Public,24 hours daily,,,,,,2,,,ChargePoint Network,https://www.chargepoint.com,GPS,40.744028,-74.043212,8/26/2026,196219,2026-08-26 01:41:06 UTC,,,,9/23/2021,,,,,J1772,US,,,,Public,,public,,,,,,,,,,,,,,,,,,,,FALSE,,,,,,,,,FALSE,
ELEC,THE EDDY STATION 3,555 S 1st St,,Harrison,NJ,7029,,888-758-4389,E,,Public,24 hours daily,,,,,,2,,,ChargePoint Network,https://www.chargepoint.com,GPS,40.742075,-74.162436,8/26/2026,196428,2026-08-26 01:45:28 UTC,,,,9/28/2021,,,,,J1772,US,,,,Public,,public,,,,,,,,,,,,,,,,,,,,FALSE,,,,,,,,,FALSE,
ELEC,WASHINGTON BID WASHINGTON PS1,44 East Wshington Avenue,,Washington,NJ,7882,,888-758-4389,E,,Public,24 hours daily,,,,,,2,,,ChargePoint Network,https://www.chargepoint.com,GPS,40.759323,-74.979092,8/26/2026,196460,2026-08-26 01:53:08 UTC,,,,9/29/2021,,,,,J1772,US,,,,Public,,public,,,,,,,,,,,,,,,,,,,,FALSE,,,,,,,,,FALSE,
ELEC,TEANECK TWSP TEANECK TWSP,818 Teaneck Rd,Teaneck Municipal Parking Lot,Teaneck,NJ,7666,,888-758-4389,E,,Public,24 hours daily,,,,,,2,,,ChargePoint Network,https://www.chargepoint.com,GPS,40.885667,-74.00727,8/26/2026,197105,2026-08-26 01:50:11 UTC,,,,10/5/2021,,,,,J1772,US,,,,Public,,public,,,,,,,,,,,,,,,,,,,,FALSE,,,,,,,,,FALSE,
ELEC,BRIAD GROUP CY HAMILTON,530 US-130,,Trenton,NJ,8691,,888-758-4389,E,,Public,24 hours daily,,,,,,2,,,ChargePoint Network,https://www.chargepoint.com,GPS,40.187796,-74.656348,8/26/2026,197191,2026-08-26 01:49:29 UTC,,,,10/7/2021,,,,,J1772,US,,,,Public,,public,,,,,,,,,,,,,,,,,,,,FALSE,,,,,,,,,FALSE,
ELEC,CITY OF PASSAIC PUBLIC STATION1,333 Passaic St,On St. Francis Way Northbound side,Passaic,NJ,7055,,888-758-4389,E,,Public,24 hours daily,,,,,,2,,,ChargePoint Network,https://www.chargepoint.com,GPS,40.860207,-74.12329,8/26/2026,197955,2026-08-26 01:53:26 UTC,,,,10/21/2021,,,,,J1772,US,,,,Public,,public,,,,,,,,,,,,,,,,,,,,FALSE,,,,,,,,,FALSE,
ELEC,CITY OF PASSAIC PUBLIC STATION2,330 Passaic St,Northbound on St. Francis Way,Passaic,NJ,7055,,888-758-4389,E,,Public,24 hours daily,,,,,,2,,,ChargePoint Network,https://www.chargepoint.com,GPS,40.860355,-74.12332,8/26/2026,197956,2026-08-26 01:53:26 UTC,,,,10/21/2021,,,,,J1772,US,,,,Public,,public,,,,,,,,,,,,,,,,,,,,FALSE,,,,,,,,,FALSE,
ELEC,BRIDGEWATER CT4021-1,1028 US-22,CUSTOMER FACING,Somerville,NJ,8876,,888-758-4389,E,,Public,24 hours daily,,,,,,2,,,ChargePoint Network,https://www.chargepoint.com,GPS,40.57963,-74.60303,8/26/2026,197958,2026-08-26 01:53:41 UTC,,,,10/21/2021,,,,,J1772,US,,,,Public,,public,,,,,,,,,,,,,,,,,,,,FALSE,,,,,,,,,FALSE,
ELEC,McDonald's #3389,189 Route 46 West,,Saddle Brook,NJ,7663,,888-998-2546,T,5/5/2026,TEMPORARILY UNAVAILABLE (Public),24 hours daily,,,,,,2,,,Blink Network,https://blinkcharging.com,GPS,40.89049169,-74.0942403,8/26/2026,197982,2026-08-26 00:27:22 UTC,,,,7/8/2021,,,,,J1772,US,,,,TEMPORAIREMENT SUSPENDU (Public),,public,,,,,,,,,,Free,,,,,,,,,,FALSE,,,,,,,,,FALSE,
ELEC,ICONA Diamond Beach,9701 Atlantic Ave,,Wildwood,NJ,8260,,866-816-7584,E,,Public,24 hours daily,,,,,,2,,,EV Connect,https://www.evconnect.com,GPS,38.957787,-74.849023,8/26/2026,198014,2026-08-26 03:49:56 UTC,,,,10/19/2021,,,,,J1772,US,,,,Public,,public,,,,,,,,,,,,,,,,,,,,FALSE,,,,,,,,,FALSE,
ELEC,1480 Aspen Garage,1480 Route 9,,Woodbridge,NJ,7095,,866-816-7584,P,7/31/2026,PLANNED - not yet accessible (Public),24 hours daily,,,,,,4,,,EV Connect,https://www.evconnect.com,GPS,40.561372,-74.295367,8/26/2026,198015,2026-08-26 03:49:08 UTC,,,,10/19/2021,,,,,J1772,US,,,,PRÉVU - pas encore accessible (Public),,public,,,,,,,,,,,,,,,,,,,,FALSE,,,,,,,,,FALSE,
ELEC,CHMB STATION 1,2151 Rte 70 W,,Cherry Hill,NJ,8002,,888-758-4389,E,,Public,24 hours daily,,,,,,2,,,ChargePoint Network,https://www.chargepoint.com,GPS,39.920852,-75.038857,8/26/2026,200729,2026-08-26 01:31:30 UTC,,,,11/9/2021,,,,,J1772,US,,,,Public,,public,,,,,,,,,,,,,,,,,,,,FALSE,,,,,,,,,FALSE,
ELEC,CHMB STATION 2,2151 Rte 70 W,,Cherry Hill,NJ,8002,,888-758-4389,E,,Public,24 hours daily,,,,,,2,,,ChargePoint Network,https://www.chargepoint.com,GPS,39.920753,-75.03868,8/26/2026,200730,2026-08-26 01:31:30 UTC,,,,11/9/2021,,,,,J1772,US,,,,Public,,public,,,,,,,,,,,,,,,,,,,,FALSE,,,,,,,,,FALSE,
ELEC,CHMB STATION 3,2151 Rte 70 W,,Cherry Hill,NJ,8002,,888-758-4389,E,,Public,24 hours daily,,,,,,2,,,ChargePoint Network,https://www.chargepoint.com,GPS,39.920844,-75.03861,8/26/2026,200731,2026-08-26 01:31:30 UTC,,,,11/9/2021,,,,,J1772,US,,,,Public,,public,,,,,,,,,,,,,,,,,,,,FALSE,,,,,,,,,FALSE,
ELEC,CHMB STATION 5,2151 Rte 70 W,,Cherry Hill,NJ,8002,,888-758-4389,E,,Public,24 hours daily,,,,,,2,,,ChargePoint Network,https://www.chargepoint.com,GPS,39.920817,-75.038629,8/26/2026,200732,2026-08-26 01:31:31 UTC,,,,11/9/2021,,,,,J1772,US,,,,Public,,public,,,,,,,,,,,,,,,,,,,,FALSE,,,,,,,,,FALSE,
ELEC,CHMB STATION 4,2151 Rte 70 W,,Cherry Hill,NJ,8002,,888-758-4389,E,,Public,24 hours daily,,,,,,2,,,ChargePoint Network,https://www.chargepoint.com,GPS,39.920844,-75.038621,8/26/2026,200881,2026-08-26 01:31:30 UTC,,,,11/10/2021,,,,,J1772,US,,,,Public,,public,,,,,,,,,,,,,,,,,,,,FALSE,,,,,,,,,FALSE,
ELEC,"Columbia, NJ - Tesla Supercharger",19 Simpson Road,,Columbia,NJ,7832,,877-798-3752,E,,Public,24 hours daily. NACS partner enabled.,A D Debit M V,,,,,,8,,Tesla,https://www.tesla.com/supercharger,GPS,40.933864,-75.101017,6/18/2026,201310,2026-06-18 14:46:21 UTC,P,,,11/12/2021,,,,,TESLA,US,,,,Public,,public,,,REST_STOP,,,,,,,,,,,,,,,,,FALSE,,,,,,,,LD,FALSE,
ELEC,L766 LITHIA STATION1,755 NJ-17,,Paramus,NJ,7652,,888-758-4389,E,,Public,24 hours daily,,,,,,2,,,ChargePoint Network,https://www.chargepoint.com,GPS,40.971234,-74.081007,8/26/2026,201355,2026-08-26 01:48:24 UTC,,,,11/19/2021,,,,,J1772,US,,,,Public,,public,,,,,,,,,,,,,,,,,,,,FALSE,,,,,,,,,FALSE,
ELEC,HOMEWOODEWRWO STATION 1,100 Parsonage Rd,,Edison,NJ,8837,,888-758-4389,E,,Public,24 hours daily,,,,,,2,,,ChargePoint Network,https://www.chargepoint.com,GPS,40.551622,-74.332835,8/26/2026,201359,2026-08-26 01:49:29 UTC,,,,11/19/2021,,,,,J1772,US,,,,Public,,public,,,,,,,,,,,,,,,,,,,,FALSE,,,,,,,,,FALSE,
ELEC,Donnelly Construction,557 Route 23 South,,Wayne,NJ,7470,,888-356-8911,E,,Public,24 hours daily,,,,,,1,,,FLO,https://www.flo.com,GPS,40.904581,-74.258953,8/26/2026,201437,2026-08-26 04:13:35 UTC,,,,11/19/2021,,,,,J1772,US,,,,Public,,public,,,,,,,,,,,,,,,,,,,,FALSE,,,,,,,,,FALSE,
ELEC,"Westampton, NJ - Rancocas Road - Tesla Supercharger",570 Rancocas Road,,Westampton,NJ,8060,,877-798-3752,E,,Public,24 hours daily. NACS partner enabled.,A D Debit M V,,,,,,8,,Tesla,https://www.tesla.com/supercharger,GPS,40.006835,-74.860832,6/18/2026,201930,2026-06-18 14:46:21 UTC,P,,,11/24/2021,,,,,TESLA,US,,,,Public,,public,,,GAS_STATION,,,,,,,,,,,,,,,,,FALSE,,,,,,,,LD,FALSE,
ELEC,BNE MASTER OLD BRIDGE 1,99 Old Amboy Rd,,Old Bridge,NJ,8857,,888-758-4389,E,,Public,24 hours daily,,,,,,2,,,ChargePoint Network,https://www.chargepoint.com,GPS,40.379239,-74.309297,8/26/2026,202082,2026-08-26 01:53:20 UTC,,,,12/7/2021,,,,,J1772,US,,,,Public,,public,,,,,,,,,,,,,,,,,,,,FALSE,,,,,,,,,FALSE,
ELEC,GLOBAL AUTOMALL CPF50 1,1099 US-22,,North Plainfield,NJ,7060,,888-758-4389,E,,Public,24 hours daily,,,,,,1,,,ChargePoint Network,https://www.chargepoint.com,GPS,40.616726,-74.455017,8/26/2026,202327,2026-08-26 01:55:55 UTC,,,,12/10/2021,,,,,J1772,US,,,,Public,,public,,,,,,,,,,,,,,,,,,,,FALSE,,,,,,,,,FALSE,
ELEC,"Malaga, NJ - Tesla Supercharger",450 Delsea Drive,,Malaga,NJ,8328,,877-798-3752,E,,Public,24 hours daily. NACS partner enabled.,A D Debit M V,,,,,,8,,Tesla,https://www.tesla.com/supercharger,GPS,39.572372,-75.052744,6/18/2026,202622,2026-06-18 14:46:21 UTC,P,,,12/8/2021,,,,,TESLA,US,,,,Public,,public,,,GAS_STATION,,,,,,,,,,,,,,,,,FALSE,,,,,,,,LD,FALSE,
ELEC,GLOBAL AUTOMALL G HYUNDAI 2,1099 US-22,,North Plainfield,NJ,7060,,888-758-4389,E,,Public,24 hours daily,,,,,,1,,,ChargePoint Network,https://www.chargepoint.com,GPS,40.616335,-74.455036,8/26/2026,202778,2026-08-26 01:51:01 UTC,,,,12/18/2021,,,,,J1772,US,,,,Public,,public,,,,,,,,,,,,,,,,,,,,FALSE,,,,,,,,,FALSE,
ELEC,MANOR AT TOTOWA A,100 Shepherds Ln,Parking Garage,Totowa,NJ,7512,,888-758-4389,E,,Public,24 hours daily,,,,,,2,,,ChargePoint Network,https://www.chargepoint.com,GPS,40.914703,-74.204185,8/26/2026,202903,2026-08-26 01:54:22 UTC,,,,12/22/2021,,,,,J1772,US,,,,Public,,public,,,,,,,,,,,,,,,,,,,,FALSE,,,,,,,,,FALSE,
ELEC,MANOR AT TOTOWA B,100 Shepherds Ln,In Parking Garage,Totowa,NJ,7512,,888-758-4389,E,,Public,24 hours daily,,,,,,2,,,ChargePoint Network,https://www.chargepoint.com,GPS,40.914536,-74.20409,8/26/2026,202904,2026-08-26 01:54:22 UTC,,,,12/22/2021,,,,,J1772,US,,,,Public,,public,,,,,,,,,,,,,,,,,,,,FALSE,,,,,,,,,FALSE,
ELEC,"Target T2181 (Sicklerville, NJ)",487 Cross Keys Rd,,Sicklerville,NJ,8081,,833-632-2778,E,,Public,24 hours daily,,,,,,,4,,Electrify America,https://www.electrifyamerica.com,GPS,39.74633,-74.9946,8/26/2026,202970,2026-08-26 03:38:55 UTC,,,,12/23/2021,,,,,J1772COMBO,US,,,,Public,,public,,,,,,,,,,,,,,,,,,,,FALSE,,,,,,,,,FALSE,
ELEC,GEHRHSD ABSEGAMI HS 2,201 S Wrangleboro Rd,,Galloway,NJ,8205,,888-758-4389,E,,Public,24 hours daily,,,,,,2,,,ChargePoint Network,https://www.chargepoint.com,GPS,39.480061,-74.516889,8/26/2026,202994,2026-08-26 01:51:16 UTC,,,,12/24/2021,,,,,J1772,US,,,,Public,,public,,,,,,,,,,,,,,,,,,,,FALSE,,,,,,,,,FALSE,
ELEC,GEHRHSD ABSEGAMI HS 1,201 S Wrangleboro Rd,,Galloway,NJ,8205,,888-758-4389,E,,Public,24 hours daily,,,,,,2,,,ChargePoint Network,https://www.chargepoint.com,GPS,39.480194,-74.516942,8/26/2026,202995,2026-08-26 01:51:16 UTC,,,,12/24/2021,,,,,J1772,US,,,,Public,,public,,,,,,,,,,,,,,,,,,,,FALSE,,,,,,,,,FALSE,
ELEC,GEHRHSD CEDAR CREEK HS2,1701 New York Ave,,Egg Harbor City,NJ,8215,,888-758-4389,E,,Public,24 hours daily,,,,,,2,,,ChargePoint Network,https://www.chargepoint.com,GPS,39.551762,-74.628038,8/26/2026,202996,2026-08-26 01:51:17 UTC,,,,12/24/2021,,,,,J1772,US,,,,Public,,public,,,,,,,,,,,,,,,,,,,,FALSE,,,,,,,,,FALSE,
ELEC,GFS STATION GFS PS2,18 Fairgrounds Rd,,Hamilton Township,NJ,8619,,888-758-4389,E,,Public,24 hours daily,,,,,,2,,,ChargePoint Network,https://www.chargepoint.com,GPS,40.236755,-74.719666,8/26/2026,202997,2026-08-26 01:51:34 UTC,,,,12/24/2021,,,,,J1772,US,,,,Public,,public,,,,,,,,,,,,,,,,,,,,FALSE,,,,,,,,,FALSE,
ELEC,GEHRHSD OAK CREST 1,1824 Dr. Dennis Forman Dr,,Mays Landing,NJ,8330,,888-758-4389,E,,Public,24 hours daily,,,,,,2,,,ChargePoint Network,https://www.chargepoint.com,GPS,39.45338,-74.674457,8/26/2026,202998,2026-08-26 01:52:01 UTC,,,,12/24/2021,,,,,J1772,US,,,,Public,,public,,,,,,,,,,,,,,,,,,,,FALSE,,,,,,,,,FALSE,
ELEC,Watchung Municipal Building,15 Mountain Blvd,,Watchung,NJ,7069,,908-756-0080,E,,Public,24 hours daily,,,,,,1,,,Non-Networked,,GPS,40.636798,-74.451783,5/12/2025,204265,2026-02-02 23:16:24 UTC,SG,,,11/10/2014,,,,,J1772,US,,,,Public,,public,,,STATE_GOV,,,,,,,Free,,,,,,,,,,FALSE,,,,,,,,LD,FALSE,
ELEC,MANE339 STATION2,339 Jefferson Rd,Inside parking garage,Parsippany-Troy Hills,NJ,7054,,888-758-4389,E,,Public,24 hours daily,,,,,,2,,,ChargePoint Network,https://www.chargepoint.com,GPS,40.85403,-74.41473,8/26/2026,204304,2026-08-26 01:55:27 UTC,,,,1/5/2022,,,,,J1772,US,,,,Public,,public,,,,,,,,,,,,,,,,,,,,FALSE,,,,,,,,,FALSE,
ELEC,MANE339 STATION1,339 Jefferson Rd,Inside parking garage,Parsippany-Troy Hills,NJ,7054,,888-758-4389,E,,Public,24 hours daily,,,,,,2,,,ChargePoint Network,https://www.chargepoint.com,GPS,40.8541,-74.414696,8/26/2026,204305,2026-08-26 01:55:27 UTC,,,,1/5/2022,,,,,J1772,US,,,,Public,,public,,,,,,,,,,,,,,,,,,,,FALSE,,,,,,,,,FALSE,
ELEC,ESSEX COUNTY ESSEX CTY PS1,50 S Clinton St,Right of parking lot entrance to building,East Orange,NJ,7018,,888-758-4389,E,,Public,24 hours daily,,,,,,2,,,ChargePoint Network,https://www.chargepoint.com,GPS,40.762493,-74.21597,8/26/2026,204449,2026-08-26 01:56:44 UTC,,,,1/7/2022,,,,,J1772,US,,,,Public,,public,,,,,,,,,,,,,,,,,,,,FALSE,,,,,,,,,FALSE,
ELEC,The Crest at Princeton Meadows,3217 Ravens Crest Dr,,Plainsboro,NJ,8536,,888-998-2546,E,,Public,24 hours daily,,,,,,2,,,Blink Network,https://blinkcharging.com,GPS,40.326563,-74.55482,8/26/2026,205039,2026-08-26 00:14:37 UTC,,,,1/19/2022,,,,,J1772,US,,,,Public,,public,,,,,,,,,,Free,,,,,,,,,,FALSE,,,,,,,,,FALSE,
ELEC,Wholesale Auto Supply,22 Florence Street,,South Hackensack,NJ,7606,,888-356-8911,E,,Public,24 hours daily,,,,,,2,,,FLO,https://www.flo.com,GPS,40.8678229,-74.0461124,8/26/2026,205091,2026-08-26 04:13:50 UTC,,,,1/20/2022,,,,,J1772,US,,,,Public,,public,,,,,,,,,,,,,,,,,,,,FALSE,,,,,,,,,FALSE,
ELEC,PSEG NUCLEAR POWER 1,Power 1 Hope Creek Rd,Processing Center,Lower Alloways Creek,NJ,8038,,888-758-4389,E,,Public,24 hours daily,,,,,,2,,,ChargePoint Network,https://www.chargepoint.com,GPS,39.466245,-75.531071,8/26/2026,205321,2026-08-26 01:57:43 UTC,,,,1/26/2022,,,,,J1772,US,,,,Public,,public,,,,,,,,,,,,,,,,,,,,FALSE,,,,,,,,,FALSE,
ELEC,PSEG NUCLEAR POWER 5,Power 5 Hope Creek Rd,Processing Center,Lower Alloways Creek,NJ,8038,,888-758-4389,E,,Public,24 hours daily,,,,,,2,,,ChargePoint Network,https://www.chargepoint.com,GPS,39.466224,-75.531337,8/26/2026,205398,2026-08-26 01:57:43 UTC,,,,1/27/2022,,,,,J1772,US,,,,Public,,public,,,,,,,,,,,,,,,,,,,,FALSE,,,,,,,,,FALSE,
ELEC,PSEG NUCLEAR POWER 4,Power 4 Hope Creek Rd,Processing Center,Lower Alloways Creek,NJ,8038,,888-758-4389,E,,Public,24 hours daily,,,,,,2,,,ChargePoint Network,https://www.chargepoint.com,GPS,39.466227,-75.531267,8/26/2026,205399,2026-08-26 01:57:43 UTC,,,,1/27/2022,,,,,J1772,US,,,,Public,,public,,,,,,,,,,,,,,,,,,,,FALSE,,,,,,,,,FALSE,
ELEC,PSEG NUCLEAR POWER 3,Power 3 Hope Creek Rd,Processing Center,Lower Alloways Creek,NJ,8038,,888-758-4389,E,,Public,24 hours daily,,,,,,2,,,ChargePoint Network,https://www.chargepoint.com,GPS,39.466234,-75.531205,8/26/2026,205400,2026-08-26 01:57:44 UTC,,,,1/27/2022,,,,,J1772,US,,,,Public,,public,,,,,,,,,,,,,,,,,,,,FALSE,,,,,,,,,FALSE,
ELEC,PSEG NUCLEAR POWER 6,Power 6 Hope Creek Rd,Processing Center,Lower Alloways Creek,NJ,8038,,888-758-4389,E,,Public,24 hours daily,,,,,,2,,,ChargePoint Network,https://www.chargepoint.com,GPS,39.466217,-75.531399,8/26/2026,205458,2026-08-26 01:57:43 UTC,,,,1/28/2022,,,,,J1772,US,,,,Public,,public,,,,,,,,,,,,,,,,,,,,FALSE,,,,,,,,,FALSE,
ELEC,PSEG NUCLEAR POWER 2,Power 2 Hope Creek Rd,Processing Center,Lower Alloways Creek,NJ,8038,,888-758-4389,E,,Public,24 hours daily,,,,,,2,,,ChargePoint Network,https://www.chargepoint.com,GPS,39.466238,-75.531132,8/26/2026,205615,2026-08-26 01:57:44 UTC,,,,1/29/2022,,,,,J1772,US,,,,Public,,public,,,,,,,,,,,,,,,,,,,,FALSE,,,,,,,,,FALSE,
ELEC,PSEG NUCLEAR POWER 7,2100 Alloway Creek Neck Rd,Processing Center,Hancocks Bridge,NJ,8038,,888-758-4389,E,,Public,24 hours daily,,,,,,2,,,ChargePoint Network,https://www.chargepoint.com,GPS,39.466211,-75.531472,8/26/2026,205747,2026-08-26 01:57:43 UTC,,,,2/3/2022,,,,,J1772,US,,,,Public,,public,,,,,,,,,,,,,,,,,,,,FALSE,,,,,,,,,FALSE,
ELEC,"Westfield Garden State Plaza (Paramus, NJ)",1 Garden State Plaza Blvd,,Paramus,NJ,6611,,833-632-2778,E,,Public,24 hours daily,,,,,,,6,,Electrify America,https://www.electrifyamerica.com,GPS,40.91612,-74.07394,8/26/2026,205887,2026-08-26 03:38:33 UTC,,,,2/4/2022,,,,,J1772COMBO,US,,,,Public,,public,,,,,,,,,,,,,,,,,,,,FALSE,,,,,,,,,FALSE,
ELEC,BNE MASTER TEANECK #1,1500 Teaneck Rd,Inside the garage,Teaneck,NJ,7666,,888-758-4389,E,,Public,24 hours daily,,,,,,1,,,ChargePoint Network,https://www.chargepoint.com,GPS,40.902317,-74.00017,8/26/2026,205920,2026-08-26 01:41:14 UTC,,,,2/5/2022,,,,,J1772,US,,,,Public,,public,,,,,,,,,,,,,,,,,,,,FALSE,,,,,,,,,FALSE,
ELEC,BNE MASTER LINK 2,1101 Schindler,Inside Link Community,Aberdeen,NJ,7747,,888-758-4389,E,,Public,24 hours daily,,,,,,2,,,ChargePoint Network,https://www.chargepoint.com,GPS,40.420153,-74.221685,8/26/2026,205921,2026-08-26 01:43:41 UTC,,,,2/5/2022,,,,,J1772,US,,,,Public,,public,,,,,,,,,,,,,,,,,,,,FALSE,,,,,,,,,FALSE,
ELEC,THE GROVE LANDMARK GROVE2,67 Old New Brunswick Road,ClubHouse,Piscataway,NJ,8854,,888-758-4389,E,,Public,24 hours daily,,,,,,2,,,ChargePoint Network,https://www.chargepoint.com,GPS,40.563355,-74.46068,8/26/2026,205922,2026-08-26 01:47:24 UTC,,,,2/5/2022,,,,,J1772,US,,,,Public,,public,,,,,,,,,,,,,,,,,,,,FALSE,,,,,,,,,FALSE,
ELEC,Madison Community Arts Center,10 Kings Road,,Madison,NJ,7940,,888-998-2546,E,,Public,24 hours daily,,,,,,2,,,Blink Network,https://blinkcharging.com,GPS,40.76039526,-74.41809584,8/26/2026,206051,2026-08-26 00:53:05 UTC,,,,8/23/2021,,,,,J1772,US,,,,Public,,public,,,,,,,,,,$1.00-$25.00/Hr Variable Parking Fee,,,,,,,,,,FALSE,,,,,,,,,FALSE,
ELEC,Elmer Street Lot,1 Elmer Street,,Madison,NJ,7940,,888-998-2546,E,,Public,24 hours daily,,,,,,2,,,Blink Network,https://blinkcharging.com,GPS,40.75875731,-74.41366326,8/26/2026,206052,2026-08-26 00:53:05 UTC,,,,8/23/2021,,,,,J1772,US,,,,Public,,public,,,,,,,,,,$1.00-$25.00/Hr Variable Parking Fee,,,,,,,,,,FALSE,,,,,,,,,FALSE,
ELEC,Kings Road Lot,62 Kings Road,,Madison,NJ,7940,,888-998-2546,E,,Public,24 hours daily,,,,,,2,,,Blink Network,https://blinkcharging.com,GPS,40.75599518,-74.41524125,8/26/2026,206053,2026-08-26 00:53:05 UTC,,,,8/23/2021,,,,,J1772,US,,,,Public,,public,,,,,,,,,,$1.00-$25.00/Hr Variable Parking Fee,,,,,,,,,,FALSE,,,,,,,,,FALSE,
ELEC,GREEN AVENUE LOT,Green Avenue,,Madison,NJ,7940,,888-998-2546,E,,Public,24 hours daily,,,,,,2,,,Blink Network,https://blinkcharging.com,GPS,40.7579563,-74.41697576,8/26/2026,206054,2026-08-26 00:53:05 UTC,,,,8/23/2021,,,,,J1772,US,,,,Public,,public,,,,,,,,,,$1.00-$25.00/Hr Variable Parking Fee,,,,,,,,,,FALSE,,,,,,,,,FALSE,
ELEC,Memorial Park Lot,65 Rosedale Avenue,,Madison,NJ,7940,,888-998-2546,E,,Public,24 hours daily,,,,,,1,,,Blink Network,https://blinkcharging.com,GPS,40.7594743,-74.39910828,8/26/2026,206055,2026-08-26 00:53:05 UTC,,,,8/23/2021,,,,,J1772,US,,,,Public,,public,,,,,,,,,,$1.00-$25.00/Hr Variable Parking Fee,,,,,,,,,,FALSE,,,,,,,,,FALSE,
ELEC,"Lener Denville Square (Denville, NJ)",28 West Main Street,,Denville,NJ,7834,,833-632-2778,E,,Public,24 hours daily,,,,,,,4,,Electrify America,https://www.electrifyamerica.com,GPS,40.89403,-74.47822,8/26/2026,206121,2026-08-26 03:40:33 UTC,,,,2/10/2022,,,,,J1772COMBO,US,,,,Public,,public,,,,,,,,,,,,,,,,,,,,FALSE,,,,,,,,,FALSE,
ELEC,"UBP Pompton Lakes (Pompton Lakes, NJ)",55 Wanaque Ave,,Pompton Lakes,NJ,7442,,833-632-2778,E,,Public,24 hours daily,,,,,,,4,,Electrify America,https://www.electrifyamerica.com,GPS,41.00746,-74.29366,8/26/2026,206715,2026-08-26 03:41:20 UTC,,,,2/18/2022,,,,,J1772COMBO,US,,,,Public,,public,,,,,,,,,,,,,,,,,,,,FALSE,,,,,,,,,FALSE,
ELEC,Verizon - Branchburg,51 Imclone Dr,,Branchburg,NJ,8876,,,E,,Private,24 hours daily,,,,,,4,,,Non-Networked,,200-9,40.554209,-74.713203,12/12/2025,206824,2026-05-18 20:35:46 UTC,P,,,8/11/2021,,,,,J1772,US,,,,Privé,,private,,,OFFICE_BLDG,,,,,,,,,,,,,,,,,,,,,,,,,LD,TRUE,
ELEC,Verizon - Morristown,14 Airport Rd,,Morristown,NJ,7960,,,E,,Private,24 hours daily,,,,,,4,,,Non-Networked,,200-9,40.794177,-74.426057,12/12/2025,206826,2026-05-18 20:35:46 UTC,P,,,11/16/2021,,,,,J1772,US,,,,Privé,,private,,,OFFICE_BLDG,,,,,,,,,,,,,,,,,,,,,,,,,LD,TRUE,
ELEC,PASSAIC COUNTY ART STATION 1,675 Goffle Rd,Located on south side of building.,Hawthorne,NJ,7506,,888-758-4389,E,,Public,24 hours daily,,,,,,2,,,ChargePoint Network,https://www.chargepoint.com,GPS,40.956648,-74.161657,8/26/2026,206902,2026-08-26 01:58:45 UTC,,,,2/23/2022,,,,,J1772,US,,,,Public,,public,,,,,,,,,,,,,,,,,,,,FALSE,,,,,,,,,FALSE,
ELEC,OK4WD CHARGER 1,2621 NJ-57,Left side of building,Franklin Township,NJ,8886,,888-758-4389,E,,Public,24 hours daily,,,,,,2,,,ChargePoint Network,https://www.chargepoint.com,GPS,40.713844,-75.09117,8/26/2026,206952,2026-08-26 01:58:52 UTC,,,,2/24/2022,,,,,J1772,US,,,,Public,,public,,,,,,,,,,,,,,,,,,,,FALSE,,,,,,,,,FALSE,
ELEC,OK4WD CHARGER 2,2621 NJ-57,Left of building under OK Auto Sign,Franklin Township,NJ,8886,,888-758-4389,E,,Public,24 hours daily,,,,,,2,,,ChargePoint Network,https://www.chargepoint.com,GPS,40.71382,-75.09121,8/26/2026,206953,2026-08-26 01:58:53 UTC,,,,2/24/2022,,,,,J1772,US,,,,Public,,public,,,,,,,,,,,,,,,,,,,,FALSE,,,,,,,,,FALSE,
ELEC,FSHYUNDAI PUBLIC LEVEL 3,500 NJ 23,,Sussex,NJ,7461,,888-758-4389,E,,Public,24 hours daily,,,,,,,1,,ChargePoint Network,https://www.chargepoint.com,GPS,41.207222,-74.608708,8/26/2026,207365,2026-08-26 01:59:11 UTC,,,,3/1/2022,,,,,CHADEMO J1772COMBO,US,,,,Public,,public,,,,,,,,,,,,,,,,,,,,FALSE,,,,,,,,,FALSE,
ELEC,GEHRHSD OAK CREST HS 2,1824 Dr Dennis Forman Dr,,Mays Landing,NJ,8330,,888-758-4389,E,,Public,24 hours daily,,,,,,2,,,ChargePoint Network,https://www.chargepoint.com,GPS,39.454851,-74.675356,8/26/2026,207440,2026-08-26 01:52:00 UTC,,,,3/2/2022,,,,,J1772,US,,,,Public,,public,,,,,,,,,,,,,,,,,,,,FALSE,,,,,,,,,FALSE,
ELEC,L710 BBLOM STATION 1,425 Bloomfield Ave,,Bloomfield,NJ,7003,,888-758-4389,E,,Public,24 hours daily,,,,,,2,,,ChargePoint Network,https://www.chargepoint.com,GPS,40.789218,-74.194224,8/26/2026,207507,2026-08-26 01:59:19 UTC,,,,3/3/2022,,,,,J1772,US,,,,Public,,public,,,,,,,,,,,,,,,,,,,,FALSE,,,,,,,,,FALSE,
ELEC,"UBP Valley Ridge (Wayne, NJ)",600 Valley Road,,Wayne,NJ,7470,,833-632-2778,E,,Public,24 hours daily,,,,,,,4,,Electrify America,https://www.electrifyamerica.com,GPS,40.93161,-74.22765,8/26/2026,207527,2026-08-26 03:38:34 UTC,,,,3/3/2022,,,,,J1772COMBO,US,,,,Public,,public,,,,,,,,,,,,,,,,,,,,FALSE,,,,,,,,,FALSE,
ELEC,MUNICIPAL LOT 2 4 HART 2,4 Harts Ln,,East Brunswick,NJ,8816,,888-758-4389,E,,Public,24 hours daily,,,,,,2,,,ChargePoint Network,https://www.chargepoint.com,GPS,40.444768,-74.409185,8/26/2026,207678,2026-08-26 01:59:41 UTC,,,,3/5/2022,,,,,J1772,US,,,,Public,,public,,,,,,,,,,,,,,,,,,,,FALSE,,,,,,,,,FALSE,
ELEC,MUNICIPAL LOT 2 4 HART,4 Harts Ln,,East Brunswick,NJ,8816,,888-758-4389,E,,Public,24 hours daily,,,,,,2,,,ChargePoint Network,https://www.chargepoint.com,GPS,40.444845,-74.409195,8/26/2026,207679,2026-08-26 01:59:41 UTC,,,,3/5/2022,,,,,J1772,US,,,,Public,,public,,,,,,,,,,,,,,,,,,,,FALSE,,,,,,,,,FALSE,
ELEC,BNE MASTER TEANECK 4,1500 Teaneck Rd,,Teaneck,NJ,7666,,888-758-4389,E,,Public,24 hours daily,,,,,,2,,,ChargePoint Network,https://www.chargepoint.com,GPS,40.902263,-74.000017,8/26/2026,207913,2026-08-26 01:59:53 UTC,,,,3/10/2022,,,,,J1772,US,,,,Public,,public,,,,,,,,,,,,,,,,,,,,FALSE,,,,,,,,,FALSE,
ELEC,BNE MASTER TEANECK 3,1500 Teaneck Rd,,Teaneck,NJ,7666,,888-758-4389,E,,Public,24 hours daily,,,,,,2,,,ChargePoint Network,https://www.chargepoint.com,GPS,40.902327,-74.000062,8/26/2026,207914,2026-08-26 01:59:54 UTC,,,,3/10/2022,,,,,J1772,US,,,,Public,,public,,,,,,,,,,,,,,,,,,,,FALSE,,,,,,,,,FALSE,
ELEC,CIRCLEAUTOGROUP CH-CPE250 2,641 Shrewsbury Ave,,Shrewsbury,NJ,7702,,888-758-4389,E,,Public,24 hours daily,,,,,,,1,,ChargePoint Network,https://www.chargepoint.com,GPS,40.327743,-74.072449,8/26/2026,207915,2026-08-26 01:59:54 UTC,,,,3/10/2022,,,,,J1772COMBO TESLA,US,,,,Public,,public,,,,,,,,,,,,,,,,,,,,FALSE,,,,,,,,,FALSE,
ELEC,Millburn Municipal Parking Lot 2,101 Essex St,,Millburn,NJ,7041,,973-564-7088,E,,Public,24 hours daily; pay lot,,,,,,2,,,Non-Networked,,200-9,40.725793,-74.30657,12/10/2024,211924,2025-02-12 00:16:32 UTC,LG,,,4/13/2022,,,,,J1772,US,,,,Public,,public,,,PAY_LOT,,,,,,,Free,,,,,,,,,,FALSE,,,,,,,,LD,FALSE,
ELEC,MB OF CALDWELL FRONT LOT 1,1220 Bloomfield Ave,,Fairfield,NJ,7004,,888-758-4389,E,,Public,24 hours daily,,,,,,2,,,ChargePoint Network,https://www.chargepoint.com,GPS,40.85637,-74.313761,8/26/2026,211953,2026-08-26 01:49:42 UTC,,,,3/18/2022,,,,,J1772,US,,,,Public,,public,,,,,,,,,,,,,,,,,,,,FALSE,,,,,,,,,FALSE,
ELEC,THE GROVE LANDMARK GROVE1,67 Old New Brunswick Rd,ClubHouse,Piscataway,NJ,8854,,888-758-4389,E,,Public,24 hours daily,,,,,,2,,,ChargePoint Network,https://www.chargepoint.com,GPS,40.563347,-74.46068,8/26/2026,212028,2026-08-26 01:47:27 UTC,,,,3/19/2022,,,,,J1772,US,,,,Public,,public,,,,,,,,,,,,,,,,,,,,FALSE,,,,,,,,,FALSE,
ELEC,"Macerich’s Freehold Raceway Mall (Freehold, NJ)",3710 U.S. 9,,Freehold,NJ,7728,,833-632-2778,E,,Public,24 hours daily,,,,,,,4,,Electrify America,https://www.electrifyamerica.com,GPS,40.25039,-74.29782,8/26/2026,212147,2026-08-26 03:41:15 UTC,,,,3/22/2022,,,,,J1772COMBO,US,,,,Public,,public,,,,,,,,,,,,,,,,,,,,FALSE,,,,,,,,,FALSE,
ELEC,SALEM COUNTY SCC STATION 1,460 Hollywood Ave,,Carneys Point Township,NJ,8069,,888-758-4389,E,,Public,24 hours daily,,,,,,2,,,ChargePoint Network,https://www.chargepoint.com,GPS,39.701443,-75.47006,8/26/2026,212203,2026-08-26 01:43:18 UTC,,,,3/23/2022,,,,,J1772,US,,,,Public,,public,,,,,,,,,,,,,,,,,,,,FALSE,,,,,,,,,FALSE,
ELEC,Cape May Ferry Park,1200 Lincoln Blvd,,North Cape May,NJ,8204,,609-551-4209,E,,Public,24 hours daily,,,,,,4,,,AMPUP,https://ampup.io,200-9,38.970356,-74.953586,4/6/2022,212658,2023-02-14 15:54:11 UTC,P,,,3/21/2022,,,,,J1772,US,,,,Public,,public,,,RESTAURANT,,,,,,,,,,,,,,,,,FALSE,,,,,,,,LD,FALSE,
ELEC,The Jewish Home at Rockleigh,10 Link Dr,,Rockleigh,NJ,7647,,888-998-2546,E,,Public,24 hours daily,,,,,,4,,,Blink Network,https://blinkcharging.com,GPS,41.007947,-73.931577,8/26/2026,212674,2026-08-26 00:14:45 UTC,,,,3/24/2022,,,,,J1772,US,,,,Public,,public,,,,,,,,,,Free,,,,,,,,,,FALSE,,,,,,,,,FALSE,
ELEC,"Old Bridge, NJ - Tesla Supercharger",1453 Route 18 South,,Old Bridge,NJ,8853,,877-798-3752,E,,Public,24 hours daily. NACS partner enabled.,A D Debit M V,,,,,,8,,Tesla,https://www.tesla.com/supercharger,GPS,40.391176,-74.34014,6/18/2026,212752,2026-06-18 14:46:21 UTC,P,,,3/23/2022,,,,,TESLA,US,,,,Public,,public,,,GAS_STATION,,,,,,,,,,,,,,,,,FALSE,,,,,,,,LD,FALSE,
ELEC,OKCC OKCC PS1,356 Skillman Rd,In spots towards the back,Montgomery,NJ,8558,,888-758-4389,T,8/11/2026,TEMPORARILY UNAVAILABLE (Public),24 hours daily,,,,,,2,,,ChargePoint Network,https://www.chargepoint.com,GPS,40.42157,-74.710106,8/26/2026,213480,2026-08-26 02:00:39 UTC,,,,4/6/2022,,,,,J1772,US,,,,TEMPORAIREMENT SUSPENDU (Public),,public,,,,,,,,,,,,,,,,,,,,FALSE,,,,,,,,,FALSE,
ELEC,AXIS@SOUTH AXISSOUTHAMBOY2,328 Parker Ave,,South Amboy,NJ,8879,,888-758-4389,E,,Public,24 hours daily,,,,,,2,,,ChargePoint Network,https://www.chargepoint.com,GPS,40.473998,-74.286075,8/26/2026,213491,2026-08-26 02:01:07 UTC,,,,4/6/2022,,,,,J1772,US,,,,Public,,public,,,,,,,,,,,,,,,,,,,,FALSE,,,,,,,,,FALSE,
ELEC,AXIS@SOUTH AXISSOUTHAMBOY1,611 bordentown Ave,,South Amboy,NJ,8879,,888-758-4389,E,,Public,24 hours daily,,,,,,2,,,ChargePoint Network,https://www.chargepoint.com,GPS,40.474274,-74.285934,8/26/2026,213492,2026-08-26 02:01:07 UTC,,,,4/6/2022,,,,,J1772,US,,,,Public,,public,,,,,,,,,,,,,,,,,,,,FALSE,,,,,,,,,FALSE,
ELEC,AXIS@SOUTH AXISSOUTHAMBOY3,328 Parker Ave,,South Amboy,NJ,8879,,888-758-4389,E,,Public,24 hours daily,,,,,,2,,,ChargePoint Network,https://www.chargepoint.com,GPS,40.474051,-74.286105,8/26/2026,213493,2026-08-26 02:01:07 UTC,,,,4/6/2022,,,,,J1772,US,,,,Public,,public,,,,,,,,,,,,,,,,,,,,FALSE,,,,,,,,,FALSE,
ELEC,BCC PARAMUS NJ BCC PS2,400 Paramus Rd,In same spots as original stations.,Paramus,NJ,7652,,888-758-4389,E,,Public,24 hours daily,,,,,,2,,,ChargePoint Network,https://www.chargepoint.com,GPS,40.951118,-74.091078,8/26/2026,213595,2026-08-26 02:01:13 UTC,,,,4/8/2022,,,,,J1772,US,,,,Public,,public,,,,,,,,,,,,,,,,,,,,FALSE,,,,,,,,,FALSE,
ELEC,Township of Winslow - Coopers Folly Road,33 Coopers Folly Road,,Atco,NJ,8004,,888-998-2546,E,,Public,24 hours daily,,,,,,2,,,Blink Network,https://blinkcharging.com,GPS,39.750299,-74.906063,8/26/2026,213810,2026-08-26 00:14:50 UTC,,,,4/11/2022,,,,,J1772,US,,,,Public,,public,,,,,,,,,,Free,,,,,,,,,,FALSE,,,,,,,,,FALSE,
ELEC,BNE MASTER FAIRFIELD #1,10 Kingsbridge Rd,,Fairfield,NJ,7004,,888-758-4389,E,,Public,24 hours daily,,,,,,2,,,ChargePoint Network,https://www.chargepoint.com,GPS,40.879733,-74.268648,8/26/2026,214351,2026-08-26 02:01:24 UTC,,,,4/21/2022,,,,,J1772,US,,,,Public,,public,,,,,,,,,,,,,,,,,,,,FALSE,,,,,,,,,FALSE,
ELEC,200 Madison Ave,200 Madison Ave,,Morristown,NJ,7960,,888-998-2546,E,,Public,24 hours daily,,,,,,4,,,Blink Network,https://blinkcharging.com,GPS,40.787039,-74.45358,8/26/2026,214723,2026-08-26 00:11:46 UTC,,,,4/21/2022,,,,,J1772,US,,,,Public,,public,,,,,,,,,,Free,,,,,,,,,,FALSE,,,,,,,,,FALSE,
ELEC,Holiday Inn Express Ramsey-Mahwah,946 State Route 17,,Ramsey,NJ,7446,,888-998-2546,E,,Public,24 hours daily,,,,,,6,,,Blink Network,https://blinkcharging.com,GPS,41.0654174,-74.1293638,8/26/2026,214726,2026-08-26 00:30:43 UTC,,,,3/8/2022,,,,,J1772,US,,,,Public,,public,,,,,,,,,,$0.24/kWh Energy Fee,,,,,,,,,,FALSE,,,,,,,,,FALSE,
ELEC,"Macerich Deptford Mall (Deptford, NJ)",1750 Deptford Center Rd,,Deptford,NJ,8096,,833-632-2778,E,,Public,24 hours daily,,,,,,,4,,Electrify America,https://www.electrifyamerica.com,GPS,39.83316,-75.0991,8/26/2026,214919,2026-08-26 03:38:28 UTC,,,,4/22/2022,,,,,J1772COMBO,US,,,,Public,,public,,,,,,,,,,,,,,,,,,,,FALSE,,,,,,,,,FALSE,
ELEC,Township of Winslow - Courthouse Entrance,125 South Route 73,,Braddock,NJ,8037,,888-998-2546,E,,Public,24 hours daily,,,,,,2,,,Blink Network,https://blinkcharging.com,GPS,39.701847,-74.896034,8/26/2026,215049,2026-08-26 00:05:43 UTC,,,,4/12/2022,,,,,J1772,US,,,,Public,,public,,,,,,,,,,Free,,,,,,,,,,FALSE,,,,,,,,,FALSE,
ELEC,Township of Winslow - Police Records,125 South Route 73,,Braddock,NJ,8037,,888-998-2546,E,,Public,24 hours daily,,,,,,2,,,Blink Network,https://blinkcharging.com,GPS,39.700909,-74.896078,8/26/2026,215050,2026-08-26 00:05:43 UTC,,,,4/18/2022,,,,,J1772,US,,,,Public,,public,,,,,,,,,,Free,,,,,,,,,,FALSE,,,,,,,,,FALSE,
ELEC,GATEWAY KIA NB ABB STATION 1,720 Carolier Ln,,North Brunswick Township,NJ,8902,,888-758-4389,E,,Public,24 hours daily,,,,,,,1,,ChargePoint Network,https://www.chargepoint.com,GPS,40.463382,-74.449723,8/26/2026,216403,2026-08-26 02:01:28 UTC,,,,4/29/2022,,,,,J1772COMBO,US,,,,Public,,public,,,,,,,,,,,,,,,,,,,,FALSE,,,,,,,,,FALSE,
ELEC,FRANKLIN STATION 1,429 Lewis St,,Franklin Township,NJ,8873,,888-758-4389,E,,Public,Mon: 7:00am-11:00pm; Tue: 7:00am-11:00pm; Wed: 7:00am-11:00pm; Thu: 7:00am-11:00pm; Fri: 7:00am-11:00pm; Sat: 7:00am-11:00pm; Sun: 7:00am-11:00pm,,,,,,2,,,ChargePoint Network,https://www.chargepoint.com,GPS,40.490949,-74.478962,8/26/2026,217188,2026-08-26 01:56:20 UTC,,,,5/8/2022,,,,,J1772,US,,,,Public,,public,,,,,,,,,,,,,,,,,,,,FALSE,,,,,,,,,FALSE,
ELEC,MORRIS TOWNSHIP STREETER POOL 2,2 Inamere Rd,"Middle of parking lot, closest to the street side",Morristown,NJ,7960,,888-758-4389,E,,Public,24 hours daily,,,,,,2,,,ChargePoint Network,https://www.chargepoint.com,GPS,40.81201,-74.504944,8/26/2026,217216,2026-08-26 02:02:17 UTC,,,,5/8/2022,,,,,J1772,US,,,,Public,,public,,,,,,,,,,,,,,,,,,,,FALSE,,,,,,,,,FALSE,
ELEC,MORRIS TOWNSHIP MORRIS TWNSHP 2,2 Inamere Rd,,Morristown,NJ,7960,,888-758-4389,E,,Public,24 hours daily,,,,,,2,,,ChargePoint Network,https://www.chargepoint.com,GPS,40.81151,-74.50481,8/26/2026,217280,2026-08-26 02:02:18 UTC,,,,5/10/2022,,,,,J1772,US,,,,Public,,public,,,,,,,,,,,,,,,,,,,,FALSE,,,,,,,,,FALSE,
ELEC,THE BERKSHIRE STATION 1,1401 Hudson St,,Hoboken,NJ,7030,,888-758-4389,T,6/24/2026,TEMPORARILY UNAVAILABLE (Public),24 hours daily,,,,,,1,,,ChargePoint Network,https://www.chargepoint.com,GPS,40.75321,-74.02461,8/26/2026,217352,2026-08-26 01:10:26 UTC,,,,5/12/2022,,,,,J1772,US,,,,TEMPORAIREMENT SUSPENDU (Public),,public,,,,,,,,,,,,,,,,,,,,FALSE,,,,,,,,,FALSE,
ELEC,Johnson & Johnson Supply Chain,430 US-22 E,,Bridgewater,NJ,8807,,888-998-2546,T,7/11/2026,TEMPORARILY UNAVAILABLE (Public),24 hours daily,,,,,,1,,,Blink Network,https://blinkcharging.com,GPS,40.591161,-74.652764,8/26/2026,218089,2026-08-26 00:04:04 UTC,,,,7/7/2021,,,,,J1772,US,,,,TEMPORAIREMENT SUSPENDU (Public),,public,,,,,,,,,,Free,,,,,,,,,,FALSE,,,,,,,,,FALSE,
ELEC,GOLD COAST CADI STATION1,2123 NJ-35,By showroom,Ocean Township,NJ,7755,,888-758-4389,E,,Public,24 hours daily,,,,,,,1,,ChargePoint Network,https://www.chargepoint.com,GPS,40.268333,-74.041638,8/26/2026,218958,2026-08-26 02:01:46 UTC,,,,5/21/2022,,,,,CHADEMO J1772COMBO,US,,,,Public,,public,,,,,,,,,,,,,,,,,,,,FALSE,,,,,,,,,FALSE,
ELEC,GOLD COAST CADI STATION2,2123 NJ-35,,Ocean Township,NJ,7755,,888-758-4389,E,,Public,24 hours daily,,,,,,,1,,ChargePoint Network,https://www.chargepoint.com,GPS,40.268269,-74.041009,8/26/2026,218959,2026-08-26 02:01:46 UTC,,,,5/21/2022,,,,,CHADEMO J1772COMBO,US,,,,Public,,public,,,,,,,,,,,,,,,,,,,,FALSE,,,,,,,,,FALSE,
ELEC,THE BERKSHIRE STATION2,1401 Hudson St,,Hoboken,NJ,7030,,888-758-4389,E,,Public,24 hours daily,,,,,,1,,,ChargePoint Network,https://www.chargepoint.com,GPS,40.753145,-74.02461,8/26/2026,220221,2026-08-26 01:10:27 UTC,,,,5/27/2022,,,,,J1772,US,,,,Public,,public,,,,,,,,,,,,,,,,,,,,FALSE,,,,,,,,,FALSE,
ELEC,EV 01 STATION 1,570 Washington Blvd,,Jersey City,NJ,7310,,888-758-4389,E,,Public,24 hours daily,,,,,,2,,,ChargePoint Network,https://www.chargepoint.com,GPS,40.728914,-74.033992,8/26/2026,220312,2026-08-26 01:51:25 UTC,,,,5/28/2022,,,,,J1772,US,,,,Public,,public,,,,,,,,,,,,,,,,,,,,FALSE,,,,,,,,,FALSE,
ELEC,EV 01 STATION 2,570 Washington Blvd,,Jersey City,NJ,7310,,888-758-4389,E,,Public,24 hours daily,,,,,,2,,,ChargePoint Network,https://www.chargepoint.com,GPS,40.728912,-74.03404,8/26/2026,220313,2026-08-26 01:51:25 UTC,,,,5/28/2022,,,,,J1772,US,,,,Public,,public,,,,,,,,,,,,,,,,,,,,FALSE,,,,,,,,,FALSE,
ELEC,DT&P MIDTOWN GAR PS3,326 Clinton St,On ground level in garage,Hoboken,NJ,7030,,888-758-4389,E,,Public,24 hours daily,,,,,,2,,,ChargePoint Network,https://www.chargepoint.com,GPS,40.741856,-74.03474,8/26/2026,220327,2026-08-26 02:03:13 UTC,,,,5/28/2022,,,,,J1772,US,,,,Public,,public,,,,,,,,,,,,,,,,,,,,FALSE,,,,,,,,,FALSE,
ELEC,DT&P MIDTOWN GAR PS2,326 Clinton St,Ground level of garage,Hoboken,NJ,7030,,888-758-4389,E,,Public,24 hours daily,,,,,,2,,,ChargePoint Network,https://www.chargepoint.com,GPS,40.74186,-74.03474,8/26/2026,220328,2026-08-26 02:03:13 UTC,,,,5/28/2022,,,,,J1772,US,,,,Public,,public,,,,,,,,,,,,,,,,,,,,FALSE,,,,,,,,,FALSE,
ELEC,DT&P MIDTOWN GAR PS1,326 Clinton St,Ground level of garage,Hoboken,NJ,7030,,888-758-4389,E,,Public,24 hours daily,,,,,,2,,,ChargePoint Network,https://www.chargepoint.com,GPS,40.74189,-74.03474,8/26/2026,220329,2026-08-26 02:03:13 UTC,,,,5/28/2022,,,,,J1772,US,,,,Public,,public,,,,,,,,,,,,,,,,,,,,FALSE,,,,,,,,,FALSE,
ELEC,SOLOMON VERDANA,1210 Salerno Way,,Howell Township,NJ,7731,,888-758-4389,E,,Public,24 hours daily,,,,,,2,,,ChargePoint Network,https://www.chargepoint.com,GPS,40.176391,-74.240206,8/26/2026,220428,2026-08-26 02:01:11 UTC,,,,6/2/2022,,,,,J1772,US,,,,Public,,public,,,,,,,,,,,,,,,,,,,,FALSE,,,,,,,,,FALSE,
ELEC,"Elwood, NJ - Tesla Supercharger",Milepost 21.3 on the Atlantic City Expy,,Elwood,NJ,8217,,877-798-3752,E,,Public,24 hours daily. Open to Teslas only.,A D Debit M V,,,,,,8,,Tesla,https://www.tesla.com/supercharger,GPS,39.55151,-74.735131,6/18/2026,220696,2026-06-18 14:46:21 UTC,P,,,5/27/2022,,,,,TESLA,US,,,,Public,,public,,,REST_STOP,,,,,,,,,,,,,,,,,FALSE,,,,,,,,LD,FALSE,
ELEC,OLD BRIDGE TWP INVERNESS PS1,Inverness Park-n-Ride at US-9 northbound,Near Lot Entrance,Old Bridge,NJ,8857,,888-758-4389,E,,Public,24 hours daily,,,,,,2,,,ChargePoint Network,https://www.chargepoint.com,GPS,40.386612,-74.30736,8/26/2026,220957,2026-08-26 02:02:02 UTC,,,,6/8/2022,,,,,J1772,US,,,,Public,,public,,,,,,,,,,,,,,,,,,,,FALSE,,,,,,,,,FALSE,
ELEC,DT&P 1301 JEFFERSON,1313 Jefferson St,,Hoboken,NJ,7030,,888-758-4389,E,,Public,24 hours daily,,,,,,2,,,ChargePoint Network,https://www.chargepoint.com,GPS,40.75347,-74.03328,8/26/2026,220964,2026-08-26 02:03:22 UTC,,,,6/8/2022,,,,,J1772,US,,,,Public,,public,,,,,,,,,,,,,,,,,,,,FALSE,,,,,,,,,FALSE,
ELEC,DT&P GARAGE D ST3,215 Hudson St,Ground level of garage exit,Hoboken,NJ,7030,,888-758-4389,E,,Public,24 hours daily,,,,,,2,,,ChargePoint Network,https://www.chargepoint.com,GPS,40.73928,-74.028656,8/26/2026,220967,2026-08-26 02:03:26 UTC,,,,6/8/2022,,,,,J1772,US,,,,Public,,public,,,,,,,,,,,,,,,,,,,,FALSE,,,,,,,,,FALSE,
ELEC,DT&P GARAGE B ST 3,28 2nd St,,Hoboken,NJ,7030,,888-758-4389,E,,Public,24 hours daily,,,,,,2,,,ChargePoint Network,https://www.chargepoint.com,GPS,40.73831,-74.029076,8/26/2026,220968,2026-08-26 02:03:28 UTC,,,,6/8/2022,,,,,J1772,US,,,,Public,,public,,,,,,,,,,,,,,,,,,,,FALSE,,,,,,,,,FALSE,
ELEC,One Theater Square,2 Center Street,,Newark,NJ,7102,,888-998-2546,E,,Public,24 hours daily,,,,,,3,,,Blink Network,https://blinkcharging.com,GPS,40.738989,-74.167338,8/26/2026,221169,2026-08-26 00:21:34 UTC,,,,6/10/2022,,,,,J1772,US,,,,Public,,public,,,,,,,,,,Free,,,,,,,,,,FALSE,,,,,,,,,FALSE,
ELEC,"BOA Fort Lee Main NJ6-180 (Fort Lee, NJ)",154 Main Street,,Fort Lee,NJ,7024,,833-632-2778,E,,Public,24 hours daily,,,,,,,4,,Electrify America,https://www.electrifyamerica.com,GPS,40.85031,-73.96805,8/26/2026,221265,2026-08-26 03:38:33 UTC,,,,6/14/2022,,,,,J1772COMBO,US,,,,Public,,public,,,,,,,,,,,,,,,,,,,,FALSE,,,,,,,,,FALSE,
ELEC,GLOBAL AUTOMALL GLOBAL CH1,1099 US-22,,North Plainfield,NJ,7060,,888-758-4389,T,4/8/2026,TEMPORARILY UNAVAILABLE (Public),24 hours daily,,,,,,,1,,ChargePoint Network,https://www.chargepoint.com,GPS,40.616443,-74.454818,8/26/2026,221447,2026-08-26 02:03:26 UTC,,,,6/17/2022,,,,,CHADEMO J1772COMBO,US,,,,TEMPORAIREMENT SUSPENDU (Public),,public,,,,,,,,,,,,,,,,,,,,FALSE,,,,,,,,,FALSE,
ELEC,STONEBRIDGE STONEBRIDGE,100 Hollinshead Spring Rd,Near front entrance,Montgomery,NJ,8558,,888-758-4389,E,,Public,24 hours daily,,,,,,2,,,ChargePoint Network,https://www.chargepoint.com,GPS,40.413994,-74.6392,8/26/2026,221552,2026-08-26 01:24:50 UTC,,,,6/21/2022,,,,,J1772,US,,,,Public,,public,,,,,,,,,,,,,,,,,,,,FALSE,,,,,,,,,FALSE,
ELEC,BROAD #2 BROAD 2 PARAGON,2 Paragon Way,,Freehold Township,NJ,7728,,888-758-4389,E,,Public,24 hours daily,,,,,,2,,,ChargePoint Network,https://www.chargepoint.com,GPS,40.239438,-74.257445,8/26/2026,221614,2026-08-26 02:03:46 UTC,,,,6/22/2022,,,,,J1772,US,,,,Public,,public,,,,,,,,,,,,,,,,,,,,FALSE,,,,,,,,,FALSE,
ELEC,BROAD #2 BROAD 4 PARAGON,4 Paragon Way,Parking lot,Freehold,NJ,7728,,888-758-4389,E,,Public,24 hours daily,,,,,,2,,,ChargePoint Network,https://www.chargepoint.com,GPS,40.239799,-74.253984,8/26/2026,221615,2026-08-26 02:03:46 UTC,,,,6/22/2022,,,,,J1772,US,,,,Public,,public,,,,,,,,,,,,,,,,,,,,FALSE,,,,,,,,,FALSE,
ELEC,BROAD #2 BROAD 9 ENTIN 2,9 Entin Rd,Parking lot,Parsippany-Troy Hills,NJ,7054,,888-758-4389,E,,Public,24 hours daily,,,,,,2,,,ChargePoint Network,https://www.chargepoint.com,GPS,40.843296,-74.434386,8/26/2026,221616,2026-08-26 02:03:59 UTC,,,,6/22/2022,,,,,J1772,US,,,,Public,,public,,,,,,,,,,,,,,,,,,,,FALSE,,,,,,,,,FALSE,
ELEC,BROAD #2 BROAD 9 ENTIN 1,9 Entin Rd,,Parsippany-Troy Hills,NJ,7054,,888-758-4389,E,,Public,24 hours daily,,,,,,2,,,ChargePoint Network,https://www.chargepoint.com,GPS,40.843248,-74.434343,8/26/2026,221617,2026-08-26 02:03:59 UTC,,,,6/22/2022,,,,,J1772,US,,,,Public,,public,,,,,,,,,,,,,,,,,,,,FALSE,,,,,,,,,FALSE,
ELEC,LPD LEONIA BORO PS1,381 Broad Ave,Next to Dante's,Leonia,NJ,7605,,888-758-4389,E,,Public,24 hours daily,,,,,,2,,,ChargePoint Network,https://www.chargepoint.com,GPS,40.863106,-73.986465,8/26/2026,221624,2026-08-26 02:04:06 UTC,,,,6/22/2022,,,,,J1772,US,,,,Public,,public,,,,,,,,,,,,,,,,,,,,FALSE,,,,,,,,,FALSE,
ELEC,GEHRHSD CEDAR CREEK HS1,1701 New York Ave,,Egg Harbor City,NJ,8215,,888-758-4389,E,,Public,24 hours daily,,,,,,2,,,ChargePoint Network,https://www.chargepoint.com,GPS,39.550843,-74.627794,8/26/2026,221974,2026-08-26 01:51:17 UTC,,,,6/25/2022,,,,,J1772,US,,,,Public,,public,,,,,,,,,,,,,,,,,,,,FALSE,,,,,,,,,FALSE,
ELEC,MERCERCOUNTYNJ MCIA PS1,80 Hamilton Ave,"Rear of Biulding, beside Ajax Management door",Trenton,NJ,8611,,888-758-4389,E,,Public,24 hours daily,,,,,,2,,,ChargePoint Network,https://www.chargepoint.com,GPS,40.213474,-74.7579,8/26/2026,222046,2026-08-26 01:55:03 UTC,,,,6/28/2022,,,,,J1772,US,,,,Public,,public,,,,,,,,,,,,,,,,,,,,FALSE,,,,,,,,,FALSE,
ELEC,MERCERCOUNTYNJ ASSUNPINK PS1,1085 Old Trenton Rd,"Corner of parking lot, right hand side as you face building",Hamilton Township,NJ,8690,,888-758-4389,E,,Public,24 hours daily,,,,,,2,,,ChargePoint Network,https://www.chargepoint.com,GPS,40.25009,-74.65596,8/26/2026,222047,2026-08-26 01:55:05 UTC,,,,6/28/2022,,,,,J1772,US,,,,Public,,public,,,,,,,,,,,,,,,,,,,,FALSE,,,,,,,,,FALSE,
ELEC,MERCERCOUNTYNJ SYPEK PS1,MCTS Sypek Center 129 Bull Run Rd,On island in parking lot,Hopewell Township,NJ,8534,,888-758-4389,E,,Public,24 hours daily,,,,,,2,,,ChargePoint Network,https://www.chargepoint.com,GPS,40.286594,-74.767975,8/26/2026,222048,2026-08-26 01:55:06 UTC,,,,6/28/2022,,,,,J1772,US,,,,Public,,public,,,,,,,,,,,,,,,,,,,,FALSE,,,,,,,,,FALSE,
ELEC,MERCERCOUNTYNJ HVGC PS1,114 Pennington - Hopewell Rd,Beside the business office,Hopewell,NJ,8525,,888-758-4389,E,,Public,24 hours daily,,,,,,2,,,ChargePoint Network,https://www.chargepoint.com,GPS,40.363327,-74.78706,8/26/2026,222049,2026-08-26 01:55:07 UTC,,,,6/28/2022,,,,,J1772,US,,,,Public,,public,,,,,,,,,,,,,,,,,,,,FALSE,,,,,,,,,FALSE,
ELEC,MERCERCOUNTYNJ HUNT HOUSE PS1,197 Blackwell Rd,,Pennington,NJ,8534,,888-758-4389,E,,Public,24 hours daily,,,,,,2,,,ChargePoint Network,https://www.chargepoint.com,GPS,40.328397,-74.745387,8/26/2026,222050,2026-08-26 01:55:42 UTC,,,,6/28/2022,,,,,J1772,US,,,,Public,,public,,,,,,,,,,,,,,,,,,,,FALSE,,,,,,,,,FALSE,
ELEC,MERCERCOUNTYNJ MCER CTY OP PS1,1440 Parkside Ave.,Left of main entrance,Ewing Township,NJ,8638,,888-758-4389,E,,Public,24 hours daily,,,,,,2,,,ChargePoint Network,https://www.chargepoint.com,GPS,40.25089,-74.769394,8/26/2026,222051,2026-08-26 01:55:58 UTC,,,,6/28/2022,,,,,J1772,US,,,,Public,,public,,,,,,,,,,,,,,,,,,,,FALSE,,,,,,,,,FALSE,
ELEC,MERCERCOUNTYNJ MTN VIEW PS1,850 Bear Tavern Rd,"Right of main building, in front of second entrance",Ewing Township,NJ,8628,,888-758-4389,E,,Public,24 hours daily,,,,,,2,,,ChargePoint Network,https://www.chargepoint.com,GPS,40.28045,-74.8332,8/26/2026,222054,2026-08-26 01:56:27 UTC,,,,6/28/2022,,,,,J1772,US,,,,Public,,public,,,,,,,,,,,,,,,,,,,,FALSE,,,,,,,,,FALSE,
ELEC,MERCERCOUNTYNJ 640 S BROAD PS1,651 S Broad St,Located Parking Lot,Trenton,NJ,8611,,888-758-4389,E,,Public,24 hours daily,,,,,,2,,,ChargePoint Network,https://www.chargepoint.com,GPS,40.208397,-74.75436,8/26/2026,222056,2026-08-26 01:56:29 UTC,,,,6/28/2022,,,,,J1772,US,,,,Public,,public,,,,,,,,,,,,,,,,,,,,FALSE,,,,,,,,,FALSE,
ELEC,MERCERCOUNTYNJ MERCER OAKS PS1,725 Village Rd W,Near Entrance,West Windsor Township,NJ,8550,,888-758-4389,E,,Public,24 hours daily,,,,,,2,,,ChargePoint Network,https://www.chargepoint.com,GPS,40.278187,-74.65084,8/26/2026,222071,2026-08-26 02:02:36 UTC,,,,6/28/2022,,,,,J1772,US,,,,Public,,public,,,,,,,,,,,,,,,,,,,,FALSE,,,,,,,,,FALSE,
ELEC,MERCERCOUNTYNJ BOAT HOUSE PS1,334 S Post Rd,Boat house,West Windsor Township,NJ,8550,,888-758-4389,E,,Public,24 hours daily,,,,,,2,,,ChargePoint Network,https://www.chargepoint.com,GPS,40.265106,-74.642654,8/26/2026,222072,2026-08-26 02:02:42 UTC,,,,6/28/2022,,,,,J1772,US,,,,Public,,public,,,,,,,,,,,,,,,,,,,,FALSE,,,,,,,,,FALSE,
ELEC,MERCERCOUNTYNJ PCC PS1,1 Wheeler Way,Next to cart house,Princeton,NJ,8540,,888-758-4389,E,,Public,24 hours daily,,,,,,2,,,ChargePoint Network,https://www.chargepoint.com,GPS,40.31098,-74.669174,8/26/2026,222073,2026-08-26 02:02:50 UTC,,,,6/28/2022,,,,,J1772,US,,,,Public,,public,,,,,,,,,,,,,,,,,,,,FALSE,,,,,,,,,FALSE,
ELEC,"Cranford, NJ - Tesla Supercharger",370 North Avenue East,,Cranford,NJ,7016,,877-798-3752,E,,Public,24 hours daily. NACS partner enabled.,A D Debit M V,,,,,,12,,Tesla,https://www.tesla.com/supercharger,GPS,40.658263,-74.28785,6/18/2026,222334,2026-06-18 14:46:21 UTC,P,,,6/21/2022,,,,,TESLA,US,,,,Public,,public,,,GAS_STATION,,,,,,,,,,,,,,,,,FALSE,,,,,,,,LD,FALSE,
ELEC,East Park Street Hospitality Urban Renewal Inc. - dba TRYP BY WYNDHAM,24 East Park Street,,Newark,NJ,7102,,888-998-2546,E,,Public,24 hours daily,,,,,,2,,,Blink Network,https://blinkcharging.com,GPS,40.738323,-74.1679201,8/26/2026,222380,2026-08-26 00:32:09 UTC,,,,6/9/2022,,,,,J1772,US,,,,Public,,public,,,,,,,,,,$0.12-$0.50/kWh Variable Energy Fee,,,,,,,,,,FALSE,,,,,,,,,FALSE,
ELEC,MORRIS TOWNSHIP TOWN HALL PS1,50 Woodland Ave,Rear of building by gazebo,Morristown,NJ,7960,,888-758-4389,E,,Public,24 hours daily,,,,,,2,,,ChargePoint Network,https://www.chargepoint.com,GPS,40.78148,-74.462456,8/26/2026,222398,2026-08-26 02:01:20 UTC,,,,7/1/2022,,,,,J1772,US,,,,Public,,public,,,,,,,,,,,,,,,,,,,,FALSE,,,,,,,,,FALSE,
ELEC,BROAD #2 BROAD 303 MAIN2,303 W Main St,,Freehold Township,NJ,7728,,888-758-4389,E,,Public,24 hours daily,,,,,,2,,,ChargePoint Network,https://www.chargepoint.com,GPS,40.245366,-74.297907,8/26/2026,222497,2026-08-26 02:03:09 UTC,,,,7/4/2022,,,,,J1772,US,,,,Public,,public,,,,,,,,,,,,,,,,,,,,FALSE,,,,,,,,,FALSE,
ELEC,BROAD #2 BROAD 303 MAIN1,303 W Main St,,Freehold Township,NJ,7728,,888-758-4389,E,,Public,24 hours daily,,,,,,2,,,ChargePoint Network,https://www.chargepoint.com,GPS,40.245416,-74.297906,8/26/2026,222498,2026-08-26 02:03:10 UTC,,,,7/4/2022,,,,,J1772,US,,,,Public,,public,,,,,,,,,,,,,,,,,,,,FALSE,,,,,,,,,FALSE,
ELEC,BEACH HAVEN BOROUGH HALL,300 Engleside Ave,North side of municipal building,Beach Haven,NJ,8008,,888-758-4389,E,,Public,24 hours daily,,,,,,2,,,ChargePoint Network,https://www.chargepoint.com,GPS,39.563063,-74.241108,8/26/2026,222509,2026-08-26 01:16:39 UTC,,,,7/6/2022,,,,,J1772,US,,,,Public,,public,,,,,,,,,,,,,,,,,,,,FALSE,,,,,,,,,FALSE,
ELEC,"Flemington VW, Porsche, Audi",213 Route 202 South,,Flemington,NJ,8822,,888-998-2546,E,,Public,24 hours daily,,,,,,2,,,Blink Network,https://blinkcharging.com,GPS,40.48722017,-74.8635884,8/26/2026,222538,2026-08-26 00:52:21 UTC,,,,7/6/2022,,,,,J1772,US,,,,Public,,public,,,,,,,,,,Free,,,,,,,,,,FALSE,,,,,,,,,FALSE,
ELEC,"Monroe Township, NJ - Tesla Supercharger",Route 33 & Butcher Road,,Monroe Township,NJ,8831,,877-798-3752,E,,Public,24 hours daily. NACS partner enabled.,A D Debit M V,,,,,,8,,Tesla,https://www.tesla.com/supercharger,GPS,40.26712,-74.471894,6/18/2026,222800,2026-06-18 14:46:21 UTC,P,,,6/30/2022,,,,,TESLA,US,,,,Public,,public,,,GAS_STATION,,,,,,,,,,,,,,,,,FALSE,,,,,,,,LD,FALSE,
ELEC,AVALON STATION 28TH ST,30 28th St E,28th Street Parking Lot. Near Boardwalk and Beach,Avalon,NJ,8202,,888-758-4389,E,,Public,24 hours daily,,,,,,2,,,ChargePoint Network,https://www.chargepoint.com,GPS,39.094965,-74.717645,8/26/2026,223070,2026-08-26 01:16:44 UTC,,,,7/11/2022,,,,,J1772,US,,,,Public,,public,,,,,,,,,,,,,,,,,,,,FALSE,,,,,,,,,FALSE,
ELEC,AVALON STATION 30TH ST,3000 Dune Dr,30th and Dune Drive. Close to Police Station,Avalon,NJ,8202,,888-758-4389,E,,Public,24 hours daily,,,,,,1,,,ChargePoint Network,https://www.chargepoint.com,GPS,39.095837,-74.723082,8/26/2026,223071,2026-08-26 01:17:29 UTC,,,,7/11/2022,,,,,J1772,US,,,,Public,,public,,,,,,,,,,,,,,,,,,,,FALSE,,,,,,,,,FALSE,
ELEC,RUSSO PH 1 STATION 1,160 River St,,Hackensack,NJ,7601,,888-758-4389,E,,Public,24 hours daily,,,,,,2,,,ChargePoint Network,https://www.chargepoint.com,GPS,40.882428,-74.040317,8/26/2026,223416,2026-08-26 02:02:25 UTC,,,,7/13/2022,,,,,J1772,US,,,,Public,,public,,,,,,,,,,,,,,,,,,,,FALSE,,,,,,,,,FALSE,
ELEC,RUSSO PH 1 STATION 2,160 River St,,Hackensack,NJ,7601,,888-758-4389,E,,Public,24 hours daily,,,,,,2,,,ChargePoint Network,https://www.chargepoint.com,GPS,40.881775,-74.040907,8/26/2026,223417,2026-08-26 02:02:25 UTC,,,,7/13/2022,,,,,J1772,US,,,,Public,,public,,,,,,,,,,,,,,,,,,,,FALSE,,,,,,,,,FALSE,
ELEC,LIVINGSTON ECC STATION 1,290 W Mt Pleasant Ave,,Livingston,NJ,7039,,888-758-4389,E,,Public,24 hours daily,,,,,,2,,,ChargePoint Network,https://www.chargepoint.com,GPS,40.79771,-74.339539,8/26/2026,223543,2026-08-26 01:22:57 UTC,,,,7/16/2022,,,,,J1772,US,,,,Public,,public,,,,,,,,,,,,,,,,,,,,FALSE,,,,,,,,,FALSE,
ELEC,LIVINGSTON ECC STATION 2,290 W Mt Pleasant Ave,,Livingston,NJ,7039,,888-758-4389,E,,Public,24 hours daily,,,,,,2,,,ChargePoint Network,https://www.chargepoint.com,GPS,40.797711,-74.339658,8/26/2026,223544,2026-08-26 01:23:04 UTC,,,,7/16/2022,,,,,J1772,US,,,,Public,,public,,,,,,,,,,,,,,,,,,,,FALSE,,,,,,,,,FALSE,
ELEC,PARAMUS RT17 BROAD PARAMUS 1,95 State Rte 17,,Paramus,NJ,7652,,888-758-4389,E,,Public,24 hours daily,,,,,,2,,,ChargePoint Network,https://www.chargepoint.com,GPS,40.927265,-74.071849,8/26/2026,223557,2026-08-26 02:04:49 UTC,,,,7/16/2022,,,,,J1772,US,,,,Public,,public,,,,,,,,,,,,,,,,,,,,FALSE,,,,,,,,,FALSE,
ELEC,PARAMUS RT17 BROAD PARAMUS 2,95 State Rte 17,Parking Lot,Paramus,NJ,7652,,888-758-4389,E,,Public,24 hours daily,,,,,,2,,,ChargePoint Network,https://www.chargepoint.com,GPS,40.927265,-74.071774,8/26/2026,223558,2026-08-26 02:04:49 UTC,,,,7/16/2022,,,,,J1772,US,,,,Public,,public,,,,,,,,,,,,,,,,,,,,FALSE,,,,,,,,,FALSE,
ELEC,"UBP Bloomfield Crossing (Bloomfield, NJ)",736 Belleville Ave #36,,Bloomfield,NJ,7003,,833-632-2778,E,,Public,24 hours daily,,,,,,,4,,Electrify America,https://www.electrifyamerica.com,GPS,40.79687,-74.17895,8/26/2026,223791,2026-08-26 03:38:31 UTC,,,,7/20/2022,,,,,J1772COMBO,US,,,,Public,,public,,,,,,,,,,,,,,,,,,,,FALSE,,,,,,,,,FALSE,
ELEC,"PH Urban Renewal, LLC",25 Columbus Drive,,Jersey City,NJ,7302,,888-998-2546,E,,Public,24 hours daily,,,,,,24,,,Blink Network,https://blinkcharging.com,GPS,40.717549,-74.038363,8/26/2026,224446,2026-08-26 00:50:57 UTC,,,,7/26/2022,,,,,J1772,US,,,,Public,,public,,,,,,,,,,Free,,,,,,,,,,FALSE,,,,,,,,,FALSE,
ELEC,MUNI COMPLEX MUNI 1,379 S Branch Rd,,Hillsborough Township,NJ,8844,,888-758-4389,E,,Public,24 hours daily,,,,,,2,,,ChargePoint Network,https://www.chargepoint.com,GPS,40.505745,-74.67461,8/26/2026,224455,2026-08-26 01:59:39 UTC,,,,7/27/2022,,,,,J1772,US,,,,Public,,public,,,,,,,,,,,,,,,,,,,,FALSE,,,,,,,,,FALSE,
ELEC,L766 ABB WALLBOX,755 New Jersey 17,,Paramus,NJ,7652,,888-758-4389,E,,Public,24 hours daily,,,,,,,1,,ChargePoint Network,https://www.chargepoint.com,GPS,40.971772,-74.081421,8/26/2026,224646,2026-08-26 02:03:56 UTC,,,,7/30/2022,,,,,J1772COMBO,US,,,,Public,,public,,,,,,,,,,,,,,,,,,,,FALSE,,,,,,,,,FALSE,
ELEC,WOODBRIDGE TWP ELEANOR PL PS1,364 Eleanor Pl,On street next to parking lot,Woodbridge Township,NJ,7095,,888-758-4389,E,,Public,24 hours daily,,,,,,2,,,ChargePoint Network,https://www.chargepoint.com,GPS,40.554245,-74.27678,8/26/2026,224701,2026-08-26 02:02:03 UTC,,,,8/2/2022,,,,,J1772,US,,,,Public,,public,,,,,,,,,,,,,,,,,,,,FALSE,,,,,,,,,FALSE,
ELEC,WOODBRIDGE TWP NEW ST PS1,87 New St,Center of parking lot,Woodbridge Township,NJ,7095,,888-758-4389,E,,Public,24 hours daily,,,,,,2,,,ChargePoint Network,https://www.chargepoint.com,GPS,40.553272,-74.279915,8/26/2026,224705,2026-08-26 02:05:25 UTC,,,,8/2/2022,,,,,J1772,US,,,,Public,,public,,,,,,,,,,,,,,,,,,,,FALSE,,,,,,,,,FALSE,
ELEC,WOODBRIDGE TWP NEW ST PS2,87 New St,Center of parking lot,Woodbridge Township,NJ,7095,,888-758-4389,E,,Public,24 hours daily,,,,,,2,,,ChargePoint Network,https://www.chargepoint.com,GPS,40.553253,-74.279976,8/26/2026,224749,2026-08-26 02:05:25 UTC,,,,8/3/2022,,,,,J1772,US,,,,Public,,public,,,,,,,,,,,,,,,,,,,,FALSE,,,,,,,,,FALSE,
ELEC,FIVE VAUGHN BRAOD VAUGHN 1,5 Vaughn Dr,Parking Lot,Princeton,NJ,8540,,888-758-4389,E,,Public,24 hours daily,,,,,,2,,,ChargePoint Network,https://www.chargepoint.com,GPS,40.317511,-74.629338,8/26/2026,225225,2026-08-26 02:05:40 UTC,,,,8/10/2022,,,,,J1772,US,,,,Public,,public,,,,,,,,,,,,,,,,,,,,FALSE,,,,,,,,,FALSE,
ELEC,FIVE VAUGHN BROAD VAUGHN 2,5 Vaughn Dr,Parking Lot,Princeton,NJ,8540,,888-758-4389,E,,Public,24 hours daily,,,,,,2,,,ChargePoint Network,https://www.chargepoint.com,GPS,40.317519,-74.629327,8/26/2026,225388,2026-08-26 02:05:40 UTC,,,,8/11/2022,,,,,J1772,US,,,,Public,,public,,,,,,,,,,,,,,,,,,,,FALSE,,,,,,,,,FALSE,
ELEC,650 From Road,650 From Road,,Paramus,NJ,7652,,888-356-8911,E,,Public,24 hours daily,,,,,,18,,,FLO,https://www.flo.com,GPS,40.961951,-74.069053,8/26/2026,225407,2026-08-26 04:13:32 UTC,,,,8/11/2022,,,,,J1772,US,,,,Public,,public,,,,,,,,,,,,,,,,,,,,FALSE,,,,,,,,,FALSE,
ELEC,10 INDEPENDENCE BROAD 10.IND #2,10 Independence Blvd,,Warren,NJ,7059,,888-758-4389,E,,Public,24 hours daily,,,,,,2,,,ChargePoint Network,https://www.chargepoint.com,GPS,40.650875,-74.573096,8/26/2026,225439,2026-08-26 02:05:45 UTC,,,,8/12/2022,,,,,J1772,US,,,,Public,,public,,,,,,,,,,,,,,,,,,,,FALSE,,,,,,,,,FALSE,
ELEC,FRANKLIN INMAN PARK,299 Leupp Ln,,Franklin Township,NJ,8873,,888-758-4389,E,,Public,24 hours daily,,,,,,2,,,ChargePoint Network,https://www.chargepoint.com,GPS,40.496058,-74.501649,8/26/2026,225569,2026-08-26 02:05:34 UTC,,,,8/16/2022,,,,,J1772,US,,,,Public,,public,,,,,,,,,,,,,,,,,,,,FALSE,,,,,,,,,FALSE,
ELEC,Hopatcong Borough Hall,111 River Styx Rd,,Hopatcong,NJ,7843,,973-770-1200 x120,E,,Public - Credit card at all times,24 hours daily; one spot is reserved for a police cruiser,,,,,,2,,,Non-Networked,,GPS,40.933889,-74.659806,9/14/2022,225651,2025-06-10 17:41:34 UTC,SG,,,7/19/2022,,,,,J1772,US,,,,Public - Carte de crédit en tout temps,,public,CREDIT_CARD_ALWAYS,,MUNI_GOV,,,,,,,Free,,,,,,,,,,FALSE,,,,,,,,LD,TRUE,
ELEC,"Avenel, NJ - Tesla Supercharger",930 US-1,,Avenel,NJ,7001,,877-798-3752,E,,Public,24 hours daily. Open to all vehicles.,A D Debit M V,,,,,,12,,Tesla,https://www.tesla.com/supercharger,GPS,40.576769,-74.287628,6/18/2026,225837,2026-06-18 14:46:21 UTC,P,,,8/5/2022,,,,,J1772COMBO TESLA,US,,,,Public,,public,,,GAS_STATION,,,,,,,,,,,,,,,,,FALSE,,,,,,,,LD,FALSE,
ELEC,UPR MONT PLAZA UP MONT PLAZA,580 Valley Rd,"Upper Montclair Plaza parking lot, in parking stall #31. The cables will also reach stalls #30, #69 & #71.",Montclair,NJ,7043,,888-758-4389,E,,Public,24 hours daily,,,,,,2,,,ChargePoint Network,https://www.chargepoint.com,GPS,40.840086,-74.208728,8/26/2026,225882,2026-08-26 01:08:30 UTC,,,,8/19/2022,,,,,J1772,US,,,,Public,,public,,,,,,,,,,,,,,,,,,,,FALSE,,,,,,,,,FALSE,
ELEC,KEAN HUTCH #01,1000 Morris Ave,Morris Ave Parking Lot near Hutchinson Hall,Union,NJ,7083,,888-758-4389,E,,Public,24 hours daily,,,,,,2,,,ChargePoint Network,https://www.chargepoint.com,GPS,40.679873,-74.233193,8/26/2026,225976,2026-08-26 02:06:10 UTC,,,,8/20/2022,,,,,J1772,US,,,,Public,,public,,,,,,,,,,,,,,,,,,,,FALSE,,,,,,,,,FALSE,
ELEC,LINCOLN PARK LINCOLNPARK PS1,12 Boonton Turnpike,At the front of the municipal parking lot,Lincoln Park,NJ,7035,,888-758-4389,E,,Public,24 hours daily,,,,,,2,,,ChargePoint Network,https://www.chargepoint.com,GPS,40.921894,-74.30497,8/26/2026,225978,2026-08-26 02:06:12 UTC,,,,8/20/2022,,,,,J1772,US,,,,Public,,public,,,,,,,,,,,,,,,,,,,,FALSE,,,,,,,,,FALSE,
ELEC,LINCOLN PARK LINCOLNPARK PS2,12 Boonton Turnpike,At the front of the municipal parking lot,Lincoln Park,NJ,7035,,888-758-4389,E,,Public,24 hours daily,,,,,,2,,,ChargePoint Network,https://www.chargepoint.com,GPS,40.921944,-74.30493,8/26/2026,225979,2026-08-26 02:06:12 UTC,,,,8/20/2022,,,,,J1772,US,,,,Public,,public,,,,,,,,,,,,,,,,,,,,FALSE,,,,,,,,,FALSE,
ELEC,LINCOLN PARK LINCOLNPARK PS3,34 Chapel Hill Rd.,,Lincoln Park,NJ,7035,,888-758-4389,E,,Public,24 hours daily,,,,,,2,,,ChargePoint Network,https://www.chargepoint.com,GPS,40.921997,-74.30489,8/26/2026,225980,2026-08-26 02:06:12 UTC,,,,8/20/2022,,,,,J1772,US,,,,Public,,public,,,,,,,,,,,,,,,,,,,,FALSE,,,,,,,,,FALSE,
ELEC,KEAN HUTCH #02,1000 Morris Ave,Morris Ave Parking Lot near Hutchinson Hall,Union,NJ,7083,,888-758-4389,E,,Public,24 hours daily,,,,,,2,,,ChargePoint Network,https://www.chargepoint.com,GPS,40.679948,-74.23331,8/26/2026,225981,2026-08-26 02:06:15 UTC,,,,8/20/2022,,,,,J1772,US,,,,Public,,public,,,,,,,,,,,,,,,,,,,,FALSE,,,,,,,,,FALSE,
ELEC,CANFIELD MEWS CANFIELD DUAL 1,7108 Wynbrook Dr,Bldg 7,Randolph,NJ,7869,,888-758-4389,E,,Public,24 hours daily,,,,,,2,,,ChargePoint Network,https://www.chargepoint.com,GPS,40.862468,-74.610895,8/26/2026,226089,2026-08-26 02:05:58 UTC,,,,8/23/2022,,,,,J1772,US,,,,Public,,public,,,,,,,,,,,,,,,,,,,,FALSE,,,,,,,,,FALSE,
ELEC,"Augusta, NJ - Tesla Supercharger",1 NJ-15,,Augusta,NJ,7822,,877-798-3752,E,,Public,24 hours daily. NACS partner enabled.,A D Debit M V,,,,,,8,,Tesla,https://www.tesla.com/supercharger,GPS,41.118869,-74.712571,6/18/2026,226532,2026-06-18 14:46:21 UTC,P,,,8/18/2022,,,,,TESLA,US,,,,Public,,public,,,GAS_STATION,,,,,,,,,,,,,,,,,FALSE,,,,,,,,LD,FALSE,
ELEC,EVESHAM EVESHAM TWP 1,930 Tuckerton Rd,Next to Baseball Field entrance,Evesham,NJ,8053,,888-758-4389,E,,Public,24 hours daily,,,,,,2,,,ChargePoint Network,https://www.chargepoint.com,GPS,39.881462,-74.87804,8/26/2026,227547,2026-08-26 02:07:05 UTC,,,,9/14/2022,,,,,J1772,US,,,,Public,,public,,,,,,,,,,,,,,,,,,,,FALSE,,,,,,,,,FALSE,
ELEC,THE RAIL STATION 4,115 Oakland St,Underground garage in The Rail building. Near to Red Bank train station parking lot,Red Bank,NJ,7701,,888-758-4389,E,,Public,24 hours daily,,,,,,2,,,ChargePoint Network,https://www.chargepoint.com,GPS,40.347458,-74.074803,8/26/2026,227591,2026-08-26 02:02:23 UTC,,,,9/15/2022,,,,,J1772,US,,,,Public,,public,,,,,,,,,,,,,,,,,,,,FALSE,,,,,,,,,FALSE,
ELEC,THE RAIL STATION 3,107 Oakland St,Underground garage in The Rail building. Near to Red Bank train station parking lot,Red Bank,NJ,7701,,888-758-4389,E,,Public,24 hours daily,,,,,,2,,,ChargePoint Network,https://www.chargepoint.com,GPS,40.347623,-74.074471,8/26/2026,227592,2026-08-26 02:02:23 UTC,,,,9/15/2022,,,,,J1772,US,,,,Public,,public,,,,,,,,,,,,,,,,,,,,FALSE,,,,,,,,,FALSE,
ELEC,THE RAIL STATION 1,107 Oakland St,Underground garage in The Rail Building. Near to Red Bank train station parking lot,Red Bank,NJ,7701,,888-758-4389,E,,Public,24 hours daily,,,,,,2,,,ChargePoint Network,https://www.chargepoint.com,GPS,40.34764,-74.074477,8/26/2026,227593,2026-08-26 02:02:24 UTC,,,,9/15/2022,,,,,J1772,US,,,,Public,,public,,,,,,,,,,,,,,,,,,,,FALSE,,,,,,,,,FALSE,
ELEC,THE RAIL STATION 5,101 Oakland St,Underground garage in The Rail building. Near to Red Bank train station parking lot,Red Bank,NJ,7701,,888-758-4389,E,,Public,24 hours daily,,,,,,2,,,ChargePoint Network,https://www.chargepoint.com,GPS,40.347597,-74.07439,8/26/2026,227594,2026-08-26 02:02:24 UTC,,,,9/15/2022,,,,,J1772,US,,,,Public,,public,,,,,,,,,,,,,,,,,,,,FALSE,,,,,,,,,FALSE,
ELEC,NJCar Trenton,856 River Road,,Trenton,NJ,8628,,888-356-8911,E,,Public,24 hours daily,,,,,,2,1,,FLO,https://www.flo.com,GPS,40.2520608,-74.8403191,8/26/2026,227621,2026-08-26 04:13:55 UTC,,,,9/15/2022,,,,,CHADEMO J1772 J1772COMBO,US,,,,Public,,public,,,,,,,,,,,,,,,,,,,,FALSE,,,,,,,,,FALSE,
ELEC,HUDSON COUNTY LINCOLN PARK 1,31 Nunda Ave,Rear of parking lot at intersection of Communipaw and Mallory,Jersey City,NJ,7304,,888-758-4389,E,,Public,24 hours daily,,,,,,2,,,ChargePoint Network,https://www.chargepoint.com,GPS,40.722775,-74.08558,8/26/2026,227845,2026-08-26 01:52:58 UTC,,,,9/20/2022,,,,,J1772,US,,,,Public,,public,,,,,,,,,,,,,,,,,,,,FALSE,,,,,,,,,FALSE,
ELEC,POINT BREEZE POINT BREEZE,101 Park St,Gym Area,Bordentown,NJ,8505,,888-758-4389,E,,Public,24 hours daily,,,,,,2,,,ChargePoint Network,https://www.chargepoint.com,GPS,40.156273,-74.704395,8/26/2026,227863,2026-08-26 02:04:36 UTC,,,,9/20/2022,,,,,J1772,US,,,,Public,,public,,,,,,,,,,,,,,,,,,,,FALSE,,,,,,,,,FALSE,
ELEC,MERCEDES-BENZ O CP STATION,135 NJ-31,,Flemington,NJ,8822,,888-758-4389,E,,Public,24 hours daily,,,,,,,1,,ChargePoint Network,https://www.chargepoint.com,GPS,40.524083,-74.856246,8/26/2026,227864,2026-08-26 02:05:08 UTC,,,,9/20/2022,,,,,CHADEMO J1772COMBO,US,,,,Public,,public,,,,,,,,,,,,,,,,,,,,FALSE,,,,,,,,,FALSE,
ELEC,KEAN HUTCH #03,1000 Morris Ave,Morris Ave Parking Lot near Hutchinson Hall,Union,NJ,7083,,888-758-4389,E,,Public,24 hours daily,,,,,,2,,,ChargePoint Network,https://www.chargepoint.com,GPS,40.680012,-74.233396,8/26/2026,227865,2026-08-26 02:06:15 UTC,,,,9/20/2022,,,,,J1772,US,,,,Public,,public,,,,,,,,,,,,,,,,,,,,FALSE,,,,,,,,,FALSE,
ELEC,NJDEP STATEPARK ROUNDVALLEY2,1220 Stanton Lebanon Rd,Far right corner of Beach Area parking lot,Lebanon,NJ,8833,,888-758-4389,E,,Public,Mon: 8:00am-7:00pm; Tue: 8:00am-7:00pm; Wed: 8:00am-7:00pm; Thu: 8:00am-7:00pm; Fri: 8:00am-7:00pm; Sat: 8:00am-7:00pm; Sun: 8:00am-7:00pm,,,,,,2,,,ChargePoint Network,https://www.chargepoint.com,GPS,40.628292,-74.85216,8/26/2026,227866,2026-08-26 02:06:38 UTC,,,,9/20/2022,,,,,J1772,US,,,,Public,,public,,,,,,,,,,,,,,,,,,,,FALSE,,,,,,,,,FALSE,
ELEC,BEACH HAVEN DOCK ROAD,325 Dock Rd,"OUTSIDE, IN PUBLIC PARKING LOT",Beach Haven,NJ,8008,,888-758-4389,E,,Public,24 hours daily,,,,,,2,,,ChargePoint Network,https://www.chargepoint.com,GPS,39.564518,-74.240633,8/26/2026,227874,2026-08-26 02:07:05 UTC,,,,9/20/2022,,,,,J1772,US,,,,Public,,public,,,,,,,,,,,,,,,,,,,,FALSE,,,,,,,,,FALSE,
ELEC,BEACH HAVEN VETERANS PARK,118 Amber St,"OUTSINDE, ON STREET",Beach Haven,NJ,8008,,888-758-4389,E,,Public,24 hours daily,,,,,,2,,,ChargePoint Network,https://www.chargepoint.com,GPS,39.561268,-74.238725,8/26/2026,227876,2026-08-26 02:07:13 UTC,,,,9/20/2022,,,,,J1772,US,,,,Public,,public,,,,,,,,,,,,,,,,,,,,FALSE,,,,,,,,,FALSE,
ELEC,QuickChek North Brunswick,1505 US Highway 1,,North Brunswick,NJ,8902,,877-455-3833,T,4/4/2026,TEMPORARILY UNAVAILABLE (Public),24 hours daily,,,,,,,2,,eVgo Network,https://www.evgo.com,GPS,40.456543,-74.479247,8/25/2026,228412,2026-08-25 23:58:31 UTC,,,,2/28/2021,,,,,CHADEMO J1772COMBO,US,,,,TEMPORAIREMENT SUSPENDU (Public),,public,,,,,,,,,,,,,,,,,,,,FALSE,,,,,,,,,FALSE,
ELEC,Quaker Bridge Mall,3320 US Highway 1,,Lawrence Township,NJ,8648,,877-455-3833,E,,Public,24 hours daily,,,,,,1,2,,eVgo Network,https://www.evgo.com,GPS,40.289407,-74.681724,8/25/2026,228491,2026-08-25 23:58:55 UTC,,,,3/7/2018,,,,,CHADEMO J1772 J1772COMBO,US,,,,Public,,public,,,,,,,,,,,,,,,,,,,,FALSE,,,,,,,,,FALSE,
ELEC,Livingston Mall,112 Eisenhower Pkwy,,Livingston,NJ,7039,,877-455-3833,E,,Public,24 hours daily,,,,,,1,2,,eVgo Network,https://www.evgo.com,GPS,40.776232,-74.355222,8/25/2026,228492,2026-08-25 23:58:55 UTC,,,,3/7/2018,,,,,CHADEMO J1772 J1772COMBO,US,,,,Public,,public,,,,,,,,,,,,,,,,,,,,FALSE,,,,,,,,,FALSE,
ELEC,Newport Centre Mall,30 Mall Dr W,,Jersey City,NJ,7310,,877-455-3833,E,,Public,24 hours daily,,,,,,1,2,,eVgo Network,https://www.evgo.com,GPS,40.7273791,-74.0386831,8/25/2026,228498,2026-08-25 23:58:57 UTC,,,,3/7/2018,,,,,CHADEMO J1772 J1772COMBO,US,,,,Public,,public,,,,,,,,,,,,,,,,,,,,FALSE,,,,,,,,,FALSE,
ELEC,Jersey Shore Premium Outlet,1 Premium Outlet Blvd,,Tinton Falls,NJ,7753,,877-455-3833,E,,Public,24 hours daily,,,,,,2,2,,eVgo Network,https://www.evgo.com,GPS,40.226247,-74.093142,8/25/2026,228501,2026-08-25 23:58:59 UTC,,,,3/7/2018,,,,,CHADEMO J1772 J1772COMBO,US,,,,Public,,public,,,,,,,,,,,,,,,,,,,,FALSE,,,,,,,,,FALSE,
ELEC,Farley Travel Plaza,20 Atlantic City Expy,,Hammonton,NJ,8037,,877-455-3833,E,,Public,24 hours daily,,,,,,,4,,eVgo Network,https://www.evgo.com,GPS,39.55068,-74.73487,8/25/2026,228536,2026-08-25 23:59:07 UTC,,,,7/1/2022,,,,,CHADEMO J1772COMBO,US,,,,Public,,public,,,,,,,,,,,,,,,,,,,,FALSE,,,,,,,,,FALSE,
ELEC,SHORE TOYOTA TOY- SHORE-DC,4236 E Black Horse Pike,,Hamilton,NJ,8330,,888-758-4389,E,,Public,24 hours daily,,,,,,,1,,ChargePoint Network,https://www.chargepoint.com,GPS,39.443826,-74.62748,8/26/2026,228850,2026-08-26 02:00:27 UTC,,,,9/22/2022,,,,,CHADEMO J1772COMBO,US,,,,Public,,public,,,,,,,,,,,,,,,,,,,,FALSE,,,,,,,,,FALSE,
ELEC,EDISON 27 BROAD EDISON #2,2147 NJ-27,,Edison,NJ,8817,,888-758-4389,E,,Public,24 hours daily,,,,,,2,,,ChargePoint Network,https://www.chargepoint.com,GPS,40.5288,-74.3844,8/26/2026,228868,2026-08-26 02:07:04 UTC,,,,9/22/2022,,,,,J1772,US,,,,Public,,public,,,,,,,,,,,,,,,,,,,,FALSE,,,,,,,,,FALSE,
ELEC,Garden Homes - Washington Promenade,546 Washington Ave,,Dumont,NJ,7628,,855-885-9571,E,,Public,24 hours daily,,,,,,4,,,OpConnect,https://opconnect-ev.com,GPS,40.95126,-73.99026,8/26/2026,229377,2026-08-26 03:46:06 UTC,,,,9/27/2022,,,,,J1772,US,,,,Public,,public,,,,,,,,,,,,,,,,,,,,FALSE,,,,,,,,,FALSE,
ELEC,GST CHRGNG L2 T3408 #1,1825 NJ-35 Wall Target,,Wall Township,NJ,7719,,888-758-4389,E,,Public,Mon: 7:00am-11:59pm; Tue: 7:00am-11:59pm; Wed: 7:00am-11:59pm; Thu: 7:00am-11:59pm; Fri: 7:00am-11:59pm; Sat: 7:00am-11:59pm; Sun: 7:00am-11:59pm,,,,,,2,,,ChargePoint Network,https://www.chargepoint.com,GPS,40.166037,-74.050335,8/26/2026,229487,2026-08-26 02:06:30 UTC,,,,9/29/2022,,,,,J1772,US,,,,Public,,public,,,,,,,,,,,,,,,,,,,,FALSE,,,,,,,,,FALSE,
ELEC,GST CHRGNG L2 T3408 #2,1825 NJ-35 Wall Target,,Wall Township,NJ,7719,,888-758-4389,E,,Public,Mon: 7:00am-11:59pm; Tue: 7:00am-11:59pm; Wed: 7:00am-11:59pm; Thu: 7:00am-11:59pm; Fri: 7:00am-11:59pm; Sat: 7:00am-11:59pm; Sun: 7:00am-11:59pm,,,,,,2,,,ChargePoint Network,https://www.chargepoint.com,GPS,40.166058,-74.050233,8/26/2026,229488,2026-08-26 02:06:30 UTC,,,,9/29/2022,,,,,J1772,US,,,,Public,,public,,,,,,,,,,,,,,,,,,,,FALSE,,,,,,,,,FALSE,
ELEC,GST CHRGNG L2 T3408 #5,1825 NJ-35 Wall Target,,Wall Township,NJ,7719,,888-758-4389,E,,Public,Mon: 7:00am-11:59pm; Tue: 7:00am-11:59pm; Wed: 7:00am-11:59pm; Thu: 7:00am-11:59pm; Fri: 7:00am-11:59pm; Sat: 7:00am-11:59pm; Sun: 7:00am-11:59pm,,,,,,2,,,ChargePoint Network,https://www.chargepoint.com,GPS,40.166076,-74.050134,8/26/2026,229489,2026-08-26 02:06:30 UTC,,,,9/29/2022,,,,,J1772,US,,,,Public,,public,,,,,,,,,,,,,,,,,,,,FALSE,,,,,,,,,FALSE,
ELEC,GST CHRGNG L2 T3408 #6,1825 NJ-35 Wall Target,,Wall Township,NJ,7719,,888-758-4389,E,,Public,Mon: 7:00am-11:59pm; Tue: 7:00am-11:59pm; Wed: 7:00am-11:59pm; Thu: 7:00am-11:59pm; Fri: 7:00am-11:59pm; Sat: 7:00am-11:59pm; Sun: 7:00am-11:59pm,,,,,,2,,,ChargePoint Network,https://www.chargepoint.com,GPS,40.166052,-74.050214,8/26/2026,229490,2026-08-26 02:06:30 UTC,,,,9/29/2022,,,,,J1772,US,,,,Public,,public,,,,,,,,,,,,,,,,,,,,FALSE,,,,,,,,,FALSE,
ELEC,GST CHRGNG L2 T3408 #7,1825 NJ-35 Wall Target,,Wall Township,NJ,7719,,888-758-4389,E,,Public,Mon: 7:00am-11:59pm; Tue: 7:00am-11:59pm; Wed: 7:00am-11:59pm; Thu: 7:00am-11:59pm; Fri: 7:00am-11:59pm; Sat: 7:00am-11:59pm; Sun: 7:00am-11:59pm,,,,,,2,,,ChargePoint Network,https://www.chargepoint.com,GPS,40.166064,-74.050169,8/26/2026,229491,2026-08-26 02:06:30 UTC,,,,9/29/2022,,,,,J1772,US,,,,Public,,public,,,,,,,,,,,,,,,,,,,,FALSE,,,,,,,,,FALSE,
ELEC,GST CHRGNG L2 T3408 #8,1825 NJ-35 Wall Target,,Wall Township,NJ,7719,,888-758-4389,E,,Public,Mon: 7:00am-11:59pm; Tue: 7:00am-11:59pm; Wed: 7:00am-11:59pm; Thu: 7:00am-11:59pm; Fri: 7:00am-11:59pm; Sat: 7:00am-11:59pm; Sun: 7:00am-11:59pm,,,,,,2,,,ChargePoint Network,https://www.chargepoint.com,GPS,40.166056,-74.050252,8/26/2026,229492,2026-08-26 02:06:37 UTC,,,,9/29/2022,,,,,J1772,US,,,,Public,,public,,,,,,,,,,,,,,,,,,,,FALSE,,,,,,,,,FALSE,
ELEC,IBN Construction,73 Clay St,,Newark,NJ,7104,,833-692-6787,E,,Public - Credit card at all times,Contact station for hours of availability.,A ANDROID_PAY APPLE_PAY CREDIT D M,,,,,2,,,AMPUP,https://ampup.io,200-9,40.749746,-74.168617,10/11/2022,229900,2026-08-05 18:21:35 UTC,P,,,9/15/2022,,,,,J1772,US,,,,Public - Carte de crédit en tout temps,,public,CREDIT_CARD_ALWAYS,,PARKING_LOT,,,,,,,,,,,,,,,,,FALSE,,,,,,,,LD,FALSE,
ELEC,DCS,135 Seaview Dr,,Secaucus,NJ,7094,,833-692-6787,E,,Public - Credit card at all times,Contact station for hours of availability.,A ANDROID_PAY APPLE_PAY CREDIT D M,,,,,4,,,AMPUP,https://ampup.io,200-9,40.771667,-74.078616,10/11/2022,229915,2026-08-05 18:21:35 UTC,P,,,9/15/2022,,,,,J1772,US,,,,Public - Carte de crédit en tout temps,,public,CREDIT_CARD_ALWAYS,,PARKING_LOT,,,,,,,,,,,,,,,,,FALSE,,,,,,,,LD,FALSE,
ELEC,Asbury Ocean Club,1101 N Ocean Ave,,Asbury Park,NJ,7712,,833-692-6787,E,,Public - Credit card at all times,Contact station for hours of availability.,A ANDROID_PAY APPLE_PAY CREDIT D M,,,,,6,,,AMPUP,https://ampup.io,200-9,40.221978,-74.000616,10/11/2022,229928,2026-08-05 18:21:35 UTC,P,,,9/15/2022,,,,,J1772,US,,,,Public - Carte de crédit en tout temps,,public,CREDIT_CARD_ALWAYS,,HOTEL,,,,,,,,,,,,,,,,,FALSE,,,,,,,,LD,FALSE,
ELEC,Inspira Mullica Hill,700 Mullica Hill Rd,,Mullica Hill,NJ,8062,,833-692-6787,E,,Public - Credit card at all times,Contact station for hours of availability.,A ANDROID_PAY APPLE_PAY CREDIT D M,,,,,6,,,AMPUP,https://ampup.io,200-8,39.717722,-75.149616,10/11/2022,229929,2026-08-05 18:21:35 UTC,P,,,9/15/2022,,,,,J1772,US,,,,Public - Carte de crédit en tout temps,,public,CREDIT_CARD_ALWAYS,,HOSPITAL,,,,,,,,,,,,,,,,,FALSE,,,,,,,,LD,FALSE,
ELEC,Mick Dr Parking Garage,10 Mick Dr,,Glassboro,NJ,8028,,833-692-6787,E,,Public - Credit card at all times,Contact station for hours of availability.,A ANDROID_PAY APPLE_PAY CREDIT D M,,,,,8,,,AMPUP,https://ampup.io,200-8,39.703877,-75.114594,10/11/2022,229931,2026-08-05 18:21:35 UTC,P,,,9/15/2022,,,,,J1772,US,,,,Public - Carte de crédit en tout temps,,public,CREDIT_CARD_ALWAYS,,PARKING_GARAGE,,,,,,,,,,,,,,,,,FALSE,,,,,,,,LD,FALSE,
ELEC,Nexus - Pearl St Garage,1 Pearl St,,Metuchen,NJ,8840,,833-692-6787,E,,Public - Credit card at all times,Contact station for hours of availability.,A ANDROID_PAY APPLE_PAY CREDIT D M,,,,,9,,,AMPUP,https://ampup.io,200-9,40.540527,-74.362976,10/11/2022,230187,2026-08-05 18:21:35 UTC,P,,,9/15/2022,,,,,J1772,US,,,,Public - Carte de crédit en tout temps,,public,CREDIT_CARD_ALWAYS,,PARKING_GARAGE,,,,,,,,,,,,,,,,,FALSE,,,,,,,,LD,FALSE,
ELEC,Peak Sports Academy,1235 US-22,,Mountainside,NJ,7092,,833-692-6787,E,,Public - Credit card at all times,Contact station for hours of availability.,A ANDROID_PAY APPLE_PAY CREDIT D M,,,,,2,,,AMPUP,https://ampup.io,200-9,40.67629,-74.345973,10/11/2022,230217,2026-08-05 18:21:35 UTC,P,,,9/15/2022,,,,,J1772,US,,,,Public - Carte de crédit en tout temps,,public,CREDIT_CARD_ALWAYS,,REC_SPORTS_FACILITY,,,,,,,,,,,,,,,,,FALSE,,,,,,,,LD,FALSE,
ELEC,Princeton First Aid and Rescue,2 Mt Lucas Rd,,Princeton,NJ,8540,,833-692-6787,E,,Public - Credit card at all times,Contact station for hours of availability.,A ANDROID_PAY APPLE_PAY CREDIT D M,,,,,2,,,AMPUP,https://ampup.io,200-8,40.361279,-74.664664,10/11/2022,230222,2026-08-05 18:21:35 UTC,P,,,9/15/2022,,,,,J1772,US,,,,Public - Carte de crédit en tout temps,,public,CREDIT_CARD_ALWAYS,,OTHER,,,,,,,,,,,,,,,,,FALSE,,,,,,,,LD,FALSE,
ELEC,"NJEV Solutions, LLC",320 N Ave E,,Cranford,NJ,7016,,833-692-6787,E,,Public - Credit card at all times,Contact station for hours of availability.,A ANDROID_PAY APPLE_PAY CREDIT D M,,,,,1,,,AMPUP,https://ampup.io,200-9,40.657109,-74.294369,10/11/2022,230232,2026-08-05 18:21:35 UTC,P,,,9/15/2022,,,,,J1772,US,,,,Public - Carte de crédit en tout temps,,public,CREDIT_CARD_ALWAYS,,OFFICE_BLDG,,,,,,,,,,,,,,,,,FALSE,,,,,,,,LD,FALSE,
ELEC,Terrace at Berkeley,450 Springfield Ave,,Berkeley Heights,NJ,7922,,833-692-6787,E,,Public - Credit card at all times,Contact station for hours of availability.,A ANDROID_PAY APPLE_PAY CREDIT D M,,,,,2,,,AMPUP,https://ampup.io,200-9,40.684255,-74.439305,10/11/2022,230448,2026-08-05 18:21:35 UTC,P,,,9/15/2022,,,,,J1772,US,,,,Public - Carte de crédit en tout temps,,public,CREDIT_CARD_ALWAYS,,MULTI_UNIT_DWELLING,,,,,,,,,,,,,,,,,FALSE,,,,,,,,LD,FALSE,
ELEC,Atlantic Street Parking Garage,20 Atlantic Street,,Hackensack,NJ,7601,,866-816-7584,E,,Public,24 hours daily,,,,,,6,,,EV Connect,https://www.evconnect.com,GPS,40.882192,-74.044608,8/26/2026,230793,2026-08-26 03:49:10 UTC,,,,9/30/2022,,,,,J1772,US,,,,Public,,public,,,,,,,,,,,,,,,,,,,,FALSE,,,,,,,,,FALSE,
ELEC,12 Kulick Road,12 Kulick Road,,Fairfield,NJ,7004,,866-816-7584,T,8/13/2026,TEMPORARILY UNAVAILABLE (Public),24 hours daily,,,,,,6,,,EV Connect,https://www.evconnect.com,GPS,40.873379,-74.29758,8/26/2026,230798,2026-08-26 03:49:11 UTC,,,,9/30/2022,,,,,J1772,US,,,,TEMPORAIREMENT SUSPENDU (Public),,public,,,,,,,,,,,,,,,,,,,,FALSE,,,,,,,,,FALSE,
ELEC,South Mountain Recreational Complex,560 Northfield Ave,,West Orange,NJ,7052,,866-816-7584,E,,Public,24 hours daily,,,,,,6,,,EV Connect,https://www.evconnect.com,GPS,40.769311,-74.280962,8/26/2026,230804,2026-08-26 03:49:19 UTC,,,,9/30/2022,,,,,J1772,US,,,,Public,,public,,,,,,,,,,,,,,,,,,,,FALSE,,,,,,,,,FALSE,
ELEC,6 Arrow Road,6 Arrow Road,,Ramsey,NJ,7446,,866-816-7584,E,,Public,24 hours daily,,,,,,6,,,EV Connect,https://www.evconnect.com,GPS,41.066706,-74.121335,8/26/2026,230808,2026-08-26 03:49:19 UTC,,,,9/30/2022,,,,,J1772,US,,,,Public,,public,,,,,,,,,,,,,,,,,,,,FALSE,,,,,,,,,FALSE,
ELEC,National Resources,7 Pembroke place,,Edgewater,NJ,7020,,866-816-7584,T,2/27/2026,TEMPORARILY UNAVAILABLE (Public),24 hours daily,,,,,,2,,,EV Connect,https://www.evconnect.com,GPS,40.802772,-73.993006,8/26/2026,230836,2026-08-26 03:49:32 UTC,,,,9/30/2022,,,,,J1772,US,,,,TEMPORAIREMENT SUSPENDU (Public),,public,,,,,,,,,,,,,,,,,,,,FALSE,,,,,,,,,FALSE,
ELEC,T & T Coast Buick GMC,2205 RTE 35,,SEA GIRT,NJ,8750,,866-816-7584,E,,Public,24 hours daily,,,,,,,1,,EV Connect,https://www.evconnect.com,GPS,40.135415,-74.065093,8/26/2026,230910,2026-08-26 03:49:54 UTC,,,,9/30/2022,,,,,J1772COMBO,US,,,,Public,,public,,,,,,,,,,,,,,,,,,,,FALSE,,,,,,,,,FALSE,
ELEC,Hyatt Place Fort Lee,2167 Route 4 E,,Fort Lee,NJ,7024,,866-816-7584,T,6/12/2026,TEMPORARILY UNAVAILABLE (Public),24 hours daily,,,,,,4,,,EV Connect,https://www.evconnect.com,GPS,40.862299,-73.976057,8/26/2026,230971,2026-08-26 03:50:33 UTC,,,,9/30/2022,,,,,J1772,US,,,,TEMPORAIREMENT SUSPENDU (Public),,public,,,,,,,,,,,,,,,,,,,,FALSE,,,,,,,,,FALSE,
ELEC,Whippany Village Apartments,444 State Route 10,,Whippany,NJ,7981,,866-816-7584,E,,Public,24 hours daily,,,,,,2,,,EV Connect,https://www.evconnect.com,GPS,40.822249,-74.409463,8/26/2026,230977,2026-08-26 03:50:36 UTC,,,,9/30/2022,,,,,J1772,US,,,,Public,,public,,,,,,,,,,,,,,,,,,,,FALSE,,,,,,,,,FALSE,
ELEC,ACME Markets - Clark,1060 Raritan Rd,,Clark,NJ,7066,,877-455-3833,E,,Public,24 hours daily,,,,,,,4,,eVgo Network,https://www.evgo.com,GPS,40.627598,-74.315658,8/25/2026,231118,2026-08-25 23:59:21 UTC,,,,10/1/2022,,,,,CHADEMO J1772COMBO,US,,,,Public,,public,,,,,,,,,,,,,,,,,,,,FALSE,,,,,,,,,FALSE,
ELEC,GST CHRGNG L2 T3408 #9,1825 NJ-35,Parking Lot,Wall Township,NJ,7719,,888-758-4389,E,,Public,Mon: 7:00am-11:59pm; Tue: 7:00am-11:59pm; Wed: 7:00am-11:59pm; Thu: 7:00am-11:59pm; Fri: 7:00am-11:59pm; Sat: 7:00am-11:59pm; Sun: 7:00am-11:59pm,,,,,,1,,,ChargePoint Network,https://www.chargepoint.com,GPS,40.165894,-74.050759,8/26/2026,231735,2026-08-26 02:06:28 UTC,,,,10/4/2022,,,,,J1772,US,,,,Public,,public,,,,,,,,,,,,,,,,,,,,FALSE,,,,,,,,,FALSE,
ELEC,EDISON 27 BROAD EDISON #1,2147 Lincoln Hwy,,Edison,NJ,8817,,888-758-4389,E,,Public,24 hours daily,,,,,,2,,,ChargePoint Network,https://www.chargepoint.com,GPS,40.528786,-74.38442,8/26/2026,231736,2026-08-26 02:07:04 UTC,,,,10/4/2022,,,,,J1772,US,,,,Public,,public,,,,,,,,,,,,,,,,,,,,FALSE,,,,,,,,,FALSE,
ELEC,Raritan 920,1000 US-202,,Raritan,NJ,8869,,888-998-2546,E,,Public,24 hours daily,,,,,,5,,,Blink Network,https://blinkcharging.com,GPS,40.577185,-74.64954,8/26/2026,232941,2026-08-26 00:49:24 UTC,,,,1/1/2022,,,,,J1772,US,,,,Public,,public,,,,,,,,,,Free,,,,,,,,,,FALSE,,,,,,,,,FALSE,
ELEC,1100 Cornwall Charging stations,"1100 Cornwall Rd, Monmouth Junction, NJ 08852",,south Brunswick,NJ,8852,,888-998-2546,E,,Public,24 hours daily,,,,,,12,,,Blink Network,https://blinkcharging.com,GPS,40.4167895,-74.5300328,8/26/2026,232943,2026-08-26 00:32:29 UTC,,,,11/23/2020,,,,,J1772,US,,,,Public,,public,,,,,,,,,,"$2.00/Hr Parking Fee , $0.50/kWh Energy Fee",,,,,,,,,,FALSE,,,,,,,,,FALSE,
ELEC,PASSAIC COUNTY ART STATION 2,675 Goffle Rd,,Hawthorne,NJ,7506,,888-758-4389,E,,Public,24 hours daily,,,,,,2,,,ChargePoint Network,https://www.chargepoint.com,GPS,40.956615,-74.16173,8/26/2026,232964,2026-08-26 02:08:01 UTC,,,,10/6/2022,,,,,J1772,US,,,,Public,,public,,,,,,,,,,,,,,,,,,,,FALSE,,,,,,,,,FALSE,
ELEC,"South River, NJ - Tesla Supercharger",656 Old Bridge Turnpike,,South River,NJ,8882,,877-798-3752,E,,Public,24 hours daily. NACS partner enabled.,A D Debit M V,,,,,,8,,Tesla,https://www.tesla.com/supercharger,GPS,40.461961,-74.400925,6/18/2026,233047,2026-06-18 14:46:21 UTC,P,,,9/30/2022,,,,,TESLA,US,,,,Public,,public,,,GAS_STATION,,,,,,,,,,,,,,,,,FALSE,,,,,,,,LD,FALSE,
ELEC,OLD BRIDGE TWP MUNICOMPLEX PS1,1 Old Bridge Plaza,,Old Bridge,NJ,8857,,888-758-4389,E,,Public,24 hours daily,,,,,,2,,,ChargePoint Network,https://www.chargepoint.com,GPS,40.403317,-74.299249,8/26/2026,233261,2026-08-26 02:08:13 UTC,,,,10/11/2022,,,,,J1772,US,,,,Public,,public,,,,,,,,,,,,,,,,,,,,FALSE,,,,,,,,,FALSE,
ELEC,OLD BRIDGE TWP MUNICOMPLEX PS2,1 Old Bridge Plaza,,Old Bridge,NJ,8857,,888-758-4389,E,,Public,24 hours daily,,,,,,2,,,ChargePoint Network,https://www.chargepoint.com,GPS,40.40331,-74.299255,8/26/2026,233262,2026-08-26 02:08:13 UTC,,,,10/11/2022,,,,,J1772,US,,,,Public,,public,,,,,,,,,,,,,,,,,,,,FALSE,,,,,,,,,FALSE,
ELEC,MC MOB STATION 1,311 Bay Ave,,Glen Ridge,NJ,7028,,888-758-4389,E,,Public,24 hours daily,,,,,,2,,,ChargePoint Network,https://www.chargepoint.com,GPS,40.812763,-74.203545,8/26/2026,233282,2026-08-26 01:28:21 UTC,,,,10/12/2022,,,,,J1772,US,,,,Public,,public,,,,,,,,,,,,,,,,,,,,FALSE,,,,,,,,,FALSE,
ELEC,MC MOB STATION 2,32 Walnut Crescent,,Montclair,NJ,7042,,888-758-4389,E,,Public,24 hours daily,,,,,,2,,,ChargePoint Network,https://www.chargepoint.com,GPS,40.8131,-74.205,8/26/2026,233283,2026-08-26 01:28:28 UTC,,,,10/12/2022,,,,,J1772,US,,,,Public,,public,,,,,,,,,,,,,,,,,,,,FALSE,,,,,,,,,FALSE,
ELEC,MC MOB STATION 3,1 Bay Ave,,Montclair,NJ,7042,,888-758-4389,E,,Public,24 hours daily,,,,,,2,,,ChargePoint Network,https://www.chargepoint.com,GPS,40.81276,-74.20414,8/26/2026,233412,2026-08-26 01:28:28 UTC,,,,10/14/2022,,,,,J1772,US,,,,Public,,public,,,,,,,,,,,,,,,,,,,,FALSE,,,,,,,,,FALSE,
ELEC,PANYNJ EWR CONRAC 12,132 Carson Rd Newark Liberty International Ai,,Newark,NJ,7114,,888-758-4389,E,,Public,24 hours daily,,,,,,2,,,ChargePoint Network,https://www.chargepoint.com,GPS,40.689605,-74.1898,8/26/2026,233465,2026-08-26 02:07:44 UTC,,,,10/14/2022,,,,,J1772,US,,,,Public,,public,,,,,,,,,,,,,,,,,,,,FALSE,,,,,,,,,FALSE,
ELEC,PANYNJ EWR CONRAC 5,132 Carson Rd Newark Liberty International Ai,,Newark,NJ,7114,,888-758-4389,E,,Public,24 hours daily,,,,,,2,,,ChargePoint Network,https://www.chargepoint.com,GPS,40.68953,-74.189756,8/26/2026,233466,2026-08-26 02:07:44 UTC,,,,10/14/2022,,,,,J1772,US,,,,Public,,public,,,,,,,,,,,,,,,,,,,,FALSE,,,,,,,,,FALSE,
ELEC,PANYNJ EWR CONRAC 10,132 Carson Rd Newark Liberty International Ai,,Newark,NJ,7114,,888-758-4389,E,,Public,24 hours daily,,,,,,2,,,ChargePoint Network,https://www.chargepoint.com,GPS,40.689594,-74.189836,8/26/2026,233467,2026-08-26 02:07:44 UTC,,,,10/14/2022,,,,,J1772,US,,,,Public,,public,,,,,,,,,,,,,,,,,,,,FALSE,,,,,,,,,FALSE,
ELEC,PANYNJ EWR CONRAC 1,132 Carson Rd Newark Liberty International Ai,,Newark,NJ,7114,,888-758-4389,E,,Public,24 hours daily,,,,,,2,,,ChargePoint Network,https://www.chargepoint.com,GPS,40.689616,-74.189771,8/26/2026,233475,2026-08-26 02:08:03 UTC,,,,10/14/2022,,,,,J1772,US,,,,Public,,public,,,,,,,,,,,,,,,,,,,,FALSE,,,,,,,,,FALSE,
ELEC,PANYNJ EWR CONRAC 9,132 Carson Rd Newark Liberty International Ai,,Newark,NJ,7114,,888-758-4389,E,,Public,24 hours daily,,,,,,2,,,ChargePoint Network,https://www.chargepoint.com,GPS,40.689526,-74.189802,8/26/2026,233476,2026-08-26 02:08:03 UTC,,,,10/14/2022,,,,,J1772,US,,,,Public,,public,,,,,,,,,,,,,,,,,,,,FALSE,,,,,,,,,FALSE,
ELEC,PANYNJ EWR CONRAC 8,132 Carson Rd Newark Liberty International Ai,,Newark,NJ,7114,,888-758-4389,E,,Public,24 hours daily,,,,,,2,,,ChargePoint Network,https://www.chargepoint.com,GPS,40.689549,-74.189817,8/26/2026,233477,2026-08-26 02:08:03 UTC,,,,10/14/2022,,,,,J1772,US,,,,Public,,public,,,,,,,,,,,,,,,,,,,,FALSE,,,,,,,,,FALSE,
ELEC,PANYNJ EWR CONRAC 14,132 Carson Rd Newark Liberty International Ai,,Newark,NJ,7114,,888-758-4389,E,,Public,24 hours daily,,,,,,2,,,ChargePoint Network,https://www.chargepoint.com,GPS,40.689524,-74.189726,8/26/2026,233478,2026-08-26 02:08:03 UTC,,,,10/14/2022,,,,,J1772,US,,,,Public,,public,,,,,,,,,,,,,,,,,,,,FALSE,,,,,,,,,FALSE,
ELEC,PANYNJ EWR CONRAC 3,132 Carson Rd Newark Liberty International Ai,,Newark,NJ,7114,,888-758-4389,E,,Public,24 hours daily,,,,,,2,,,ChargePoint Network,https://www.chargepoint.com,GPS,40.689596,-74.189791,8/26/2026,233479,2026-08-26 02:08:03 UTC,,,,10/14/2022,,,,,J1772,US,,,,Public,,public,,,,,,,,,,,,,,,,,,,,FALSE,,,,,,,,,FALSE,
ELEC,PANYNJ EWR CONRAC 11,132 Carson Rd Newark Liberty International Ai,,Newark,NJ,7114,,888-758-4389,E,,Public,24 hours daily,,,,,,2,,,ChargePoint Network,https://www.chargepoint.com,GPS,40.689584,-74.189708,8/26/2026,233480,2026-08-26 02:08:03 UTC,,,,10/14/2022,,,,,J1772,US,,,,Public,,public,,,,,,,,,,,,,,,,,,,,FALSE,,,,,,,,,FALSE,
ELEC,PANYNJ EWR CONRAC 15,132 Carson Rd Newark Liberty International Ai,,Newark,NJ,7114,,888-758-4389,E,,Public,24 hours daily,,,,,,2,,,ChargePoint Network,https://www.chargepoint.com,GPS,40.689527,-74.189775,8/26/2026,233481,2026-08-26 02:08:03 UTC,,,,10/14/2022,,,,,J1772,US,,,,Public,,public,,,,,,,,,,,,,,,,,,,,FALSE,,,,,,,,,FALSE,
ELEC,PANYNJ EWR CONRAC 4,132 Carson Rd Newark Liberty International Ai,,Newark,NJ,7114,,888-758-4389,E,,Public,24 hours daily,,,,,,2,,,ChargePoint Network,https://www.chargepoint.com,GPS,40.689611,-74.189699,8/26/2026,233482,2026-08-26 02:08:03 UTC,,,,10/14/2022,,,,,J1772,US,,,,Public,,public,,,,,,,,,,,,,,,,,,,,FALSE,,,,,,,,,FALSE,
ELEC,SALES CHARGER SHOWROOM,3400 E Black Horse Pike,,Washington Township,NJ,8080,,888-758-4389,E,,Public,24 hours daily,,,,,,,1,,ChargePoint Network,https://www.chargepoint.com,GPS,39.72879,-75.031084,8/26/2026,233504,2026-08-26 02:08:24 UTC,,,,10/14/2022,,,,,CHADEMO J1772COMBO,US,,,,Public,,public,,,,,,,,,,,,,,,,,,,,FALSE,,,,,,,,,FALSE,
ELEC,Bridgewalk - 1,925 US 202,,Raritan,NJ,8869,,888-356-8911,E,,Public,24 hours daily,,,,,,2,,,FLO,https://www.flo.com,GPS,40.5738515,-74.6446276,8/26/2026,234317,2026-08-26 04:13:39 UTC,,,,10/14/2022,,,,,J1772,US,,,,Public,,public,,,,,,,,,,,,,,,,,,,,FALSE,,,,,,,,,FALSE,
ELEC,Best Western - Burlington Inn,2020 County Rd 541,,Westampton,NJ,8060,,866-350-2738,E,,Public - Credit card at all times,24 hours daily,A CREDIT D M V,,,,,1,,,UNIVERSAL,https://universalevcharging.com,GPS,40.0129036,-74.8053833,1/13/2025,234587,2025-12-17 18:19:35 UTC,P,,,9/24/2022,,,,,J1772,US,,,,Public - Carte de crédit en tout temps,,public,CREDIT_CARD_ALWAYS,,HOTEL,,,,,,,$0.49 per kWh,,,,,,,,,,FALSE,,,,,,,,MD,FALSE,
ELEC,PANYNJ EWR CONRAC 2,132 Carson Rd Newark Liberty International Ai,,Newark,NJ,7114,,888-758-4389,E,,Public,24 hours daily,,,,,,2,,,ChargePoint Network,https://www.chargepoint.com,GPS,40.689574,-74.189734,8/26/2026,234726,2026-08-26 02:08:05 UTC,,,,10/21/2022,,,,,J1772,US,,,,Public,,public,,,,,,,,,,,,,,,,,,,,FALSE,,,,,,,,,FALSE,
ELEC,PANYNJ EWR CONRAC 6,132 Carson Rd Newark Liberty International Ai,,Newark,NJ,7114,,888-758-4389,E,,Public,24 hours daily,,,,,,2,,,ChargePoint Network,https://www.chargepoint.com,GPS,40.68957,-74.189813,8/26/2026,234727,2026-08-26 02:08:05 UTC,,,,10/21/2022,,,,,J1772,US,,,,Public,,public,,,,,,,,,,,,,,,,,,,,FALSE,,,,,,,,,FALSE,
ELEC,Nielsen Ford,375 NJ-23,,Sussex,NJ,7461,,973-702-8000,E,,Public - Credit card at all times,Dealership business hours,A D Debit M V,,,,,1,,,Non-Networked,,GPS,41.19849565,-74.59396357,12/10/2024,234952,2025-02-12 00:16:32 UTC,P,,,10/18/2022,,,,,J1772,US,,,,Public - Carte de crédit en tout temps,,public,CREDIT_CARD_ALWAYS,,CAR_DEALER,,,,,,,,,,,,,,,,,TRUE,,,,,,,,LD,FALSE,
ELEC,Family Ford Service Department,16 Maple Ave,,Netcong,NJ,7857,,973-347-3000,E,,Private - Credit card at all times,24 hours daily,A D Debit M V,,,,,1,,,Non-Networked,,GPS,40.89865481,-74.70560769,12/10/2024,234953,2025-02-12 00:16:32 UTC,P,,,10/18/2022,,,,,J1772,US,,,,Privé - Carte de crédit en tout temps,,private,CREDIT_CARD_ALWAYS,,CAR_DEALER,,,,,,,,,,,,,,,,,,,,,,,,,LD,FALSE,
ELEC,Commercial Furniture Resource,319 Richard Mine Rd,,Wharton,NJ,7885,,973-442-1577,T,5/12/2025,TEMPORARILY UNAVAILABLE (Public - Credit card at all times),24 hours daily,A D Debit M V,,,,,2,,,Non-Networked,,GPS,40.91265726,-74.56970414,12/10/2024,234954,2025-02-12 00:16:32 UTC,P,,,10/18/2022,,,,,J1772,US,,,,TEMPORAIREMENT SUSPENDU (Public - Carte de crédit en tout temps),,public,CREDIT_CARD_ALWAYS,,RETAIL,,,,,,,Free,,,,,,,,,,FALSE,,,,,,,,LD,FALSE,
ELEC,Schumacher Chevrolet of Denville,281 US-46,,Denville,NJ,7834,,,E,,Private - Credit card at all times,24 hours daily,A D Debit M V,,,,,2,,,Non-Networked,,GPS,40.88859492,-74.46980059,12/10/2024,234955,2025-02-12 00:16:32 UTC,P,,,10/18/2022,,,,,J1772,US,,,,Privé - Carte de crédit en tout temps,,private,CREDIT_CARD_ALWAYS,,CAR_DEALER,,,,,,,,,,,,,,,,,,,,,,,,,LD,FALSE,
ELEC,Fette Kia,1137 US-46,,Clifton,NJ,7013,,973-779-7000,E,,Public - Call ahead,24 hours daily,A D Debit M V,,,,,1,,,Non-Networked,,GPS,40.86930426,-74.18414811,12/10/2024,234958,2025-02-12 00:16:32 UTC,P,,,10/18/2022,,,,,J1772,US,,,,Public - Appeler à l'avance,,public,CALL,,CAR_DEALER,,,,,,,Free,,,,,,,,,,FALSE,,,,,,,,LD,FALSE,
ELEC,Hudson Street Parking Garage,25 Hudson St,Located on 2nd floor,Ridgewood,NJ,7450,,201-670-5500,E,,Public - Credit card at all times,24 hours daily,A D Debit M V,,,,,5,,,Non-Networked,,GPS,40.97889059,-74.11960468,12/10/2024,234959,2025-02-12 00:16:32 UTC,P,,,10/18/2022,,,,,J1772,US,,,,Public - Carte de crédit en tout temps,,public,CREDIT_CARD_ALWAYS,,PARKING_GARAGE,,,,,,,,,,,,,,,,,FALSE,,,,,,,,LD,FALSE,
ELEC,Maxon Mazda Hyundai,2329 US-29,,Union,NJ,7083,,,E,,Private - Call ahead,24 hours daily,A D Debit M V,,,,,2,,,Non-Networked,,GPS,40.69173048,-74.29277322,12/10/2024,234960,2025-02-12 00:16:32 UTC,P,,,10/18/2022,,,,,J1772,US,,,,Privé - Appeler à l'avance,,private,CALL,,CAR_DEALER,,,,,,,,,,,,,,,,,,,,,,,,,LD,FALSE,
ELEC,Sansone Kia,90-100 US-1 N,,Avenel,NJ,7001,,732-815-0500,E,,Public - Call ahead,24 hours daily; for customers only,A D Debit M V,,,,,,1,,Non-Networked,,GPS,40.59123281,-74.27430331,12/10/2024,234961,2025-02-12 00:16:32 UTC,P,,,10/18/2022,,,,,J1772COMBO,US,,,,Public - Appeler à l'avance,,public,CALL,,CAR_DEALER,,,,,,,,,,,,,,,,,TRUE,,,,,,,,LD,FALSE,
ELEC,"Bridgewater, NJ - Tesla Supercharger",580 Union Avenue,,Bridgewater,NJ,8807,,877-798-3752,E,,Public,24 hours daily. Open to all vehicles.,A D Debit M V,,,,,,8,,Tesla,https://www.tesla.com/supercharger,GPS,40.567096,-74.563848,6/18/2026,234962,2026-06-18 14:46:21 UTC,P,,,10/13/2022,,,,,J1772COMBO TESLA,US,,,,Public,,public,,,GAS_STATION,,,,,,,,,,,,,,,,,FALSE,,,,,,,,LD,FALSE,
ELEC,GREENE 750 BUILDING #6,23 Wheldon Shivers dr,Across from Building 7.,Ewing Township,NJ,8628,,888-758-4389,E,,Public,24 hours daily,,,,,,2,,,ChargePoint Network,https://www.chargepoint.com,GPS,40.274667,-74.822938,8/26/2026,235046,2026-08-26 01:07:07 UTC,,,,10/25/2022,,,,,J1772,US,,,,Public,,public,,,,,,,,,,,,,,,,,,,,FALSE,,,,,,,,,FALSE,
ELEC,GREENE 750 BUILDING #20,23 Wheldon Shivers dr,"Adjacent to Building #20, across from garages.",Ewing Township,NJ,8628,,888-758-4389,E,,Public,24 hours daily,,,,,,2,,,ChargePoint Network,https://www.chargepoint.com,GPS,40.275262,-74.824166,8/26/2026,235047,2026-08-26 01:07:46 UTC,,,,10/25/2022,,,,,J1772,US,,,,Public,,public,,,,,,,,,,,,,,,,,,,,FALSE,,,,,,,,,FALSE,
ELEC,WOOD-RIDGE STATION 3,1 Passaic Ave,Located in the dog park lot,Wood-Ridge,NJ,7075,,888-758-4389,E,,Public,24 hours daily,,,,,,2,,,ChargePoint Network,https://www.chargepoint.com,GPS,40.859528,-74.092476,8/26/2026,235085,2026-08-26 02:08:38 UTC,,,,10/25/2022,,,,,J1772,US,,,,Public,,public,,,,,,,,,,,,,,,,,,,,FALSE,,,,,,,,,FALSE,
ELEC,WOOD-RIDGE STATION 2,1 Passaic Ave,Located in dog park lot,Wood-Ridge,NJ,7075,,888-758-4389,E,,Public,24 hours daily,,,,,,2,,,ChargePoint Network,https://www.chargepoint.com,GPS,40.859283,-74.09276,8/26/2026,235086,2026-08-26 02:08:38 UTC,,,,10/25/2022,,,,,J1772,US,,,,Public,,public,,,,,,,,,,,,,,,,,,,,FALSE,,,,,,,,,FALSE,
ELEC,WOOD-RIDGE STATION 1,2 Marshall Ln,Located behind scoreboard,Wood-Ridge,NJ,7075,,888-758-4389,E,,Public,24 hours daily,,,,,,2,,,ChargePoint Network,https://www.chargepoint.com,GPS,40.857033,-74.09371,8/26/2026,235087,2026-08-26 02:08:39 UTC,,,,10/25/2022,,,,,J1772,US,,,,Public,,public,,,,,,,,,,,,,,,,,,,,FALSE,,,,,,,,,FALSE,
ELEC,WILLINGBORO TWP WILLINGBORO PS1,1 Martin Luther King Jr. Blvd,,Willingboro,NJ,8046,,888-758-4389,E,,Public,"Mon: 8:00am-12:00pm, 5:00pm-11:59pm; Tue: 8:00am-12:00pm, 5:00pm-11:59pm; Wed: 8:00am-12:00pm, 5:00pm-11:59pm; Thu: 8:00am-12:00pm, 5:00pm-11:59pm; Fri: 8:00am-12:00pm, 5:00pm-11:59pm; Sat: 12:00am-11:59pm; Sun: 12:00am-11:59pm",,,,,,2,,,ChargePoint Network,https://www.chargepoint.com,GPS,40.030598,-74.896225,8/26/2026,235088,2026-08-26 02:08:39 UTC,,,,10/25/2022,,,,,J1772,US,,,,Public,,public,,,,,,,,,,,,,,,,,,,,FALSE,,,,,,,,,FALSE,
ELEC,WILLINGBORO TWP WILLINGBORO PS2,1 Rev Dr M L King Jr. Dr,,Willingboro,NJ,8046,,888-758-4389,E,,Public,"Mon: 8:00am-12:00pm, 5:00pm-11:59pm; Tue: 8:00am-12:00pm, 5:00pm-11:59pm; Wed: 8:00am-12:00pm, 5:00pm-11:59pm; Thu: 8:00am-12:00pm, 5:00pm-11:59pm; Fri: 8:00am-12:00pm, 5:00pm-11:59pm; Sat: 12:00am-11:59pm; Sun: 12:00am-11:59pm",,,,,,2,,,ChargePoint Network,https://www.chargepoint.com,GPS,40.03061,-74.8963,8/26/2026,235089,2026-08-26 02:08:39 UTC,,,,10/25/2022,,,,,J1772,US,,,,Public,,public,,,,,,,,,,,,,,,,,,,,FALSE,,,,,,,,,FALSE,
ELEC,PASSAIC COUNTY ART STATION 3,675 Goffle Rd,,Hawthorne,NJ,7506,,888-758-4389,E,,Public,24 hours daily,,,,,,2,,,ChargePoint Network,https://www.chargepoint.com,GPS,40.95662,-74.161674,8/26/2026,235123,2026-08-26 02:08:01 UTC,,,,10/26/2022,,,,,J1772,US,,,,Public,,public,,,,,,,,,,,,,,,,,,,,FALSE,,,,,,,,,FALSE,
ELEC,GST CHRGNG L2 T3408 #4,1825 NJ-35 Wall Target,,Wall Township,NJ,7719,,888-758-4389,E,,Public,Mon: 7:00am-11:59pm; Tue: 7:00am-11:59pm; Wed: 7:00am-11:59pm; Thu: 7:00am-11:59pm; Fri: 7:00am-11:59pm; Sat: 7:00am-11:59pm; Sun: 7:00am-11:59pm,,,,,,2,,,ChargePoint Network,https://www.chargepoint.com,GPS,40.16606,-74.050193,8/26/2026,235272,2026-08-26 02:06:30 UTC,,,,10/27/2022,,,,,J1772,US,,,,Public,,public,,,,,,,,,,,,,,,,,,,,FALSE,,,,,,,,,FALSE,
ELEC,ShopRite Brookdale - Wakefern #215,1409 Broad St,,Bloomfield,NJ,7003,,877-455-3833,E,,Public,24 hours daily,,,,,,,4,,eVgo Network,https://www.evgo.com,GPS,40.837132,-74.183843,8/26/2026,235412,2026-08-26 00:01:20 UTC,,,,10/28/2022,,,,,CHADEMO J1772COMBO,US,,,,Public,,public,,,,,,,,,,,,,,,,,,,,FALSE,,,,,,,,,FALSE,
ELEC,JLR MAHWAH DCFAST 04,100 Jaguar Land Rover Way,Located North West of building entrance,Mahwah,NJ,7495,,888-758-4389,E,,Public,24 hours daily,,,,,,,1,,ChargePoint Network,https://www.chargepoint.com,GPS,41.111994,-74.161409,8/26/2026,235422,2026-08-26 01:23:49 UTC,,,,10/29/2022,,,,,CHADEMO J1772COMBO,US,,,,Public,,public,,,,,,,,,,,,,,,,,,,,FALSE,,,,,,,,,FALSE,
ELEC,JLR MAHWAH DCFAST 2,100 Jaguar Land Rover Way,North West side of buildings main entrance,Mahwah,NJ,7495,,888-758-4389,E,,Public,24 hours daily,,,,,,,1,,ChargePoint Network,https://www.chargepoint.com,GPS,41.112038,-74.161385,8/26/2026,235423,2026-08-26 01:23:49 UTC,,,,10/29/2022,,,,,CHADEMO J1772COMBO,US,,,,Public,,public,,,,,,,,,,,,,,,,,,,,FALSE,,,,,,,,,FALSE,
ELEC,JLR MAHWAH DCFAST 1,100 Jaguar Land Rover Way,,Mahwah,NJ,7495,,888-758-4389,E,,Public,24 hours daily,,,,,,,1,,ChargePoint Network,https://www.chargepoint.com,GPS,41.112047,-74.161261,8/26/2026,235424,2026-08-26 01:24:13 UTC,,,,10/29/2022,,,,,CHADEMO J1772COMBO,US,,,,Public,,public,,,,,,,,,,,,,,,,,,,,FALSE,,,,,,,,,FALSE,
ELEC,NJDEP STATEPARK CHEESEQUAKE PS1,300 Gordon Rd,At Hooks Creek Lake Parking Lot,Matawan,NJ,7747,,888-758-4389,E,,Public,24 hours daily,,,,,,2,,,ChargePoint Network,https://www.chargepoint.com,GPS,40.440605,-74.27073,8/26/2026,235516,2026-08-26 02:09:07 UTC,,,,11/1/2022,,,,,J1772,US,,,,Public,,public,,,,,,,,,,,,,,,,,,,,FALSE,,,,,,,,,FALSE,
ELEC,NJDEP STATEPARK CHEESEQUAKE PS2,300 Gordon Rd.,At Hooks Creek Lake Parking Lot,Matawan,NJ,7747,,888-758-4389,E,,Public,24 hours daily,,,,,,2,,,ChargePoint Network,https://www.chargepoint.com,GPS,40.44058,-74.27082,8/26/2026,235517,2026-08-26 02:09:07 UTC,,,,11/1/2022,,,,,J1772,US,,,,Public,,public,,,,,,,,,,,,,,,,,,,,FALSE,,,,,,,,,FALSE,
ELEC,NJDEP STATEPARK BATSTO VC PS2,31 Batsto Rd,At front of the Batsto Visitors Center Parking Lot,Hammonton,NJ,8037,,888-758-4389,E,,Public,24 hours daily,,,,,,2,,,ChargePoint Network,https://www.chargepoint.com,GPS,39.644302,-74.64704,8/26/2026,235907,2026-08-26 02:09:29 UTC,,,,11/10/2022,,,,,J1772,US,,,,Public,,public,,,,,,,,,,,,,,,,,,,,FALSE,,,,,,,,,FALSE,
ELEC,NJDEP STATEPARK BATSTO VC PS1,31 Batsto Rd,At front of the Batsto Visitors Center Parking Lot,Hammonton,NJ,8037,,888-758-4389,T,8/21/2026,TEMPORARILY UNAVAILABLE (Public),24 hours daily,,,,,,2,,,ChargePoint Network,https://www.chargepoint.com,GPS,39.644302,-74.64698,8/26/2026,235908,2026-08-26 02:09:29 UTC,,,,11/10/2022,,,,,J1772,US,,,,TEMPORAIREMENT SUSPENDU (Public),,public,,,,,,,,,,,,,,,,,,,,FALSE,,,,,,,,,FALSE,
ELEC,Courtyard by Marriott West Orange,8 Rooney Cir,,West Orange,NJ,7052,,877-455-3833,E,,Public,24 hours daily,,,,,,,4,,eVgo Network,https://www.evgo.com,GPS,40.794971,-74.253814,8/25/2026,235995,2026-08-25 23:59:57 UTC,,,,11/11/2022,,,,,CHADEMO J1772COMBO,US,,,,Public,,public,,,,,,,,,,,,,,,,,,,,FALSE,,,,,,,,,FALSE,
ELEC,HUDSON COUNTY SKYWAY GC PS1,515 Duncan Ave,,Jersey City,NJ,7306,,888-758-4389,E,,Public,Mon: 8:00am-8:00pm; Tue: 8:00am-8:00pm; Wed: 8:00am-8:00pm; Thu: 8:00am-8:00pm; Fri: 8:00am-8:00pm; Sat: 8:00am-8:00pm; Sun: 8:00am-8:00pm,,,,,,2,,,ChargePoint Network,https://www.chargepoint.com,GPS,40.733324,-74.091869,8/26/2026,236344,2026-08-26 01:59:41 UTC,,,,11/19/2022,,,,,J1772,US,,,,Public,,public,,,,,,,,,,,,,,,,,,,,FALSE,,,,,,,,,FALSE,
ELEC,GST CHRGNG L2 T3408 #3,1825 NJ-35 Wall Target,,Wall Township,NJ,7719,,888-758-4389,E,,Public,Mon: 7:00am-11:59pm; Tue: 7:00am-11:59pm; Wed: 7:00am-11:59pm; Thu: 7:00am-11:59pm; Fri: 7:00am-11:59pm; Sat: 7:00am-11:59pm; Sun: 7:00am-11:59pm,,,,,,2,,,ChargePoint Network,https://www.chargepoint.com,GPS,40.166058,-74.050292,8/26/2026,236393,2026-08-26 02:06:30 UTC,,,,11/22/2022,,,,,J1772,US,,,,Public,,public,,,,,,,,,,,,,,,,,,,,FALSE,,,,,,,,,FALSE,
ELEC,PASSAIC COUNTY GOLF STATION 1,209 Totowa Rd,,Wayne,NJ,7470,,888-758-4389,E,,Public,24 hours daily,,,,,,2,,,ChargePoint Network,https://www.chargepoint.com,GPS,40.919674,-74.22996,8/26/2026,236394,2026-08-26 02:08:13 UTC,,,,11/22/2022,,,,,J1772,US,,,,Public,,public,,,,,,,,,,,,,,,,,,,,FALSE,,,,,,,,,FALSE,
ELEC,ESSEX COUNTY ESSEX DPW 1,99 W Bradford Ave,,Cedar Grove,NJ,7009,,888-758-4389,E,,Public,24 hours daily,,,,,,2,,,ChargePoint Network,https://www.chargepoint.com,GPS,40.847523,-74.23412,8/26/2026,236575,2026-08-26 02:10:05 UTC,,,,11/24/2022,,,,,J1772,US,,,,Public,,public,,,,,,,,,,,,,,,,,,,,FALSE,,,,,,,,,FALSE,
ELEC,Westville Town Center,165 Broadway,,Westville,NJ,8093,,877-455-3833,E,,Public,24 hours daily,,,,,,,2,,eVgo Network,https://www.evgo.com,GPS,39.870895,-75.126399,8/25/2026,236710,2026-08-25 23:59:54 UTC,,,,11/29/2022,,,,,CHADEMO J1772COMBO,US,,,,Public,,public,,,,,,,,,,,,,,,,,,,,FALSE,,,,,,,,,FALSE,
ELEC,CAMDEN COUNTY BLACKWOOD PS2,200 College dr,Located where previous chargers were,Gloucester Township,NJ,8012,,888-758-4389,E,,Public,24 hours daily,,,,,,2,,,ChargePoint Network,https://www.chargepoint.com,GPS,39.78409,-75.039345,8/26/2026,236781,2026-08-26 02:04:00 UTC,,,,12/1/2022,,,,,J1772,US,,,,Public,,public,,,,,,,,,,,,,,,,,,,,FALSE,,,,,,,,,FALSE,
ELEC,CAMDEN COUNTY CCC-CAMDEN PS2,622-698 Penn St,Located on level 3 heading up to level 4,Camden,NJ,8102,,888-758-4389,E,,Public,24 hours daily,,,,,,2,,,ChargePoint Network,https://www.chargepoint.com,GPS,39.94746,-75.118576,8/26/2026,236783,2026-08-26 02:05:37 UTC,,,,12/1/2022,,,,,J1772,US,,,,Public,,public,,,,,,,,,,,,,,,,,,,,FALSE,,,,,,,,,FALSE,
ELEC,CAMDEN COUNTY CCC-CAMDEN PS1,622-698 Penn St,Located on level 3 heading up to level 4,Camden,NJ,8102,,888-758-4389,E,,Public,24 hours daily,,,,,,2,,,ChargePoint Network,https://www.chargepoint.com,GPS,39.947468,-75.11855,8/26/2026,236784,2026-08-26 02:05:37 UTC,,,,12/1/2022,,,,,J1772,US,,,,Public,,public,,,,,,,,,,,,,,,,,,,,FALSE,,,,,,,,,FALSE,
ELEC,CAMDEN COUNTY CHERRY HILL PS2,1889 NJ-70,Located where previous chargers were,Cherry Hill,NJ,8003,,888-758-4389,E,,Public,24 hours daily,,,,,,2,,,ChargePoint Network,https://www.chargepoint.com,GPS,39.902862,-74.968243,8/26/2026,236786,2026-08-26 02:05:46 UTC,,,,12/1/2022,,,,,J1772,US,,,,Public,,public,,,,,,,,,,,,,,,,,,,,FALSE,,,,,,,,,FALSE,
ELEC,CAMDEN COUNTY CHERRY HILL PS1,1889 NJ-70,Located where previous chargers were,Cherry Hill,NJ,8003,,888-758-4389,E,,Public,24 hours daily,,,,,,2,,,ChargePoint Network,https://www.chargepoint.com,GPS,39.902908,-74.96821,8/26/2026,236787,2026-08-26 02:05:46 UTC,,,,12/1/2022,,,,,J1772,US,,,,Public,,public,,,,,,,,,,,,,,,,,,,,FALSE,,,,,,,,,FALSE,
ELEC,CAMDEN COUNTY BLACKWOOD PS1,200 College Dr,Located where previous chargers were,Gloucester Township,NJ,8012,,888-758-4389,E,,Public,24 hours daily,,,,,,2,,,ChargePoint Network,https://www.chargepoint.com,GPS,39.784035,-75.039358,8/26/2026,236788,2026-08-26 02:05:47 UTC,,,,12/1/2022,,,,,J1772,US,,,,Public,,public,,,,,,,,,,,,,,,,,,,,FALSE,,,,,,,,,FALSE,
ELEC,CAMDEN COUNTY LIBRARY S PS1,35 Cooper Folly Rd,,Winslow Township,NJ,8004,,888-758-4389,E,,Public,24 hours daily,,,,,,2,,,ChargePoint Network,https://www.chargepoint.com,GPS,39.750744,-74.90515,8/26/2026,236789,2026-08-26 02:05:52 UTC,,,,12/1/2022,,,,,J1772,US,,,,Public,,public,,,,,,,,,,,,,,,,,,,,FALSE,,,,,,,,,FALSE,
ELEC,CAMDEN COUNTY BELLMAWRLIB PS1,35 E Browning Rd,Located where previous chargers were,Bellmawr,NJ,8031,,888-758-4389,E,,Public,24 hours daily,,,,,,2,,,ChargePoint Network,https://www.chargepoint.com,GPS,39.867207,-75.077934,8/26/2026,236790,2026-08-26 02:05:55 UTC,,,,12/1/2022,,,,,J1772,US,,,,Public,,public,,,,,,,,,,,,,,,,,,,,FALSE,,,,,,,,,FALSE,
ELEC,CAMDEN COUNTY BOATHOUSE PS1,7050 N Park Dr,Located where previous chargers were,Pennsauken Township,NJ,8109,,888-758-4389,E,,Public,24 hours daily,,,,,,1,,,ChargePoint Network,https://www.chargepoint.com,GPS,39.927005,-75.072933,8/26/2026,236791,2026-08-26 02:05:56 UTC,,,,12/1/2022,,,,,J1772,US,,,,Public,,public,,,,,,,,,,,,,,,,,,,,FALSE,,,,,,,,,FALSE,
ELEC,CAMDEN COUNTY VOTECH PS2,343 Berlin - Cross Keys Rd,Located where previous chargers were,Gloucester Township,NJ,8081,,888-758-4389,E,,Public,24 hours daily,,,,,,2,,,ChargePoint Network,https://www.chargepoint.com,GPS,39.762928,-74.976036,8/26/2026,236793,2026-08-26 02:06:52 UTC,,,,12/1/2022,,,,,J1772,US,,,,Public,,public,,,,,,,,,,,,,,,,,,,,FALSE,,,,,,,,,FALSE,
ELEC,CAMDEN COUNTY VOTECH PS1,343 Berlin - Cross Keys Rd,Located where previous chargers were,Gloucester Township,NJ,8081,,888-758-4389,E,,Public,24 hours daily,,,,,,2,,,ChargePoint Network,https://www.chargepoint.com,GPS,39.762897,-74.97609,8/26/2026,236794,2026-08-26 02:06:53 UTC,,,,12/1/2022,,,,,J1772,US,,,,Public,,public,,,,,,,,,,,,,,,,,,,,FALSE,,,,,,,,,FALSE,
ELEC,COLLINGSWOOD NJ LUMBERYARD,602 N Atlantic Ave,Garage,Collingswood,NJ,8108,,888-758-4389,E,,Public,24 hours daily,,,,,,2,,,ChargePoint Network,https://www.chargepoint.com,GPS,39.915331,-75.070386,8/26/2026,236927,2026-08-26 02:09:49 UTC,,,,12/2/2022,,,,,J1772,US,,,,Public,,public,,,,,,,,,,,,,,,,,,,,FALSE,,,,,,,,,FALSE,
ELEC,123 WATER URBAN WSR#1,123 Water St,Parking Lot next to Panera,Newton,NJ,7860,,888-758-4389,E,,Public,24 hours daily,,,,,,2,,,ChargePoint Network,https://www.chargepoint.com,GPS,41.064957,-74.746895,8/26/2026,236996,2026-08-26 02:10:09 UTC,,,,12/3/2022,,,,,J1772,US,,,,Public,,public,,,,,,,,,,,,,,,,,,,,FALSE,,,,,,,,,FALSE,
ELEC,ShopRite of Mount Laurel,127 Ark Rd,,Mount Laurel,NJ,8054,,877-455-3833,E,,Public,24 hours daily,,,,,,,6,,eVgo Network,https://www.evgo.com,GPS,39.974372,-74.871008,8/26/2026,237071,2026-08-26 00:02:00 UTC,,,,12/3/2022,,,,,CHADEMO J1772COMBO,US,,,,Public,,public,,,,,,,,,,,,,,,,,,,,FALSE,,,,,,,,,FALSE,
ELEC,JLR MAHWAH DCFAST 07,100 Jaguar Land Rover Way,,Mahwah,NJ,7495,,888-758-4389,E,,Public,24 hours daily,,,,,,,1,,ChargePoint Network,https://www.chargepoint.com,GPS,41.111897,-74.161441,8/26/2026,237434,2026-08-26 01:23:47 UTC,,,,12/8/2022,,,,,CHADEMO J1772COMBO,US,,,,Public,,public,,,,,,,,,,,,,,,,,,,,FALSE,,,,,,,,,FALSE,
ELEC,JLR MAHWAH DCFAST 06,100 Jaguar Land Rover,Northwest Location of Parking Lot,Mahwah,NJ,7495,,888-758-4389,T,7/1/2026,TEMPORARILY UNAVAILABLE (Public),24 hours daily,,,,,,,1,,ChargePoint Network,https://www.chargepoint.com,GPS,41.111917,-74.161391,8/26/2026,237435,2026-08-26 01:23:47 UTC,,,,12/8/2022,,,,,CHADEMO J1772COMBO,US,,,,TEMPORAIREMENT SUSPENDU (Public),,public,,,,,,,,,,,,,,,,,,,,FALSE,,,,,,,,,FALSE,
ELEC,JLR MAHWAH DCFAST 09,100 Jaguar Land Rover Way,Northwest Part of Parking Lot,Mahwah,NJ,7495,,888-758-4389,T,7/9/2026,TEMPORARILY UNAVAILABLE (Public),24 hours daily,,,,,,,1,,ChargePoint Network,https://www.chargepoint.com,GPS,41.111923,-74.161444,8/26/2026,237436,2026-08-26 01:23:48 UTC,,,,12/8/2022,,,,,CHADEMO J1772COMBO,US,,,,TEMPORAIREMENT SUSPENDU (Public),,public,,,,,,,,,,,,,,,,,,,,FALSE,,,,,,,,,FALSE,
ELEC,DT&P 1ST & WASH PS1,68 1st St,On left side of 1st St. between Washington St. and Court St.,Hoboken,NJ,7030,,888-758-4389,E,,Public,24 hours daily,,,,,,2,,,ChargePoint Network,https://www.chargepoint.com,GPS,40.737427,-74.03049,8/26/2026,237503,2026-08-26 01:53:07 UTC,,,,12/8/2022,,,,,J1772,US,,,,Public,,public,,,,,,,,,,,,,,,,,,,,FALSE,,,,,,,,,FALSE,
ELEC,STARBUCKS STORE #66186,999 NJ-36,,Atlantic Highlands,NJ,7716,,888-758-4389,E,,Public,24 hours daily,,,,,,2,,,ChargePoint Network,https://www.chargepoint.com,GPS,40.410225,-74.0406,8/26/2026,237751,2026-08-26 02:06:49 UTC,,,,12/9/2022,,,,,J1772,US,,,,Public,,public,,,,,,,,,,,,,,,,,,,,FALSE,,,,,,,,,FALSE,
ELEC,NJDEP STATEPARK WAWAYANDA PS1,885 Warwick Turnpike,Only available during Park hours,Vernon Township,NJ,7421,,888-758-4389,E,,Public,Mon: 8:00am-7:30pm; Tue: 8:00am-7:30pm; Wed: 8:00am-7:30pm; Thu: 8:00am-7:30pm; Fri: 8:00am-7:30pm; Sat: 8:00am-7:30pm; Sun: 8:00am-7:30pm,,,,,,2,,,ChargePoint Network,https://www.chargepoint.com,GPS,41.190304,-74.42919,8/26/2026,237761,2026-08-26 02:10:45 UTC,,,,12/9/2022,,,,,J1772,US,,,,Public,,public,,,,,,,,,,,,,,,,,,,,FALSE,,,,,,,,,FALSE,
ELEC,NJDEP STATEPARK WAWAYANDA PS2,885 Warwick Turnpike,,Vernon Township,NJ,7421,,888-758-4389,E,,Public,Mon: 8:00am-7:30pm; Tue: 8:00am-7:30pm; Wed: 8:00am-7:30pm; Thu: 8:00am-7:30pm; Fri: 8:00am-7:30pm; Sat: 8:00am-7:30pm; Sun: 8:00am-7:30pm,,,,,,2,,,ChargePoint Network,https://www.chargepoint.com,GPS,41.190266,-74.42915,8/26/2026,237762,2026-08-26 02:10:45 UTC,,,,12/9/2022,,,,,J1772,US,,,,Public,,public,,,,,,,,,,,,,,,,,,,,FALSE,,,,,,,,,FALSE,
ELEC,THE GRAND STATION 2-0678,1 Upper Pond Rd,,Parsippany-Troy Hills,NJ,7054,,888-758-4389,E,,Public,24 hours daily,,,,,,2,,,ChargePoint Network,https://www.chargepoint.com,GPS,40.870803,-74.447891,8/26/2026,237900,2026-08-26 01:20:55 UTC,,,,12/14/2022,,,,,J1772,US,,,,Public,,public,,,,,,,,,,,,,,,,,,,,FALSE,,,,,,,,,FALSE,
ELEC,THE GRAND STATION-1-4176,300 Interpace Pkwy,,Parsippany-Troy Hills,NJ,7054,,888-758-4389,E,,Public,24 hours daily,,,,,,2,,,ChargePoint Network,https://www.chargepoint.com,GPS,40.869417,-74.448962,8/26/2026,237901,2026-08-26 01:23:11 UTC,,,,12/14/2022,,,,,J1772,US,,,,Public,,public,,,,,,,,,,,,,,,,,,,,FALSE,,,,,,,,,FALSE,
ELEC,MAHWAH A-AC-14,933 MacArthur Blvd,Building A Parking Lot,Mahwah,NJ,7430,,888-758-4389,E,,Public,24 hours daily,,,,,,2,,,ChargePoint Network,https://www.chargepoint.com,GPS,41.07358,-74.170267,8/26/2026,237925,2026-08-26 02:09:51 UTC,,,,12/14/2022,,,,,J1772,US,,,,Public,,public,,,,,,,,,,,,,,,,,,,,FALSE,,,,,,,,,FALSE,
ELEC,MAHWAH A-AC-2,1800 Volvo Pl,Building A Parking Lot,Mahwah,NJ,7430,,888-758-4389,E,,Public,24 hours daily,,,,,,2,,,ChargePoint Network,https://www.chargepoint.com,GPS,41.073557,-74.170539,8/26/2026,237926,2026-08-26 02:09:52 UTC,,,,12/14/2022,,,,,J1772,US,,,,Public,,public,,,,,,,,,,,,,,,,,,,,FALSE,,,,,,,,,FALSE,
ELEC,MAHWAH A-AC-5,933 MacArthur Blvd,Building A Parking Lot,Mahwah,NJ,7430,,888-758-4389,E,,Public,24 hours daily,,,,,,2,,,ChargePoint Network,https://www.chargepoint.com,GPS,41.073941,-74.170655,8/26/2026,237927,2026-08-26 02:09:52 UTC,,,,12/14/2022,,,,,J1772,US,,,,Public,,public,,,,,,,,,,,,,,,,,,,,FALSE,,,,,,,,,FALSE,
ELEC,MAHWAH A-AC-7,933 MacArthur Blvd,Building A Parking Lot,Mahwah,NJ,7430,,888-758-4389,E,,Public,24 hours daily,,,,,,2,,,ChargePoint Network,https://www.chargepoint.com,GPS,41.073851,-74.170563,8/26/2026,237928,2026-08-26 02:09:52 UTC,,,,12/14/2022,,,,,J1772,US,,,,Public,,public,,,,,,,,,,,,,,,,,,,,FALSE,,,,,,,,,FALSE,
ELEC,MAHWAH A-AC-9,933 MacArthur Blvd,Building A Parking Lot,Mahwah,NJ,7430,,888-758-4389,E,,Public,24 hours daily,,,,,,2,,,ChargePoint Network,https://www.chargepoint.com,GPS,41.073774,-74.170465,8/26/2026,237929,2026-08-26 02:09:52 UTC,,,,12/14/2022,,,,,J1772,US,,,,Public,,public,,,,,,,,,,,,,,,,,,,,FALSE,,,,,,,,,FALSE,
ELEC,MAHWAH A-AC-10,933 MacArthur Blvd,Building A Parking Lot. Employee Use Only,Mahwah,NJ,7430,,888-758-4389,E,,Public,24 hours daily,,,,,,2,,,ChargePoint Network,https://www.chargepoint.com,GPS,41.073739,-74.170425,8/26/2026,237930,2026-08-26 02:09:52 UTC,,,,12/14/2022,,,,,J1772,US,,,,Public,,public,,,,,,,,,,,,,,,,,,,,FALSE,,,,,,,,,FALSE,
ELEC,MAHWAH A-AC-16,933 MacArthur Blvd,Building A Parking Lot,Mahwah,NJ,7430,,888-758-4389,E,,Public,24 hours daily,,,,,,2,,,ChargePoint Network,https://www.chargepoint.com,GPS,41.073971,-74.170619,8/26/2026,237931,2026-08-26 02:09:52 UTC,,,,12/14/2022,,,,,J1772,US,,,,Public,,public,,,,,,,,,,,,,,,,,,,,FALSE,,,,,,,,,FALSE,
ELEC,MAHWAH A-AC-8,933 MacArthur Blvd,Building A Parking Lot,Mahwah,NJ,7430,,888-758-4389,E,,Public,24 hours daily,,,,,,2,,,ChargePoint Network,https://www.chargepoint.com,GPS,41.073815,-74.170506,8/26/2026,237932,2026-08-26 02:09:53 UTC,,,,12/14/2022,,,,,J1772,US,,,,Public,,public,,,,,,,,,,,,,,,,,,,,FALSE,,,,,,,,,FALSE,
ELEC,MAHWAH A-AC-22,933 MacArthur Blvd,Building A Parking Lot,Mahwah,NJ,7430,,888-758-4389,E,,Public,24 hours daily,,,,,,2,,,ChargePoint Network,https://www.chargepoint.com,GPS,41.073754,-74.170333,8/26/2026,237933,2026-08-26 02:09:53 UTC,,,,12/14/2022,,,,,J1772,US,,,,Public,,public,,,,,,,,,,,,,,,,,,,,FALSE,,,,,,,,,FALSE,
ELEC,MAHWAH A-AC-1,1800 Volvo Pl,Building A Parking Lot,Mahwah,NJ,7430,,888-758-4389,E,,Public,24 hours daily,,,,,,2,,,ChargePoint Network,https://www.chargepoint.com,GPS,41.073595,-74.17058,8/26/2026,237934,2026-08-26 02:09:53 UTC,,,,12/14/2022,,,,,J1772,US,,,,Public,,public,,,,,,,,,,,,,,,,,,,,FALSE,,,,,,,,,FALSE,
ELEC,MAHWAH A-AC-11,933 MacArthur Blvd,Building A Parking Lot,Mahwah,NJ,7430,,888-758-4389,E,,Public,24 hours daily,,,,,,2,,,ChargePoint Network,https://www.chargepoint.com,GPS,41.073695,-74.170387,8/26/2026,237935,2026-08-26 02:09:53 UTC,,,,12/14/2022,,,,,J1772,US,,,,Public,,public,,,,,,,,,,,,,,,,,,,,FALSE,,,,,,,,,FALSE,
ELEC,MAHWAH A-AC-17,933 MacArthur Blvd,Building A Parking Lot,Mahwah,NJ,7430,,888-758-4389,E,,Public,24 hours daily,,,,,,2,,,ChargePoint Network,https://www.chargepoint.com,GPS,41.073932,-74.170573,8/26/2026,237936,2026-08-26 02:09:53 UTC,,,,12/14/2022,,,,,J1772,US,,,,Public,,public,,,,,,,,,,,,,,,,,,,,FALSE,,,,,,,,,FALSE,
ELEC,MAHWAH A-AC-13,933 MacArthur Blvd,Building A Parking Lot,Mahwah,NJ,7430,,888-758-4389,E,,Public,24 hours daily,,,,,,2,,,ChargePoint Network,https://www.chargepoint.com,GPS,41.073617,-74.170308,8/26/2026,237937,2026-08-26 02:09:53 UTC,,,,12/14/2022,,,,,J1772,US,,,,Public,,public,,,,,,,,,,,,,,,,,,,,FALSE,,,,,,,,,FALSE,
ELEC,MAHWAH A-AC-19,933 MacArthur Blvd,Building A Parking Lot,Mahwah,NJ,7430,,888-758-4389,E,,Public,24 hours daily,,,,,,2,,,ChargePoint Network,https://www.chargepoint.com,GPS,41.073857,-74.170479,8/26/2026,237938,2026-08-26 02:09:53 UTC,,,,12/14/2022,,,,,J1772,US,,,,Public,,public,,,,,,,,,,,,,,,,,,,,FALSE,,,,,,,,,FALSE,
ELEC,MAHWAH A-AC-21,933 MacArthur Blvd,Building A Parking Lot,Mahwah,NJ,7430,,888-758-4389,E,,Public,24 hours daily,,,,,,2,,,ChargePoint Network,https://www.chargepoint.com,GPS,41.073786,-74.170384,8/26/2026,237939,2026-08-26 02:09:53 UTC,,,,12/14/2022,,,,,J1772,US,,,,Public,,public,,,,,,,,,,,,,,,,,,,,FALSE,,,,,,,,,FALSE,
ELEC,MAHWAH A-AC-15,933 MacArthur Blvd,Building A Parking Lot,Mahwah,NJ,7430,,888-758-4389,E,,Public,24 hours daily,,,,,,2,,,ChargePoint Network,https://www.chargepoint.com,GPS,41.07401,-74.170664,8/26/2026,237940,2026-08-26 02:09:54 UTC,,,,12/14/2022,,,,,J1772,US,,,,Public,,public,,,,,,,,,,,,,,,,,,,,FALSE,,,,,,,,,FALSE,
ELEC,MAHWAH A-AC-20,933 MacArthur Blvd,Building A Parking Lot,Mahwah,NJ,7430,,888-758-4389,E,,Public,24 hours daily,,,,,,2,,,ChargePoint Network,https://www.chargepoint.com,GPS,41.073822,-74.170433,8/26/2026,237941,2026-08-26 02:09:54 UTC,,,,12/14/2022,,,,,J1772,US,,,,Public,,public,,,,,,,,,,,,,,,,,,,,FALSE,,,,,,,,,FALSE,
ELEC,MAHWAH A-AC-23,933 MacArthur Blvd,Building A Parking Lot,Mahwah,NJ,7430,,888-758-4389,E,,Public,24 hours daily,,,,,,2,,,ChargePoint Network,https://www.chargepoint.com,GPS,41.073722,-74.170283,8/26/2026,237942,2026-08-26 02:09:54 UTC,,,,12/14/2022,,,,,J1772,US,,,,Public,,public,,,,,,,,,,,,,,,,,,,,FALSE,,,,,,,,,FALSE,
ELEC,MAHWAH A-AC-24,933 MacArthur Blvd,Building A Parking Lot,Mahwah,NJ,7430,,888-758-4389,E,,Public,24 hours daily,,,,,,2,,,ChargePoint Network,https://www.chargepoint.com,GPS,41.073689,-74.170231,8/26/2026,237943,2026-08-26 02:09:54 UTC,,,,12/14/2022,,,,,J1772,US,,,,Public,,public,,,,,,,,,,,,,,,,,,,,FALSE,,,,,,,,,FALSE,
ELEC,MAHWAH A-AC-18,933 MacArthur Blvd,Building A Parking Lot,Mahwah,NJ,7430,,888-758-4389,E,,Public,24 hours daily,,,,,,2,,,ChargePoint Network,https://www.chargepoint.com,GPS,41.073897,-74.170528,8/26/2026,237944,2026-08-26 02:09:55 UTC,,,,12/14/2022,,,,,J1772,US,,,,Public,,public,,,,,,,,,,,,,,,,,,,,FALSE,,,,,,,,,FALSE,
ELEC,MAHWAH A-AC-12,933 MacArthur Blvd,Building A Parking Lot,Mahwah,NJ,7430,,888-758-4389,E,,Public,24 hours daily,,,,,,2,,,ChargePoint Network,https://www.chargepoint.com,GPS,41.073659,-74.170344,8/26/2026,237945,2026-08-26 02:09:55 UTC,,,,12/14/2022,,,,,J1772,US,,,,Public,,public,,,,,,,,,,,,,,,,,,,,FALSE,,,,,,,,,FALSE,
ELEC,MAHWAH A-AC-6,933 MacArthur Blvd,Building A Parking Lot,Mahwah,NJ,7430,,888-758-4389,E,,Public,24 hours daily,,,,,,2,,,ChargePoint Network,https://www.chargepoint.com,GPS,41.073899,-74.170602,8/26/2026,237946,2026-08-26 02:09:55 UTC,,,,12/14/2022,,,,,J1772,US,,,,Public,,public,,,,,,,,,,,,,,,,,,,,FALSE,,,,,,,,,FALSE,
ELEC,MAHWAH A-AC-4,933 MacArthur Blvd,Building A Parking Lot,Mahwah,NJ,7430,,888-758-4389,E,,Public,24 hours daily,,,,,,2,,,ChargePoint Network,https://www.chargepoint.com,GPS,41.073475,-74.170465,8/26/2026,237947,2026-08-26 02:09:55 UTC,,,,12/14/2022,,,,,J1772,US,,,,Public,,public,,,,,,,,,,,,,,,,,,,,FALSE,,,,,,,,,FALSE,
ELEC,MAHWAH A-AC-3,933 MacArthur Blvd,Building A Parking Lot,Mahwah,NJ,7430,,888-758-4389,E,,Public,24 hours daily,,,,,,2,,,ChargePoint Network,https://www.chargepoint.com,GPS,41.073517,-74.170504,8/26/2026,237948,2026-08-26 02:09:55 UTC,,,,12/14/2022,,,,,J1772,US,,,,Public,,public,,,,,,,,,,,,,,,,,,,,FALSE,,,,,,,,,FALSE,
ELEC,Township of Winslow - Animal Control,125 South Route 73,,Braddock,NJ,8037,,888-998-2546,E,,Public,24 hours daily,,,,,,2,,,Blink Network,https://blinkcharging.com,GPS,39.701175,-74.896669,8/26/2026,238016,2026-08-26 00:36:04 UTC,,,,4/27/2022,,,,,J1772,US,,,,Public,,public,,,,,,,,,,Free,,,,,,,,,,FALSE,,,,,,,,,FALSE,
ELEC,"Edison, NJ - U.S. Route 1 - Tesla Supercharger",580 U.S. Route 1,,Edison,NJ,8817,,877-798-3752,E,,Public,24 hours daily. Open to all vehicles.,A D Debit M V,,,,,,8,,Tesla,https://www.tesla.com/supercharger,GPS,40.506189,-74.393657,6/18/2026,238208,2026-06-18 14:46:21 UTC,P,,,12/10/2022,,,,,J1772COMBO TESLA,US,,,,Public,,public,,,GAS_STATION,,,,,,,,,,,,,,,,,FALSE,,,,,,,,LD,FALSE,
ELEC,Shunpike Park,651 Shunpike Road,,Chatham Township,NJ,7928,,888-998-2546,E,,Public,24 hours daily,,,,,,2,,,Blink Network,https://blinkcharging.com,GPS,40.744349,-74.4249454,8/26/2026,238426,2026-08-26 00:35:16 UTC,,,,11/22/2022,,,,,J1772,US,,,,Public,,public,,,,,,,,,,,,,,,,,,,,FALSE,,,,,,,,,FALSE,
ELEC,Nash Park,462 Southern Boulevard,,Chatham Township,NJ,7928,,888-998-2546,T,7/15/2026,TEMPORARILY UNAVAILABLE (Public),24 hours daily,,,,,,2,,,Blink Network,https://blinkcharging.com,GPS,40.7398881,-74.4290495,8/26/2026,238427,2026-08-26 00:35:16 UTC,,,,11/22/2022,,,,,J1772,US,,,,TEMPORAIREMENT SUSPENDU (Public),,public,,,,,,,,,,,,,,,,,,,,FALSE,,,,,,,,,FALSE,
ELEC,NJDEP STATEPARK ROUNDVALLEY1,1220 Stanton Lebanon Rd,Far right corner of parking lot,Lebanon,NJ,8833,,888-758-4389,E,,Public,Mon: 8:00am-7:00pm; Tue: 8:00am-7:00pm; Wed: 8:00am-7:00pm; Thu: 8:00am-7:00pm; Fri: 8:00am-7:00pm; Sat: 8:00am-7:00pm; Sun: 8:00am-7:00pm,,,,,,2,,,ChargePoint Network,https://www.chargepoint.com,GPS,40.62829,-74.852196,8/26/2026,238441,2026-08-26 02:06:37 UTC,,,,12/20/2022,,,,,J1772,US,,,,Public,,public,,,,,,,,,,,,,,,,,,,,FALSE,,,,,,,,,FALSE,
ELEC,"North Bergen, NJ - John F. Kennedy Boulevard - Tesla Supercharger",2819 John F. Kennedy Boulevard,,North Bergen,NJ,7047,,877-798-3752,E,,Public,24 hours daily. Open to all vehicles.,A D Debit M V,,,,,,8,,Tesla,https://www.tesla.com/supercharger,GPS,40.773857,-74.03808,6/18/2026,238574,2026-06-18 14:46:21 UTC,P,,,12/15/2022,,,,,J1772COMBO TESLA,US,,,,Public,,public,,,RESTAURANT,,,,,,,,,,,,,,,,,FALSE,,,,,,,,LD,FALSE,
ELEC,"Little Ferry, NJ - Tesla Supercharger",260 Bergen Turnpike,,Little Ferry,NJ,7643,,877-798-3752,E,,Public,24 hours daily. Open to all vehicles.,A D Debit M V,,,,,,12,,Tesla,https://www.tesla.com/supercharger,GPS,40.855056,-74.032678,6/18/2026,238575,2026-06-18 14:46:21 UTC,P,,,12/16/2022,,,,,J1772COMBO TESLA,US,,,,Public,,public,,,OTHER,,,,,,,,,,,,,,,,,FALSE,,,,,,,,LD,FALSE,
ELEC,"Perth Amboy, NJ - Tesla Supercharger",365 Convery Boulevard,,Perth Amboy,NJ,8861,,877-798-3752,E,,Public,24 hours daily. Open to all vehicles.,A D Debit M V,,,,,,8,,Tesla,https://www.tesla.com/supercharger,GPS,40.517584,-74.286053,6/18/2026,238580,2026-06-18 14:46:21 UTC,P,,,12/20/2022,,,,,J1772COMBO TESLA,US,,,,Public,,public,,,SHOPPING_CENTER,,,,,,,,,,,,,,,,,FALSE,,,,,,,,LD,FALSE,
ELEC,Convery Plaza Shopping Center,365 Convery Blvd,,Perth Amboy,NJ,8861,,877-455-3833,E,,Public,24 hours daily,,,,,,,4,,eVgo Network,https://www.evgo.com,GPS,40.5175,-74.28587,8/25/2026,238821,2026-08-25 23:59:25 UTC,,,,12/28/2022,,,,,CHADEMO J1772COMBO,US,,,,Public,,public,,,,,,,,,,,,,,,,,,,,FALSE,,,,,,,,,FALSE,
ELEC,"Howell Township, NJ - Tesla Supercharger",4690 US 9,,Howell Township,NJ,7731,,877-798-3752,E,,Public,24 hours daily. NACS partner enabled.,A D Debit M V,,,,,,12,,Tesla,https://www.tesla.com/supercharger,GPS,40.137186,-74.225718,6/18/2026,241141,2026-06-18 14:46:21 UTC,P,,,12/22/2022,,,,,TESLA,US,,,,Public,,public,,,GAS_STATION,,,,,,,,,,,,,,,,,FALSE,,,,,,,,LD,FALSE,
ELEC,"East Rutherford, NJ - Tesla Supercharger",1 American Dream Way,,East Rutherford,NJ,7073,,877-798-3752,E,,Public,24 hours daily. Open to all vehicles.,A D Debit M V,,,,,,32,,Tesla,https://www.tesla.com/supercharger,GPS,40.811559,-74.06491,6/18/2026,241143,2026-06-18 14:46:21 UTC,P,,,12/22/2022,,,,,J1772COMBO TESLA,US,,,,Public,,public,,,SHOPPING_CENTER,,,,,,,,,,,,,,,,,FALSE,,,,,,,,LD,FALSE,
ELEC,"North Bergen, NJ - Tesla Supercharger",3131 Kennedy Blvd,,North Bergen,NJ,7087,,877-798-3752,E,,Public,24 hours daily. Open to all vehicles.,A D Debit M V,,,,,,12,,Tesla,https://www.tesla.com/supercharger,GPS,40.775482,-74.034587,6/18/2026,241147,2026-06-18 14:46:21 UTC,P,,,12/22/2022,,,,,J1772COMBO TESLA,US,,,,Public,,public,,,SHOPPING_CENTER,,,,,,,,,,,,,,,,,FALSE,,,,,,,,LD,FALSE,
ELEC,Mainland Hospital Campus - Visitors Parking,65 W Jimmie Leeds Rd,,Pomona,NJ,8240,,888-998-2546,E,,Public,24 hours daily,,,,,,2,,,Blink Network,https://blinkcharging.com,GPS,39.480326,-74.542733,8/26/2026,241193,2026-08-26 00:05:32 UTC,,,,12/16/2022,,,,,J1772,US,,,,Public,,public,,,,,,,,,,Free,,,,,,,,,,FALSE,,,,,,,,,FALSE,
ELEC,Ross Industries - 409 JKA Project,409 Joyce Kilmer Avenue,,New Brunswick,NJ,8901,,888-998-2546,E,,Public,24 hours daily,,,,,,4,,,Blink Network,https://blinkcharging.com,GPS,40.483491,-74.458456,8/26/2026,241203,2026-08-26 00:13:20 UTC,,,,10/21/2022,,,,,J1772,US,,,,Public,,public,,,,,,,,,,Free,,,,,,,,,,FALSE,,,,,,,,,FALSE,
ELEC,160 Greene-Littleman Parking - Tesla Destination,135 Greene St,,Jersey City,NJ,7311,,877-798-3752,E,,Public,,,,,,,4,,,Tesla Destination,https://www.tesla.com/destination-charging,GPS,40.718398,-74.035327,7/1/2024,250879,2025-02-12 00:16:32 UTC,P,,,8/28/2019,,,,,TESLA,US,,,,Public,,public,,,,,,,,,,,,,,,,,,,,,,,,,,,,,FALSE,
ELEC,Residence Inn by Marriott Tower New Brunswick Tower Center Blvd - Tesla Destination,6 Tower Center Blvd,,East Brunswick,NJ,8816,,877-798-3752,E,,Public,,,,,,,1,,,Tesla Destination,https://www.tesla.com/destination-charging,GPS,40.47997,-74.40644,7/1/2024,250999,2025-02-12 00:16:32 UTC,P,,,6/28/2022,,,,,TESLA,US,,,,Public,,public,,,,,,,,,,,,,,,,,,,,,,,,,,,,,FALSE,
ELEC,Columbus Garage LLC - Tesla Destination,66 Christopher Columbus Dr,,Jersey City,NJ,7302,,877-798-3752,E,,Public,,,,,,,9,,,Tesla Destination,https://www.tesla.com/destination-charging,GPS,40.720034,-74.044617,7/1/2024,251064,2025-02-12 00:16:32 UTC,P,,,8/25/2022,,,,,TESLA,US,,,,Public,,public,,,,,,,,,,,,,,,,,,,,,,,,,,,,,FALSE,
ELEC,MCVSD MORRIS ST2,400 E Main St,,Denville,NJ,7834,,888-758-4389,T,8/20/2026,TEMPORARILY UNAVAILABLE (Public),24 hours daily,,,,,,1,,,ChargePoint Network,https://www.chargepoint.com,GPS,40.878613,-74.479077,8/26/2026,251112,2026-08-26 01:10:31 UTC,,,,1/19/2023,,,,,J1772,US,,,,TEMPORAIREMENT SUSPENDU (Public),,public,,,,,,,,,,,,,,,,,,,,FALSE,,,,,,,,,FALSE,
ELEC,MCVSD MORRIS ST1,400 E Main St,,Denville,NJ,7834,,888-758-4389,E,,Public,24 hours daily,,,,,,1,,,ChargePoint Network,https://www.chargepoint.com,GPS,40.878625,-74.479176,8/26/2026,251113,2026-08-26 01:10:44 UTC,,,,1/19/2023,,,,,J1772,US,,,,Public,,public,,,,,,,,,,,,,,,,,,,,FALSE,,,,,,,,,FALSE,
ELEC,ESSEX COUNTY OFF NETWORK3,560 Northfield Ave,Located on parking deck #2,West Orange,NJ,7052,,888-758-4389,E,,Public,24 hours daily,,,,,,2,,,ChargePoint Network,https://www.chargepoint.com,GPS,40.76802,-74.281537,8/26/2026,251195,2026-08-26 01:05:04 UTC,,,,1/23/2023,,,,,J1772,US,,,,Public,,public,,,,,,,,,,,,,,,,,,,,FALSE,,,,,,,,,FALSE,
ELEC,ESSEX COUNTY OFF NETWORK2,73 Howard St,"Located in the Veterans Courhouse, first level",Newark,NJ,7103,,888-758-4389,E,,Public,24 hours daily,,,,,,2,,,ChargePoint Network,https://www.chargepoint.com,GPS,40.737226,-74.181196,8/26/2026,251196,2026-08-26 01:05:06 UTC,,,,1/23/2023,,,,,J1772,US,,,,Public,,public,,,,,,,,,,,,,,,,,,,,FALSE,,,,,,,,,FALSE,
ELEC,ESSEX COUNTY OFF NETWORK1,900 Bloomfield Ave,Rear of building.,Verona,NJ,7044,,888-758-4389,E,,Public,24 hours daily,,,,,,2,,,ChargePoint Network,https://www.chargepoint.com,GPS,40.835307,-74.25889,8/26/2026,251197,2026-08-26 01:13:09 UTC,,,,1/23/2023,,,,,J1772,US,,,,Public,,public,,,,,,,,,,,,,,,,,,,,FALSE,,,,,,,,,FALSE,
ELEC,F & S Fresh Foods,500 W Elmer Rd,,Vineland,NJ,8360,,,E,,Private,Contact station for hours of availability,,,,,,6,,,AMPUP,https://ampup.io,GPS,39.4590802,-75.0396674,2/13/2023,251311,2026-08-05 18:21:35 UTC,P,,,11/8/2022,,,,,J1772,US,,,,Privé,,private,,,FACTORY,,,,,,,,,,,,,,,,,,,,,,,,,LD,FALSE,
ELEC,iStar,34 Maple Ave,,Pine Brook,NJ,7058,,,E,,Private,Contact station for hours of availability,,,,,,2,,,AMPUP,https://ampup.io,GPS,40.864023,-74.3318946,2/13/2023,251552,2026-08-05 18:21:35 UTC,P,,,12/6/2022,,,,,J1772,US,,,,Privé,,private,,,OFFICE_BLDG,,,,,,,,,,,,,,,,,,,,,,,,,LD,TRUE,
ELEC,ESSEX COUNTY #4,16-84 W Market St,Employee Parking Only,Newark,NJ,7102,,888-758-4389,E,,Public,24 hours daily,,,,,,2,,,ChargePoint Network,https://www.chargepoint.com,GPS,40.739091,-74.18168,8/26/2026,251775,2026-08-26 01:33:28 UTC,,,,1/25/2023,,,,,J1772,US,,,,Public,,public,,,,,,,,,,,,,,,,,,,,FALSE,,,,,,,,,FALSE,
ELEC,ESSEX COUNTY #2,16-84 W Market St,Employees Parking Only,Newark,NJ,7102,,888-758-4389,E,,Public,24 hours daily,,,,,,2,,,ChargePoint Network,https://www.chargepoint.com,GPS,40.739032,-74.181703,8/26/2026,251776,2026-08-26 01:33:28 UTC,,,,1/25/2023,,,,,J1772,US,,,,Public,,public,,,,,,,,,,,,,,,,,,,,FALSE,,,,,,,,,FALSE,
ELEC,ML 1 CT4000,130 US-46,,Lodi,NJ,7644,,888-758-4389,E,,Public,24 hours daily,,,,,,2,,,ChargePoint Network,https://www.chargepoint.com,GPS,40.87752,-74.07565,8/26/2026,251949,2026-08-26 02:11:50 UTC,,,,1/25/2023,,,,,J1772,US,,,,Public,,public,,,,,,,,,,,,,,,,,,,,FALSE,,,,,,,,,FALSE,
ELEC,OR VOLVO STATION 3,731 US-1,,Edison,NJ,8817,,888-758-4389,E,,Public,24 hours daily,,,,,,2,,,ChargePoint Network,https://www.chargepoint.com,GPS,40.509886,-74.386763,8/26/2026,251950,2026-08-26 02:11:50 UTC,,,,1/25/2023,,,,,J1772,US,,,,Public,,public,,,,,,,,,,,,,,,,,,,,FALSE,,,,,,,,,FALSE,
ELEC,OR VOLVO STATION 6,731 US-1,,Edison,NJ,8817,,888-758-4389,E,,Public,24 hours daily,,,,,,2,,,ChargePoint Network,https://www.chargepoint.com,GPS,40.510688,-74.386692,8/26/2026,251951,2026-08-26 02:11:51 UTC,,,,1/25/2023,,,,,J1772,US,,,,Public,,public,,,,,,,,,,,,,,,,,,,,FALSE,,,,,,,,,FALSE,
ELEC,OR VOLVO STATION 5 EMPL,731 US-1,,Edison,NJ,8817,,888-758-4389,E,,Public,24 hours daily,,,,,,2,,,ChargePoint Network,https://www.chargepoint.com,GPS,40.510626,-74.386694,8/26/2026,251953,2026-08-26 02:11:51 UTC,,,,1/25/2023,,,,,J1772,US,,,,Public,,public,,,,,,,,,,,,,,,,,,,,FALSE,,,,,,,,,FALSE,
ELEC,OR VOLVO STATION 1,731 US-1,Front of OpenRoad VOLVO,Edison,NJ,8817,,888-758-4389,E,,Public,24 hours daily,,,,,,2,,,ChargePoint Network,https://www.chargepoint.com,GPS,40.510661,-74.387189,8/26/2026,251956,2026-08-26 02:11:52 UTC,,,,1/25/2023,,,,,J1772,US,,,,Public,,public,,,,,,,,,,,,,,,,,,,,FALSE,,,,,,,,,FALSE,
ELEC,IKEA USA ELIZABETH 1,1000 Ikea Dr,In front at at main entrance,Elizabeth,NJ,7201,,888-758-4389,E,,Public,24 hours daily,,,,,,1,,,ChargePoint Network,https://www.chargepoint.com,GPS,40.67468,-74.169726,8/26/2026,252743,2026-08-26 01:59:30 UTC,,,,1/31/2023,,,,,J1772,US,,,,Public,,public,,,,,,,,,,,,,,,,,,,,FALSE,,,,,,,,,FALSE,
ELEC,IKEA USA ELIZABETH 2,1000 Ikea Dr,In front at at main entrance,Elizabeth,NJ,7201,,888-758-4389,E,,Public,24 hours daily,,,,,,1,,,ChargePoint Network,https://www.chargepoint.com,GPS,40.674695,-74.169755,8/26/2026,252744,2026-08-26 01:59:30 UTC,,,,1/31/2023,,,,,J1772,US,,,,Public,,public,,,,,,,,,,,,,,,,,,,,FALSE,,,,,,,,,FALSE,
ELEC,IKEA USA ELIZABETH 4,1000 Ikea Dr,In front at at main entrance,Elizabeth,NJ,7201,,888-758-4389,E,,Public,24 hours daily,,,,,,1,,,ChargePoint Network,https://www.chargepoint.com,GPS,40.674686,-74.169757,8/26/2026,252745,2026-08-26 01:59:30 UTC,,,,1/31/2023,,,,,J1772,US,,,,Public,,public,,,,,,,,,,,,,,,,,,,,FALSE,,,,,,,,,FALSE,
ELEC,MORRIS MARKET 3,191 E Hanover Ave,Rear of AT&T/Jersey Mike's building,Morris Township,NJ,7960,,888-758-4389,E,,Public,24 hours daily,,,,,,2,,,ChargePoint Network,https://www.chargepoint.com,GPS,40.813468,-74.471746,8/26/2026,252931,2026-08-26 02:11:01 UTC,,,,2/1/2023,,,,,J1772,US,,,,Public,,public,,,,,,,,,,,,,,,,,,,,FALSE,,,,,,,,,FALSE,
ELEC,HYUNDAI DELIVER CHARGER 3,405 NJ-72,,Stafford Township,NJ,8050,,888-758-4389,E,,Public,"Mon: 12:00am-9:00am, 7:00pm-11:59pm; Tue: 12:00am-9:00am, 7:00pm-11:59pm; Wed: 12:00am-9:00am, 7:00pm-11:59pm; Thu: 12:00am-9:00am, 7:00pm-11:59pm; Fri: 12:00am-9:00am, 7:00pm-11:59pm; Sat: 12:00am-9:00am, 7:00pm-11:59pm; Sun: 12:00am-9:00am, 7:00pm-11:59pm",,,,,,,1,,ChargePoint Network,https://www.chargepoint.com,GPS,39.701501,-74.271688,8/26/2026,253421,2026-08-26 02:11:21 UTC,,,,2/7/2023,,,,,CHADEMO J1772COMBO,US,,,,Public,,public,,,,,,,,,,,,,,,,,,,,FALSE,,,,,,,,,FALSE,
ELEC,SIKA HQ SIKAEVSTATION 1,201 Polito Ave,Parking Lot,Lyndhurst,NJ,7071,,888-758-4389,E,,Public,24 hours daily,,,,,,2,,,ChargePoint Network,https://www.chargepoint.com,GPS,40.805778,-74.10831,8/26/2026,253803,2026-08-26 02:09:13 UTC,,,,2/9/2023,,,,,J1772,US,,,,Public,,public,,,,,,,,,,,,,,,,,,,,FALSE,,,,,,,,,FALSE,
ELEC,SIKA HQ IKAEVSTATION 2,201 Polito Ave,Parking Lot,Lyndhurst,NJ,7071,,888-758-4389,E,,Public,24 hours daily,,,,,,2,,,ChargePoint Network,https://www.chargepoint.com,GPS,40.80581,-74.108351,8/26/2026,253804,2026-08-26 02:09:14 UTC,,,,2/9/2023,,,,,J1772,US,,,,Public,,public,,,,,,,,,,,,,,,,,,,,FALSE,,,,,,,,,FALSE,
ELEC,NJDEP STATEPARK HIGH POINT PS2,1480 NJ-23,In parking lot near Lake Marcia Bathhouse,Montague,NJ,7461,,888-758-4389,E,,Public,24 hours daily,,,,,,2,,,ChargePoint Network,https://www.chargepoint.com,GPS,41.31397,-74.66824,8/26/2026,253857,2026-08-26 02:13:26 UTC,,,,2/10/2023,,,,,J1772,US,,,,Public,,public,,,,,,,,,,,,,,,,,,,,FALSE,,,,,,,,,FALSE,
ELEC,NJDEP STATEPARK HIGH POINT PS1,1480 NJ-23,In parking lot near Lake Marcia Bathhouse,Montague,NJ,7461,,888-758-4389,E,,Public,24 hours daily,,,,,,2,,,ChargePoint Network,https://www.chargepoint.com,GPS,41.313988,-74.66826,8/26/2026,253858,2026-08-26 02:13:27 UTC,,,,2/10/2023,,,,,J1772,US,,,,Public,,public,,,,,,,,,,,,,,,,,,,,FALSE,,,,,,,,,FALSE,
ELEC,Pine Belt Cadillac Of Toms River,71 Route 37 East,,Toms River,NJ,8753,,866-816-7584,E,,Public,24 hours daily,,,,,,1,2,,EV Connect,https://www.evconnect.com,GPS,39.963095,-74.194178,8/26/2026,253873,2026-08-26 03:50:41 UTC,,,,2/11/2023,,,,,J1772 J1772COMBO,US,,,,Public,,public,,,,,,,,,,,,,,,,,,,,FALSE,,,,,,,,,FALSE,
ELEC,L767 SALES DUAL,1096 NJ-17,,Ramsey,NJ,7446,,888-758-4389,E,,Public,24 hours daily,,,,,,2,,,ChargePoint Network,https://www.chargepoint.com,GPS,41.068341,-74.133217,8/26/2026,254053,2026-08-26 02:13:31 UTC,,,,2/15/2023,,,,,J1772,US,,,,Public,,public,,,,,,,,,,,,,,,,,,,,FALSE,,,,,,,,,FALSE,
ELEC,"TTI Environmental, Inc",1253 N Church St,,Moorestown,NJ,8057,,,E,,Private,8am-5pm daily; for employee use only,,,,,,2,,,Non-Networked,,200-8,39.97654,-74.98235,12/12/2025,254256,2026-02-02 23:16:24 UTC,P,,,9/6/2022,,,,,J1772,US,,,,Privé,,private,,,OFFICE_BLDG,,,,,,,Free,,,,,,,,,,,,,,,,,,LD,TRUE,
ELEC,NEW CHARGERS FRONT 3,180 US-202,Front Showroom,Flemington,NJ,8822,,888-758-4389,E,,Public,24 hours daily,,,,,,,1,,ChargePoint Network,https://www.chargepoint.com,GPS,40.48119,-74.863325,8/26/2026,254347,2026-08-26 02:04:52 UTC,,,,2/22/2023,,,,,CHADEMO J1772COMBO,US,,,,Public,,public,,,,,,,,,,,,,,,,,,,,FALSE,,,,,,,,,FALSE,
ELEC,NEW CHARGERS SIDE LV3,180 US-202,Hyundai Dealership,Flemington,NJ,8822,,888-758-4389,E,,Public,24 hours daily,,,,,,,1,,ChargePoint Network,https://www.chargepoint.com,GPS,40.480978,-74.862951,8/26/2026,254350,2026-08-26 02:07:28 UTC,,,,2/22/2023,,,,,CHADEMO J1772COMBO,US,,,,Public,,public,,,,,,,,,,,,,,,,,,,,FALSE,,,,,,,,,FALSE,
ELEC,Mainland Hospital Campus - Doctor Lot,65 W Jimmie Leeds Rd,,Pomona,NJ,8240,,888-998-2546,E,,Public,24 hours daily,,,,,,2,,,Blink Network,https://blinkcharging.com,GPS,39.479127,-74.541071,8/26/2026,255097,2026-08-26 00:05:31 UTC,,,,12/14/2022,,,,,J1772,US,,,,Public,,public,,,,,,,,,,,,,,,,,,,,FALSE,,,,,,,,,FALSE,
ELEC,Resin Tech,1801 Federal Street,,Camden,NJ,8105,,888-998-2546,E,,Public,24 hours daily,,,,,,4,,,Blink Network,https://blinkcharging.com,GPS,39.945208,-75.098187,8/26/2026,255132,2026-08-26 00:39:31 UTC,,,,7/11/2022,,,,,J1772,US,,,,Public,,public,,,,,,,,,,,,,,,,,,,,FALSE,,,,,,,,,FALSE,
ELEC,TRMC Parking Garage,640 Pearl Street,,Elizabeth,NJ,7207,,888-998-2546,E,,Public,24 hours daily,,,,,,3,,,Blink Network,https://blinkcharging.com,GPS,40.659784,-74.213515,8/26/2026,255195,2026-08-26 00:35:20 UTC,,,,6/11/2022,,,,,J1772,US,,,,Public,,public,,,,,,,,,,,,,,,,,,,,FALSE,,,,,,,,,FALSE,
ELEC,LINDEN EV COOPER ELECTRIC,1805 Lower Rd,,Linden,NJ,7036,,888-758-4389,E,,Public,24 hours daily,,,,,,2,,,ChargePoint Network,https://www.chargepoint.com,GPS,40.608334,-74.250714,8/26/2026,255246,2026-08-26 02:11:55 UTC,,,,2/27/2023,,,,,J1772,US,,,,Public,,public,,,,,,,,,,,,,,,,,,,,FALSE,,,,,,,,,FALSE,
ELEC,OBOE EVS STATION 1,380 Central Ave,,City of Orange,NJ,7050,,888-758-4389,E,,Public,24 hours daily,,,,,,2,,,ChargePoint Network,https://www.chargepoint.com,GPS,40.764946,-74.23894,8/26/2026,255306,2026-08-26 02:04:13 UTC,,,,2/28/2023,,,,,J1772,US,,,,Public,,public,,,,,,,,,,,,,,,,,,,,FALSE,,,,,,,,,FALSE,
ELEC,Green Hill Manor - 2,400 Green Hill Manor Drive,,Franklin Park,NJ,8823,,888-356-8911,E,,Public,24 hours daily,,,,,,2,,,FLO,https://www.flo.com,GPS,40.4261515,-74.5681695,8/26/2026,255339,2026-08-26 04:14:12 UTC,,,,3/1/2023,,,,,J1772,US,,,,Public,,public,,,,,,,,,,,,,,,,,,,,FALSE,,,,,,,,,FALSE,
ELEC,Green Hill Manor - 1,200 Green Hill Manor Drive,,Franklin Park,NJ,8823,,888-356-8911,E,,Public,24 hours daily,,,,,,4,,,FLO,https://www.flo.com,GPS,40.4268192,-74.5671261,8/26/2026,255340,2026-08-26 04:14:12 UTC,,,,3/1/2023,,,,,J1772,US,,,,Public,,public,,,,,,,,,,,,,,,,,,,,FALSE,,,,,,,,,FALSE,
ELEC,Green Hill Villas,2300 Vetter Drive,,Franklin Park,NJ,8823,,888-356-8911,E,,Public,24 hours daily,,,,,,2,,,FLO,https://www.flo.com,GPS,40.4250423,-74.5713789,8/26/2026,255341,2026-08-26 04:14:12 UTC,,,,3/1/2023,,,,,J1772,US,,,,Public,,public,,,,,,,,,,,,,,,,,,,,FALSE,,,,,,,,,FALSE,
ELEC,Green Hill Court,900 Astor Lane,,Franklin Park,NJ,8823,,888-356-8911,E,,Public,24 hours daily,,,,,,2,,,FLO,https://www.flo.com,GPS,40.4308342,-74.5553178,8/26/2026,255342,2026-08-26 04:14:12 UTC,,,,3/1/2023,,,,,J1772,US,,,,Public,,public,,,,,,,,,,,,,,,,,,,,FALSE,,,,,,,,,FALSE,
ELEC,KADAR ORTHO DUAL PORT 1,431 Egg Harbor Road,,Washington Township,NJ,8080,,888-758-4389,E,,Public,24 hours daily,,,,,,2,,,ChargePoint Network,https://www.chargepoint.com,GPS,39.746237,-75.074133,8/26/2026,255391,2026-08-26 02:13:19 UTC,,,,3/1/2023,,,,,J1772,US,,,,Public,,public,,,,,,,,,,,,,,,,,,,,FALSE,,,,,,,,,FALSE,
ELEC,OBOE EVS STATION 2,380 Central Ave,,City of Orange,NJ,7050,,888-758-4389,E,,Public,24 hours daily,,,,,,2,,,ChargePoint Network,https://www.chargepoint.com,GPS,40.765003,-74.23892,8/26/2026,255452,2026-08-26 02:04:13 UTC,,,,3/2/2023,,,,,J1772,US,,,,Public,,public,,,,,,,,,,,,,,,,,,,,FALSE,,,,,,,,,FALSE,
ELEC,PRINCETON MUNI PRINCETON PS1,400 Witherspoon St,,Princeton,NJ,8540,,888-758-4389,E,,Public,24 hours daily,,,,,,2,,,ChargePoint Network,https://www.chargepoint.com,GPS,40.360046,-74.664405,8/26/2026,255459,2026-08-26 02:14:07 UTC,,,,3/2/2023,,,,,J1772,US,,,,Public,,public,,,,,,,,,,,,,,,,,,,,FALSE,,,,,,,,,FALSE,
ELEC,PRINCETON MUNI PRINCETON PS2,400 Witherspoon St,,Princeton,NJ,8540,,888-758-4389,E,,Public,24 hours daily,,,,,,2,,,ChargePoint Network,https://www.chargepoint.com,GPS,40.360004,-74.664382,8/26/2026,255460,2026-08-26 02:14:07 UTC,,,,3/2/2023,,,,,J1772,US,,,,Public,,public,,,,,,,,,,,,,,,,,,,,FALSE,,,,,,,,,FALSE,
ELEC,PRINCETON MUNI PRINCETON PS4,400 Witherspoon St,,Princeton,NJ,8540,,888-758-4389,E,,Public,24 hours daily,,,,,,2,,,ChargePoint Network,https://www.chargepoint.com,GPS,40.359953,-74.664363,8/26/2026,255461,2026-08-26 02:14:07 UTC,,,,3/2/2023,,,,,J1772,US,,,,Public,,public,,,,,,,,,,,,,,,,,,,,FALSE,,,,,,,,,FALSE,
ELEC,PRINCETON MUNI PRINCETON PS3,400 Witherspoon St,,Princeton,NJ,8540,,888-758-4389,E,,Public,24 hours daily,,,,,,2,,,ChargePoint Network,https://www.chargepoint.com,GPS,40.360105,-74.664427,8/26/2026,255462,2026-08-26 02:14:08 UTC,,,,3/2/2023,,,,,J1772,US,,,,Public,,public,,,,,,,,,,,,,,,,,,,,FALSE,,,,,,,,,FALSE,
ELEC,777 SCUDDERSB2 777SCUDDERSB2,777 Scudders Mill Rd,,Plainsboro Township,NJ,8540,,888-758-4389,E,,Public,24 hours daily,,,,,,2,,,ChargePoint Network,https://www.chargepoint.com,GPS,40.342307,-74.608568,8/26/2026,255523,2026-08-26 02:13:31 UTC,,,,3/3/2023,,,,,J1772,US,,,,Public,,public,,,,,,,,,,,,,,,,,,,,FALSE,,,,,,,,,FALSE,
ELEC,777 SCUDDERSB2 777SCUDDERSB1,777 Scudders Mill Rd,,Plainsboro Township,NJ,8540,,888-758-4389,E,,Public,24 hours daily,,,,,,2,,,ChargePoint Network,https://www.chargepoint.com,GPS,40.342405,-74.608268,8/26/2026,255524,2026-08-26 02:13:31 UTC,,,,3/3/2023,,,,,J1772,US,,,,Public,,public,,,,,,,,,,,,,,,,,,,,FALSE,,,,,,,,,FALSE,
ELEC,VERIZON COMM / FREEHOLD 1 DATA,999 W Main St,,Freehold,NJ,7728,,,E,,Private,24 hours daily,,,,,,4,,,ChargePoint Network,https://www.chargepoint.com,200-8,40.23575,-74.3121,12/12/2025,255742,2026-05-18 20:35:46 UTC,P,,,9/6/2019,,,,,J1772,US,,,,Privé,,private,,,OFFICE_BLDG,,,,,,,,,,,,,,,,,,,,,,,,,LD,TRUE,
ELEC,Marriott Courtyard Paramus NJ,320 Route 17,,Paramus,NJ,7652,,888-998-2546,E,,Public,24 hours daily,,,,,,4,,,Blink Network,https://blinkcharging.com,GPS,40.942199,-74.070491,8/26/2026,256204,2026-08-26 00:41:29 UTC,,,,3/10/2023,,,,,J1772,US,,,,Public,,public,,,,,,,,,,,,,,,,,,,,FALSE,,,,,,,,,FALSE,
ELEC,DEL WEBB FP DWFP2,2 Applegate Dr,,Florham Park,NJ,7932,,888-758-4389,E,,Public,24 hours daily,,,,,,2,,,ChargePoint Network,https://www.chargepoint.com,GPS,40.775576,-74.422794,8/26/2026,256343,2026-08-26 02:14:18 UTC,,,,3/15/2023,,,,,J1772,US,,,,Public,,public,,,,,,,,,,,,,,,,,,,,FALSE,,,,,,,,,FALSE,
ELEC,Robert Treat Hotel - Tesla Destination,50 Park Plz,,Newark,NJ,7102,,877-798-3752,E,,Public,,A D Debit M V,,,,,8,,,Tesla Destination,https://www.tesla.com/destination-charging,GPS,40.738496,-74.167206,7/1/2024,256580,2025-02-12 00:16:32 UTC,P,,,3/16/2023,,,,,J1772 TESLA,US,,,,Public,,public,,,HOTEL,,,,,,,,,,,,,,,,,FALSE,,,,,,,,LD,FALSE,
ELEC,VOLVO CARS EW ENGCHRGR 1,188 Engle St,,Englewood,NJ,7631,,888-758-4389,E,,Public,24 hours daily,,,,,,2,,,ChargePoint Network,https://www.chargepoint.com,GPS,40.899116,-73.97041,8/26/2026,256767,2026-08-26 02:02:30 UTC,,,,3/21/2023,,,,,J1772,US,,,,Public,,public,,,,,,,,,,,,,,,,,,,,FALSE,,,,,,,,,FALSE,
ELEC,SAFELITE SAFELITE 6548,371 NJ-18,Location 6548,East Brunswick,NJ,8816,,888-758-4389,E,,Public,24 hours daily,,,,,,1,,,ChargePoint Network,https://www.chargepoint.com,GPS,40.450457,-74.398313,8/26/2026,256770,2026-08-26 02:04:38 UTC,,,,3/21/2023,,,,,J1772,US,,,,Public,,public,,,,,,,,,,,,,,,,,,,,FALSE,,,,,,,,,FALSE,
ELEC,"Target T1153 (Brick, NJ)",570 Route 70,,Brick,NJ,8723,,833-632-2778,E,,Public,24 hours daily,,,,,,,4,,Electrify America,https://www.electrifyamerica.com,GPS,40.0582,-74.1489,8/26/2026,256819,2026-08-26 03:41:04 UTC,,,,3/22/2023,,,,,J1772COMBO,US,,,,Public,,public,,,,,,,,,,,,,,,,,,,,FALSE,,,,,,,,,FALSE,
ELEC,LG MAZDA LG MAZDA,101 NJ-37,,Toms River,NJ,8753,,888-758-4389,E,,Public,24 hours daily,,,,,,2,,,ChargePoint Network,https://www.chargepoint.com,GPS,39.963056,-74.19193,8/26/2026,256873,2026-08-26 02:12:44 UTC,,,,3/23/2023,,,,,J1772,US,,,,Public,,public,,,,,,,,,,,,,,,,,,,,FALSE,,,,,,,,,FALSE,
ELEC,"Union, NJ - Tesla Supercharger",1750 Route 22 East,,Union,NJ,7083,,877-798-3752,E,,Public,24 hours daily. NACS partner enabled.,A D Debit M V,,,,,,12,,Tesla,https://www.tesla.com/supercharger,GPS,40.69579,-74.253947,6/18/2026,257005,2026-06-18 14:46:21 UTC,P,,,3/22/2023,,,,,TESLA,US,,,,Public,,public,,,GAS_STATION,,,,,,,,,,,,,,,,,FALSE,,,,,,,,LD,FALSE,
ELEC,"Pompton Lakes, NJ - Tesla Supercharger",1-55 Wanaque Ave,,Pompton Lakes,NJ,7442,,877-798-3752,E,,Public,24 hours daily. NACS partner enabled.,A D Debit M V,,,,,,12,,Tesla,https://www.tesla.com/supercharger,GPS,41.007651,-74.294068,6/18/2026,257008,2026-06-18 14:46:21 UTC,P,,,3/23/2023,,,,,TESLA,US,,,,Public,,public,,,SHOPPING_CENTER,,,,,,,,,,,,,,,,,FALSE,,,,,,,,LD,FALSE,
ELEC,Brookhaven - Maint Bldg,9 Shell Court,,Hillsborough,NJ,8844,,888-356-8911,E,,Public,24 hours daily,,,,,,2,,,FLO,https://www.flo.com,GPS,40.5267634,-74.6213922,8/26/2026,257119,2026-08-26 04:14:15 UTC,,,,3/25/2023,,,,,J1772,US,,,,Public,,public,,,,,,,,,,,,,,,,,,,,FALSE,,,,,,,,,FALSE,
ELEC,Brookhaven - Clubhouse,6 Woodruff Blvd,,Hillsborough,NJ,8844,,888-356-8911,E,,Public,24 hours daily,,,,,,2,,,FLO,https://www.flo.com,GPS,40.5264221,-74.6235063,8/26/2026,257120,2026-08-26 04:14:15 UTC,,,,3/25/2023,,,,,J1772,US,,,,Public,,public,,,,,,,,,,,,,,,,,,,,FALSE,,,,,,,,,FALSE,
ELEC,Bernards Township - Downtown Parking Lot,77 South Maple ave,,Basking Ridge,NJ,7920,,888-356-8911,E,,Public,24 hours daily,,,,,,2,,,FLO,https://www.flo.com,GPS,40.70491,-74.5478,8/26/2026,257363,2026-08-26 04:14:15 UTC,,,,3/30/2023,,,,,J1772,US,,,,Public,,public,,,,,,,,,,,,,,,,,,,,FALSE,,,,,,,,,FALSE,
ELEC,"Paramus, NJ - NJ-17 - Tesla Supercharger",501 NJ-17,,Paramus,NJ,7652,,877-798-3752,E,,Public,24 hours daily. Open to all vehicles.,A D Debit M V,,,,,,8,,Tesla,https://www.tesla.com/supercharger,GPS,40.955323,-74.07467,6/18/2026,257667,2026-06-18 14:46:21 UTC,P,,,3/24/2023,,,,,J1772COMBO TESLA,US,,,,Public,,public,,,OTHER,,,,,,,,,,,,,,,,,FALSE,,,,,,,,LD,FALSE,
ELEC,Taylor Place Garage,Vose and Taylor,,South Orange,NJ,7079,,888-998-2546,E,,Public,24 hours daily,,,,,,2,,,Blink Network,https://blinkcharging.com,GPS,40.7466923,-74.2585749,8/26/2026,257759,2026-08-26 00:38:14 UTC,,,,9/2/2022,,,,,J1772,US,,,,Public,,public,,,,,,,,,,,,,,,,,,,,FALSE,,,,,,,,,FALSE,
ELEC,62906 DELIVERY PULBIC MONUMENT,2630 Brunswick Pike,Next to Service Entrance,Lawrence Township,NJ,8648,,888-758-4389,E,,Public,24 hours daily,,,,,,2,,,ChargePoint Network,https://www.chargepoint.com,GPS,40.262334,-74.71985,8/26/2026,257797,2026-08-26 02:15:44 UTC,,,,4/1/2023,,,,,J1772,US,,,,Public,,public,,,,,,,,,,,,,,,,,,,,FALSE,,,,,,,,,FALSE,
ELEC,Brogan Cadillac Co.,112 RT 46 EAST,,TOTOWA,NJ,7512,,866-816-7584,E,,Public,24 hours daily,,,,,,,4,,EV Connect,https://www.evconnect.com,GPS,40.891766,-74.224444,8/26/2026,257820,2026-08-26 03:50:46 UTC,,,,4/1/2023,,,,,J1772COMBO,US,,,,Public,,public,,,,,,,,,,,,,,,,,,,,FALSE,,,,,,,,,FALSE,
ELEC,BUILDING B CLUBHOUSE,1720 Patriot Wy,Front of Clubhouse,Union,NJ,7083,,888-758-4389,E,,Public,24 hours daily,,,,,,2,,,ChargePoint Network,https://www.chargepoint.com,GPS,40.67473,-74.249866,8/26/2026,257844,2026-08-26 02:14:08 UTC,,,,4/4/2023,,,,,J1772,US,,,,Public,,public,,,,,,,,,,,,,,,,,,,,FALSE,,,,,,,,,FALSE,
ELEC,BUILDING B 1700 FRONT,1700 Patriot Wy,Front Left of 1700 Entrance,Union,NJ,7083,,888-758-4389,E,,Public,24 hours daily,,,,,,2,,,ChargePoint Network,https://www.chargepoint.com,GPS,40.675666,-74.25016,8/26/2026,257854,2026-08-26 02:15:49 UTC,,,,4/4/2023,,,,,J1772,US,,,,Public,,public,,,,,,,,,,,,,,,,,,,,FALSE,,,,,,,,,FALSE,
ELEC,BUILDING B 1700 BACK,520 Green Ln,Right Side Back Corner of 1700,Union,NJ,7083,,888-758-4389,E,,Public,24 hours daily,,,,,,2,,,ChargePoint Network,https://www.chargepoint.com,GPS,40.67503,-74.248824,8/26/2026,257855,2026-08-26 02:15:51 UTC,,,,4/4/2023,,,,,J1772,US,,,,Public,,public,,,,,,,,,,,,,,,,,,,,FALSE,,,,,,,,,FALSE,
ELEC,BUILDING B 1725 FRONT RT,333 Clermont Terrace,Front Right of 1725,Union,NJ,7083,,888-758-4389,E,,Public,24 hours daily,,,,,,2,,,ChargePoint Network,https://www.chargepoint.com,GPS,40.674403,-74.250125,8/26/2026,257856,2026-08-26 02:15:55 UTC,,,,4/4/2023,,,,,J1772,US,,,,Public,,public,,,,,,,,,,,,,,,,,,,,FALSE,,,,,,,,,FALSE,
ELEC,BUILDING B 1725 FRONT LT,1194 Edgewood Pkwy,Front Left of 1725,Union,NJ,7083,,888-758-4389,E,,Public,24 hours daily,,,,,,2,,,ChargePoint Network,https://www.chargepoint.com,GPS,40.673931,-74.251075,8/26/2026,257857,2026-08-26 02:15:56 UTC,,,,4/4/2023,,,,,J1772,US,,,,Public,,public,,,,,,,,,,,,,,,,,,,,FALSE,,,,,,,,,FALSE,
ELEC,Sunnymeade Run | 65 Gateway Blvd,65 Gateway Blvd,,Hillsborough,NJ,8844,,888-356-8911,E,,Public,24 hours daily,,,,,,2,,,FLO,https://www.flo.com,GPS,40.5238948,-74.6183228,8/26/2026,257910,2026-08-26 04:14:16 UTC,,,,4/5/2023,,,,,J1772,US,,,,Public,,public,,,,,,,,,,,,,,,,,,,,FALSE,,,,,,,,,FALSE,
ELEC,Sunnymeade Run | 70 Gateway Blvd,70 Gateway Blvd,,Hillsborough,NJ,8844,,888-356-8911,E,,Public,24 hours daily,,,,,,2,,,FLO,https://www.flo.com,GPS,40.5252107,-74.6166764,8/26/2026,257968,2026-08-26 04:14:16 UTC,,,,4/6/2023,,,,,J1772,US,,,,Public,,public,,,,,,,,,,,,,,,,,,,,FALSE,,,,,,,,,FALSE,
ELEC,JERSEYCITY KELLOGG PUB 2,60 Kellogg Street,,Jersey City,NJ,7305,,888-758-4389,T,6/12/2026,TEMPORARILY UNAVAILABLE (Public),24 hours daily,,,,,,2,,,ChargePoint Network,https://www.chargepoint.com,GPS,40.711569,-74.102108,8/26/2026,258962,2026-08-26 02:16:19 UTC,,,,4/11/2023,,,,,J1772,US,,,,TEMPORAIREMENT SUSPENDU (Public),,public,,,,,,,,,,,,,,,,,,,,FALSE,,,,,,,,,FALSE,
ELEC,JERSEYCITY KELLOGG PUB 1,60 Kellogg st,,Jersey City,NJ,7305,,888-758-4389,E,,Public,24 hours daily,,,,,,2,,,ChargePoint Network,https://www.chargepoint.com,GPS,40.711684,-74.102232,8/26/2026,258963,2026-08-26 02:16:19 UTC,,,,4/11/2023,,,,,J1772,US,,,,Public,,public,,,,,,,,,,,,,,,,,,,,FALSE,,,,,,,,,FALSE,
ELEC,DEMEO FIELD LOT HAMILTONVETSPK1,26 Bozarth Ct,In parking lot of DeMeo Baseball Field,Hamilton Township,NJ,8690,,888-758-4389,E,,Public,Mon: 6:00am-11:00pm; Tue: 6:00am-11:00pm; Wed: 6:00am-11:00pm; Thu: 6:00am-11:00pm; Fri: 6:00am-11:00pm; Sat: 6:00am-11:00pm; Sun: 6:00am-11:00pm,,,,,,2,,,ChargePoint Network,https://www.chargepoint.com,GPS,40.2057,-74.67869,8/26/2026,258990,2026-08-26 02:14:35 UTC,,,,4/12/2023,,,,,J1772,US,,,,Public,,public,,,,,,,,,,,,,,,,,,,,FALSE,,,,,,,,,FALSE,
ELEC,"bp Meisel Avenue, Springfield, NJ",5 Meisel Avenue,,Springfield,NJ,7081,,833-277-8573,E,,Public,24 hours daily,,,,,,,2,,BP_PULSE,https://www.bp.com/en_us/united-states/home/what-we-do/customers-and-products/bp-pulse/bp-pulse-products.html,GPS,40.710331,-74.308246,8/26/2026,259709,2026-08-26 04:34:24 UTC,,,,4/21/2023,,,,,CHADEMO J1772COMBO,US,,,,Public,,public,,,,,,,,,,,,,,,,,,,,FALSE,,,,,,,,,FALSE,
ELEC,ESSEX COUNTY ESSEX COUNTY DC,900 Bloomfield Ave Public Works,Back of Building.,Verona,NJ,7044,,888-758-4389,E,,Public,24 hours daily,,,,,,,1,,ChargePoint Network,https://www.chargepoint.com,GPS,40.83542,-74.25887,8/26/2026,259744,2026-08-26 02:12:55 UTC,,,,4/22/2023,,,,,CHADEMO J1772COMBO,US,,,,Public,,public,,,,,,,,,,,,,,,,,,,,FALSE,,,,,,,,,FALSE,
ELEC,375 RT17 PARAMUS DC RT,375 NJ-17,Parking Lot,Paramus,NJ,7652,,888-758-4389,E,,Public,24 hours daily,,,,,,,1,,ChargePoint Network,https://www.chargepoint.com,GPS,40.94632,-74.072188,8/26/2026,259767,2026-08-26 02:16:50 UTC,,,,4/22/2023,,,,,CHADEMO J1772COMBO,US,,,,Public,,public,,,,,,,,,,,,,,,,,,,,FALSE,,,,,,,,,FALSE,
ELEC,375 RT17 PARAMUS DC LT,375 NJ-17,Parking Lot,Paramus,NJ,7652,,888-758-4389,E,,Public,24 hours daily,,,,,,,1,,ChargePoint Network,https://www.chargepoint.com,GPS,40.946378,-74.072194,8/26/2026,259768,2026-08-26 02:16:50 UTC,,,,4/22/2023,,,,,CHADEMO J1772COMBO,US,,,,Public,,public,,,,,,,,,,,,,,,,,,,,FALSE,,,,,,,,,FALSE,
ELEC,California Apartments,400 Manor Drive,,Abesecon,NJ,8201,,866-816-7584,E,,Public,24 hours daily,,,,,,4,,,EV Connect,https://www.evconnect.com,GPS,39.413607,-74.512437,8/26/2026,259791,2026-08-26 03:51:15 UTC,,,,4/22/2023,,,,,J1772,US,,,,Public,,public,,,,,,,,,,,,,,,,,,,,FALSE,,,,,,,,,FALSE,
ELEC,L768 PRESTIGE #1,1000 NJ-17,,Ramsey,NJ,7446,,888-758-4389,E,,Public,24 hours daily,,,,,,2,,,ChargePoint Network,https://www.chargepoint.com,GPS,41.06692,-74.131999,8/26/2026,260020,2026-08-26 02:11:45 UTC,,,,4/28/2023,,,,,J1772,US,,,,Public,,public,,,,,,,,,,,,,,,,,,,,FALSE,,,,,,,,,FALSE,
ELEC,L768 PRESTIGE #2,1000 NJ-17,,Ramsey,NJ,7446,,888-758-4389,E,,Public,24 hours daily,,,,,,2,,,ChargePoint Network,https://www.chargepoint.com,GPS,41.066821,-74.132077,8/26/2026,260021,2026-08-26 02:14:25 UTC,,,,4/28/2023,,,,,J1772,US,,,,Public,,public,,,,,,,,,,,,,,,,,,,,FALSE,,,,,,,,,FALSE,
ELEC,WAVE 2,2200 Fairmount Avenue,,Atlantic City,NJ,8401,,888-758-4389,E,,Public,24 hours daily,,,,,,2,,,ChargePoint Network,https://www.chargepoint.com,GPS,39.360607,-74.439832,8/26/2026,260109,2026-08-26 02:16:46 UTC,,,,4/29/2023,,,,,J1772,US,,,,Public,,public,,,,,,,,,,,,,,,,,,,,FALSE,,,,,,,,,FALSE,
ELEC,WAVE 3,2200 Fairmount Ave,,Atlantic City,NJ,8401,,888-758-4389,E,,Public,24 hours daily,,,,,,2,,,ChargePoint Network,https://www.chargepoint.com,GPS,39.360252,-74.440649,8/26/2026,260110,2026-08-26 02:16:46 UTC,,,,4/29/2023,,,,,J1772,US,,,,Public,,public,,,,,,,,,,,,,,,,,,,,FALSE,,,,,,,,,FALSE,
ELEC,WAVE 5,2200 Fairmount Ave,,Atlantic City,NJ,8401,,888-758-4389,E,,Public,24 hours daily,,,,,,2,,,ChargePoint Network,https://www.chargepoint.com,GPS,39.360268,-74.440294,8/26/2026,260111,2026-08-26 02:16:49 UTC,,,,4/29/2023,,,,,J1772,US,,,,Public,,public,,,,,,,,,,,,,,,,,,,,FALSE,,,,,,,,,FALSE,
ELEC,WAVE 4,2200 Fairmount Ave,,Atlantic City,NJ,8401,,888-758-4389,E,,Public,24 hours daily,,,,,,2,,,ChargePoint Network,https://www.chargepoint.com,GPS,39.360177,-74.440214,8/26/2026,260112,2026-08-26 02:16:51 UTC,,,,4/29/2023,,,,,J1772,US,,,,Public,,public,,,,,,,,,,,,,,,,,,,,FALSE,,,,,,,,,FALSE,
ELEC,WAVE 6,2200 Fairmount Ave,Garage level 1,Atlantic City,NJ,8401,,888-758-4389,E,,Public,24 hours daily,,,,,,2,,,ChargePoint Network,https://www.chargepoint.com,GPS,39.36006,-74.440289,8/26/2026,260120,2026-08-26 02:17:17 UTC,,,,4/29/2023,,,,,J1772,US,,,,Public,,public,,,,,,,,,,,,,,,,,,,,FALSE,,,,,,,,,FALSE,
ELEC,Johnson Buick GMC Cadillac,385 Route 46,,Mount Olive,NJ,7840,,866-816-7584,E,,Public,24 hours daily,,,,,,1,,,EV Connect,https://www.evconnect.com,GPS,40.853794,-74.777615,8/26/2026,260136,2026-08-26 03:50:00 UTC,,,,4/29/2023,,,,,J1772,US,,,,Public,,public,,,,,,,,,,,,,,,,,,,,FALSE,,,,,,,,,FALSE,
ELEC,Lester Glenn Buick GMC Toms River,230 RTE 37 E,,TOMS RIVER,NJ,8753,,866-816-7584,E,,Public,24 hours daily,,,,,,,1,,EV Connect,https://www.evconnect.com,GPS,39.96258,-74.180519,8/26/2026,260243,2026-08-26 03:50:39 UTC,,,,5/3/2023,,,,,J1772COMBO,US,,,,Public,,public,,,,,,,,,,,,,,,,,,,,FALSE,,,,,,,,,FALSE,
ELEC,Lester Glenn Chevrolet Freehold,3712 Rte 9,,Freehold,NJ,7728,,866-816-7584,E,,Public,24 hours daily,,,,,,,1,,EV Connect,https://www.evconnect.com,GPS,40.248513,-74.285273,8/26/2026,260249,2026-08-26 03:51:27 UTC,,,,5/3/2023,,,,,J1772COMBO,US,,,,Public,,public,,,,,,,,,,,,,,,,,,,,FALSE,,,,,,,,,FALSE,
ELEC,Lester Glenn Chevrolet Toms River,398 Rt 37,,Toms River,NJ,8753,,866-816-7584,E,,Public,24 hours daily,,,,,,,1,,EV Connect,https://www.evconnect.com,GPS,39.95709,-74.168117,8/26/2026,260250,2026-08-26 03:51:28 UTC,,,,5/3/2023,,,,,J1772COMBO,US,,,,Public,,public,,,,,,,,,,,,,,,,,,,,FALSE,,,,,,,,,FALSE,
ELEC,CLASS 3 CHARGER HYUNDAI- 1,250 Rte 4,On left side when facing,Paramus,NJ,7652,,888-758-4389,E,,Public,24 hours daily,,,,,,,1,,ChargePoint Network,https://www.chargepoint.com,GPS,40.914641,-74.051941,8/26/2026,260263,2026-08-26 02:15:11 UTC,,,,5/4/2023,,,,,CHADEMO J1772COMBO,US,,,,Public,,public,,,,,,,,,,,,,,,,,,,,FALSE,,,,,,,,,FALSE,
ELEC,Summerfields Lofts - Clubhouse,100 Rutgers Blvd,,Somerset,NJ,8873,,888-356-8911,E,,Public,24 hours daily,,,,,,6,,,FLO,https://www.flo.com,GPS,40.5316578,-74.5571942,8/26/2026,260445,2026-08-26 04:14:23 UTC,,,,5/6/2023,,,,,J1772,US,,,,Public,,public,,,,,,,,,,,,,,,,,,,,FALSE,,,,,,,,,FALSE,
ELEC,Summerfields Lofts,1300 Allen Rd,,Somerset,NJ,8873,,888-356-8911,E,,Public,24 hours daily,,,,,,2,,,FLO,https://www.flo.com,GPS,40.5337659,-74.5611467,8/26/2026,260446,2026-08-26 04:14:23 UTC,,,,5/6/2023,,,,,J1772,US,,,,Public,,public,,,,,,,,,,,,,,,,,,,,FALSE,,,,,,,,,FALSE,
ELEC,Summerfields 360,100 Hooper street,,Somerset,NJ,8873,,888-356-8911,E,,Public,24 hours daily,,,,,,2,,,FLO,https://www.flo.com,GPS,40.5339702,-74.56926,8/26/2026,260447,2026-08-26 04:14:23 UTC,,,,5/6/2023,,,,,J1772,US,,,,Public,,public,,,,,,,,,,,,,,,,,,,,FALSE,,,,,,,,,FALSE,
ELEC,Cape May Ferry,1200 Lincoln Blvd,,North Cape May,NJ,8204,,866-816-7584,E,,Public,24 hours daily,,,,,,4,,,EV Connect,https://www.evconnect.com,GPS,38.968978,-74.960468,8/26/2026,260469,2026-08-26 03:51:31 UTC,,,,5/6/2023,,,,,J1772,US,,,,Public,,public,,,,,,,,,,,,,,,,,,,,FALSE,,,,,,,,,FALSE,
ELEC,Cedar Manor,1800 Fir Court,,Somerset,NJ,8873,,888-356-8911,E,,Public,24 hours daily,,,,,,2,,,FLO,https://www.flo.com,GPS,40.5261491,-74.518606,8/26/2026,260508,2026-08-26 04:14:24 UTC,,,,5/9/2023,,,,,J1772,US,,,,Public,,public,,,,,,,,,,,,,,,,,,,,FALSE,,,,,,,,,FALSE,
ELEC,ROUTE 1 HYUNDAI CPE-250-02,3905 US 1,Side of Building,South Brunswick Township,NJ,8852,,888-758-4389,E,,Public,24 hours daily,,,,,,,1,,ChargePoint Network,https://www.chargepoint.com,GPS,40.410862,-74.542232,8/26/2026,260859,2026-08-26 02:17:40 UTC,,,,5/16/2023,,,,,CHADEMO J1772COMBO,US,,,,Public,,public,,,,,,,,,,,,,,,,,,,,FALSE,,,,,,,,,FALSE,
ELEC,ROUTE 1 HYUNDAI RT1-01,3913 US-1,Front,South Brunswick Township,NJ,8852,,888-758-4389,E,,Public,24 hours daily,,,,,,,1,,ChargePoint Network,https://www.chargepoint.com,GPS,40.411036,-74.542643,8/26/2026,260860,2026-08-26 02:17:40 UTC,,,,5/16/2023,,,,,CHADEMO J1772COMBO,US,,,,Public,,public,,,,,,,,,,,,,,,,,,,,FALSE,,,,,,,,,FALSE,
ELEC,ShopRite Carteret - Wakefern #511,801 Roosevelt Ave,,Carteret,NJ,7008,,877-455-3833,E,,Public,24 hours daily,,,,,,,4,,eVgo Network,https://www.evgo.com,GPS,40.588183,-74.227058,8/26/2026,260888,2026-08-26 00:01:49 UTC,,,,5/16/2023,,,,,CHADEMO J1772COMBO,US,,,,Public,,public,,,,,,,,,,,,,,,,,,,,FALSE,,,,,,,,,FALSE,
ELEC,Brookdale College - 765 Newman Springs Rd,765 Newman Springs Rd,,Lincroft,NJ,7738,,888-356-8911,E,,Public,24 hours daily,,,,,,12,,,FLO,https://www.flo.com,GPS,40.326407,-74.130559,8/26/2026,260936,2026-08-26 04:14:28 UTC,,,,5/17/2023,,,,,J1772,US,,,,Public,,public,,,,,,,,,,,,,,,,,,,,FALSE,,,,,,,,,FALSE,
ELEC,Brookdale College - 800 Monmouth Blvd,800 Monmouth Blvd,,Wall,NJ,7719,,888-356-8911,E,,Public,24 hours daily,,,,,,6,,,FLO,https://www.flo.com,GPS,40.1826813,-74.0635861,8/26/2026,260937,2026-08-26 04:14:28 UTC,,,,5/17/2023,,,,,J1772,US,,,,Public,,public,,,,,,,,,,,,,,,,,,,,FALSE,,,,,,,,,FALSE,
ELEC,FREEHOLDHYUNDAI VERIZON 2,4075 9,,Freehold Township,NJ,7728,,888-758-4389,E,,Public,24 hours daily,,,,,,,1,,ChargePoint Network,https://www.chargepoint.com,GPS,40.265644,-74.292012,8/26/2026,260994,2026-08-26 02:04:25 UTC,,,,5/18/2023,,,,,CHADEMO J1772COMBO,US,,,,Public,,public,,,,,,,,,,,,,,,,,,,,FALSE,,,,,,,,,FALSE,
ELEC,FREEHOLDHYUNDAI VERIZON 1,4075 9,,Freehold Township,NJ,7728,,888-758-4389,E,,Public,24 hours daily,,,,,,,1,,ChargePoint Network,https://www.chargepoint.com,GPS,40.265589,-74.292,8/26/2026,260995,2026-08-26 02:04:25 UTC,,,,5/18/2023,,,,,CHADEMO J1772COMBO,US,,,,Public,,public,,,,,,,,,,,,,,,,,,,,FALSE,,,,,,,,,FALSE,
ELEC,APEX ORANGE APEX ST-1,276 Reock St,Garage,City of Orange,NJ,7050,,888-758-4389,E,,Public,24 hours daily,,,,,,2,,,ChargePoint Network,https://www.chargepoint.com,GPS,40.770564,-74.230393,8/26/2026,261046,2026-08-26 02:02:40 UTC,,,,5/19/2023,,,,,J1772,US,,,,Public,,public,,,,,,,,,,,,,,,,,,,,FALSE,,,,,,,,,FALSE,
ELEC,APEX ORANGE APEX ST-2,276 Reock St,Garage,City of Orange,NJ,7050,,888-758-4389,E,,Public,24 hours daily,,,,,,2,,,ChargePoint Network,https://www.chargepoint.com,GPS,40.770523,-74.230418,8/26/2026,261047,2026-08-26 02:02:40 UTC,,,,5/19/2023,,,,,J1772,US,,,,Public,,public,,,,,,,,,,,,,,,,,,,,FALSE,,,,,,,,,FALSE,
ELEC,The West,555 Northfield Avenue Suite A,,West Orange,NJ,7052,,888-998-2546,E,,Public,24 hours daily,,,,,,8,,,Blink Network,https://blinkcharging.com,GPS,40.77043876,-74.27994431,8/26/2026,261103,2026-08-26 00:27:07 UTC,,,,3/13/2023,,,,,J1772,US,,,,Public,,public,,,,,,,,,,,,,,,,,,,,FALSE,,,,,,,,,FALSE,
ELEC,CIRCLEAUTOGROUP CH- CPE250 1,641 Shrewsbury Ave,,Shrewsbury,NJ,7702,,888-758-4389,E,,Public,24 hours daily,,,,,,,1,,ChargePoint Network,https://www.chargepoint.com,GPS,40.327846,-74.072516,8/26/2026,261194,2026-08-26 01:59:54 UTC,,,,5/23/2023,,,,,J1772COMBO TESLA,US,,,,Public,,public,,,,,,,,,,,,,,,,,,,,FALSE,,,,,,,,,FALSE,
ELEC,PINGRY BR 2,131 Martinsville Road Lot 1,,Basking Ridge,NJ,7920,,888-758-4389,E,,Public,24 hours daily,,,,,,2,,,ChargePoint Network,https://www.chargepoint.com,GPS,40.619393,-74.564815,8/26/2026,261515,2026-08-26 02:18:11 UTC,,,,5/27/2023,,,,,J1772,US,,,,Public,,public,,,,,,,,,,,,,,,,,,,,FALSE,,,,,,,,,FALSE,
ELEC,CHAPMAN MAZDA MAZDA SALES,6744 E Black Horse Pike,Near rear entrance,Egg Harbor Township,NJ,8234,,888-758-4389,E,,Public,24 hours daily,,,,,,1,,,ChargePoint Network,https://www.chargepoint.com,GPS,39.39971,-74.555984,8/26/2026,261692,2026-08-26 02:12:39 UTC,,,,6/1/2023,,,,,J1772,US,,,,Public,,public,,,,,,,,,,,,,,,,,,,,FALSE,,,,,,,,,FALSE,
ELEC,TOYOTA  1 SALES CT4K 1,3108 E Black Horse Pike,,Washington Township,NJ,8081,,888-758-4389,E,,Public,24 hours daily,,,,,,2,,,ChargePoint Network,https://www.chargepoint.com,GPS,39.729794,-75.032414,8/26/2026,261766,2026-08-26 02:07:12 UTC,,,,6/2/2023,,,,,J1772,US,,,,Public,,public,,,,,,,,,,,,,,,,,,,,FALSE,,,,,,,,,FALSE,
ELEC,TOYOTA  1 SERVICECPE250 1,3108 E Black Horse Pike,,Washington Township,NJ,8081,,888-758-4389,E,,Public,24 hours daily,,,,,,,1,,ChargePoint Network,https://www.chargepoint.com,GPS,39.730484,-75.031856,8/26/2026,261767,2026-08-26 02:07:20 UTC,,,,6/2/2023,,,,,CHADEMO J1772COMBO,US,,,,Public,,public,,,,,,,,,,,,,,,,,,,,FALSE,,,,,,,,,FALSE,
ELEC,CRISTINA LACERD STATION 1,173 Livingston Ave,Rear of building in parking lot.,New Brunswick,NJ,8901,,888-758-4389,E,,Public,24 hours daily,,,,,,2,,,ChargePoint Network,https://www.chargepoint.com,GPS,40.488173,-74.449927,8/26/2026,261857,2026-08-26 02:18:14 UTC,,,,6/3/2023,,,,,J1772,US,,,,Public,,public,,,,,,,,,,,,,,,,,,,,FALSE,,,,,,,,,FALSE,
ELEC,HRP Construction River Street,210 River St,,Hackensack,NJ,7601,,646-666-3888,E,,Public - Credit card at all times,Contact station for hours of availability,A ANDROID_PAY APPLE_PAY CREDIT D M,,,,,4,,,AMPUP,https://ampup.io,GPS,40.8842074,-74.0404258,6/12/2023,262125,2026-08-05 18:21:35 UTC,P,,,4/4/2023,,,,,J1772,US,,,,Public - Carte de crédit en tout temps,,public,CREDIT_CARD_ALWAYS,,OFFICE_BLDG,,,,,,,,,,,,,,,,,FALSE,,,,,,,,LD,TRUE,
ELEC,Keystone - Piscataway,30 Knightsbridge Rd,,Piscataway,NJ,8854,,973-951-6844,E,,Public - Credit card at all times,Contact station for hours of availability,A ANDROID_PAY APPLE_PAY CREDIT D M,,,,,8,,,AMPUP,https://ampup.io,GPS,40.54633392,-74.48163137,6/12/2023,262126,2026-08-05 18:21:35 UTC,P,,,3/7/2023,,,,,J1772,US,,,,Public - Carte de crédit en tout temps,,public,CREDIT_CARD_ALWAYS,,OFFICE_BLDG,,,,,,,,,,,,,,,,,FALSE,,,,,,,,LD,TRUE,
ELEC,581 Main Street,N Main St,,Woodbridge Township,NJ,7095,,,E,,Private,Contact station for hours of availability,,,,,,4,,,AMPUP,https://ampup.io,GPS,40.5746259,-74.3167819,6/12/2023,262216,2026-08-05 18:21:35 UTC,P,,,2/24/2023,,,,,J1772,US,,,,Privé,,private,,,OFFICE_BLDG,,,,,,,,,,,,,,,,,,,,,,,,,LD,TRUE,
ELEC,JCM LIVING HORIZON,2a S Gold Dr,Charger is to the right of the main entrance of 2 South Gold Dr,Hamilton Township,NJ,8691,,888-758-4389,E,,Public,24 hours daily,,,,,,2,,,ChargePoint Network,https://www.chargepoint.com,GPS,40.20725,-74.628628,8/26/2026,262276,2026-08-26 02:11:47 UTC,,,,6/7/2023,,,,,J1772,US,,,,Public,,public,,,,,,,,,,,,,,,,,,,,FALSE,,,,,,,,,FALSE,
ELEC,HUDSON COUNTY LP LOT A ST1,350 Duncan Ave,Corner of parking lot. Next to workout equipment.,Jersey City,NJ,7306,,888-758-4389,E,,Public,24 hours daily,,,,,,2,,,ChargePoint Network,https://www.chargepoint.com,GPS,40.7294,-74.08564,8/26/2026,262535,2026-08-26 02:19:28 UTC,,,,6/10/2023,,,,,J1772,US,,,,Public,,public,,,,,,,,,,,,,,,,,,,,FALSE,,,,,,,,,FALSE,
ELEC,Current On River,18 East Camden Street,,Hackensack,NJ,7601,,888-998-2546,E,,Public,24 hours daily,,,,,,4,,,Blink Network,https://blinkcharging.com,GPS,40.887179,-74.040162,8/26/2026,262575,2026-08-26 00:40:52 UTC,,,,4/7/2023,,,,,J1772,US,,,,Public,,public,,,,,,,,,,,,,,,,,,,,FALSE,,,,,,,,,FALSE,
ELEC,Current On River 2,18 East Camden Street,,Hackensack,NJ,7601,,888-998-2546,E,,Public,24 hours daily,,,,,,2,,,Blink Network,https://blinkcharging.com,GPS,40.887219,-74.040162,8/26/2026,262631,2026-08-26 00:21:06 UTC,,,,4/25/2023,,,,,J1772,US,,,,Public,,public,,,,,,,,,,,,,,,,,,,,FALSE,,,,,,,,,FALSE,
ELEC,US GAS AND FOOD US GAS DC 1,261 E White Horse Pike,Next to fuel court,Galloway,NJ,8205,,888-758-4389,E,,Public,24 hours daily,,,,,,,1,,ChargePoint Network,https://www.chargepoint.com,GPS,39.444941,-74.526125,8/26/2026,262651,2026-08-26 02:18:34 UTC,,,,6/14/2023,,,,,CHADEMO J1772COMBO,US,,,,Public,,public,,,,,,,,,,,,,,,,,,,,FALSE,,,,,,,,,FALSE,
ELEC,"Milltown Road associates, LLC",525 Milltown Rd,,North Brunswick,NJ,8902,,888-998-2546,E,,Public,24 hours daily,,,,,,2,,,Blink Network,https://blinkcharging.com,GPS,40.4662446,-74.4504178,8/26/2026,262711,2026-08-26 00:39:59 UTC,,,,9/27/2022,,,,,J1772,US,,,,Public,,public,,,,,,,,,,,,,,,,,,,,FALSE,,,,,,,,,FALSE,
ELEC,HYBRID CT4K 1,66 Hampton Ln,,Lafayette,NJ,7848,,888-758-4389,E,,Public,24 hours daily,,,,,,2,,,ChargePoint Network,https://www.chargepoint.com,GPS,41.080179,-74.735154,8/26/2026,262732,2026-08-26 02:13:08 UTC,,,,6/15/2023,,,,,J1772,US,,,,Public,,public,,,,,,,,,,,,,,,,,,,,FALSE,,,,,,,,,FALSE,
ELEC,US GAS AND FOOD US GAS DC 2,261 East White Horse Pike,,Galloway,NJ,8205,,888-758-4389,E,,Public,24 hours daily,,,,,,,1,,ChargePoint Network,https://www.chargepoint.com,GPS,39.444987,-74.526076,8/26/2026,262744,2026-08-26 02:19:49 UTC,,,,6/15/2023,,,,,CHADEMO J1772COMBO,US,,,,Public,,public,,,,,,,,,,,,,,,,,,,,FALSE,,,,,,,,,FALSE,
ELEC,633 RT17 AAF TRK DC RT,633 NJ-17,Fron of building,Paramus,NJ,7652,,888-758-4389,E,,Public,24 hours daily,,,,,,,1,,ChargePoint Network,https://www.chargepoint.com,GPS,40.961415,-74.076337,8/26/2026,262785,2026-08-26 02:16:48 UTC,,,,6/16/2023,,,,,CHADEMO J1772COMBO,US,,,,Public,,public,,,,,,,,,,,,,,,,,,,,FALSE,,,,,,,,,FALSE,
ELEC,633 RT17 AAF TRK DC LEFT,633 NJ-17,Front of Building,Paramus,NJ,7652,,888-758-4389,E,,Public,24 hours daily,,,,,,,1,,ChargePoint Network,https://www.chargepoint.com,GPS,40.961437,-74.076343,8/26/2026,262793,2026-08-26 02:18:27 UTC,,,,6/16/2023,,,,,CHADEMO J1772COMBO,US,,,,Public,,public,,,,,,,,,,,,,,,,,,,,FALSE,,,,,,,,,FALSE,
ELEC,MAHWAH C-AC-1,1900 volvo place,Building C Parking Lot,Mahwah,NJ,7430,,888-758-4389,E,,Public,24 hours daily,,,,,,2,,,ChargePoint Network,https://www.chargepoint.com,GPS,41.074873,-74.171194,8/26/2026,262833,2026-08-26 02:19:24 UTC,,,,6/17/2023,,,,,J1772,US,,,,Public,,public,,,,,,,,,,,,,,,,,,,,FALSE,,,,,,,,,FALSE,
ELEC,MAHWAH C-AC-2,1900 Volvo Place,Building C Parking Lot,Mahwah,NJ,7430,,888-758-4389,E,,Public,24 hours daily,,,,,,2,,,ChargePoint Network,https://www.chargepoint.com,GPS,41.074962,-74.171142,8/26/2026,262834,2026-08-26 02:19:24 UTC,,,,6/17/2023,,,,,J1772,US,,,,Public,,public,,,,,,,,,,,,,,,,,,,,FALSE,,,,,,,,,FALSE,
ELEC,PALMER SQUARE HULFISH 500,500 Paul Robeson Pl,Residential Level,Princeton,NJ,8542,,888-758-4389,E,,Public,24 hours daily,,,,,,2,,,ChargePoint Network,https://www.chargepoint.com,GPS,40.351439,-74.661986,8/26/2026,263011,2026-08-26 02:19:44 UTC,,,,6/21/2023,,,,,J1772,US,,,,Public,,public,,,,,,,,,,,,,,,,,,,,FALSE,,,,,,,,,FALSE,
ELEC,PALMER SQUARE HULFISH 200,47 Hulfish St,Residential Level,Princeton,NJ,8542,,888-758-4389,E,,Public,24 hours daily,,,,,,2,,,ChargePoint Network,https://www.chargepoint.com,GPS,40.350984,-74.662577,8/26/2026,263012,2026-08-26 02:19:44 UTC,,,,6/21/2023,,,,,J1772,US,,,,Public,,public,,,,,,,,,,,,,,,,,,,,FALSE,,,,,,,,,FALSE,
ELEC,COLLINGSWOOD NJ CWOOD DCFC1,611 N Atlantic Ave,Located in municipal lot under Patco line.,Collingswood,NJ,8108,,888-758-4389,E,,Public,24 hours daily,,,,,,,1,,ChargePoint Network,https://www.chargepoint.com,GPS,39.915455,-75.070435,8/26/2026,263021,2026-08-26 02:20:11 UTC,,,,6/21/2023,,,,,CHADEMO J1772COMBO,US,,,,Public,,public,,,,,,,,,,,,,,,,,,,,FALSE,,,,,,,,,FALSE,
ELEC,COLLINGSWOOD NJ CWOOD DCFC2,611 N Atlantic Ave,,Collingswood,NJ,8108,,888-758-4389,E,,Public,24 hours daily,,,,,,,1,,ChargePoint Network,https://www.chargepoint.com,GPS,39.915504,-75.07055,8/26/2026,263022,2026-08-26 02:20:11 UTC,,,,6/21/2023,,,,,CHADEMO J1772COMBO,US,,,,Public,,public,,,,,,,,,,,,,,,,,,,,FALSE,,,,,,,,,FALSE,
ELEC,TWPMAPLEWOOD WOODLAND60,60 Woodland Rd,Parking Lot,Maplewood,NJ,7040,,888-758-4389,E,,Public,24 hours daily,,,,,,2,,,ChargePoint Network,https://www.chargepoint.com,GPS,40.731956,-74.277953,8/26/2026,263023,2026-08-26 02:20:14 UTC,,,,6/21/2023,,,,,J1772,US,,,,Public,,public,,,,,,,,,,,,,,,,,,,,FALSE,,,,,,,,,FALSE,
ELEC,EH B347 CHARGER 2,Health Plaza B347 BAMBOO GARAGE,,East Hanover,NJ,7936,,888-758-4389,E,,Public,24 hours daily,,,,,,2,,,ChargePoint Network,https://www.chargepoint.com,GPS,40.805607,-74.38682,8/26/2026,275046,2026-08-26 01:20:33 UTC,,,,6/22/2023,,,,,J1772,US,,,,Public,,public,,,,,,,,,,,,,,,,,,,,FALSE,,,,,,,,,FALSE,
ELEC,"Simon Shops at Riverside (Hackensack, NJ)",390 Hackensack Ave,,Hackensack,NJ,7601,,833-632-2778,E,,Public,24 hours daily,,,,,,,4,,Electrify America,https://www.electrifyamerica.com,GPS,40.90456,-74.03008,8/26/2026,279322,2026-08-26 03:38:31 UTC,,,,6/22/2023,,,,,J1772COMBO,US,,,,Public,,public,,,,,,,,,,,,,,,,,,,,FALSE,,,,,,,,,FALSE,
ELEC,EH B347 CHARGER 9,1 Health Plaza Bld. 347 Parking Garage,,East Hanover,NJ,7936,,888-758-4389,E,,Public,24 hours daily,,,,,,2,,,ChargePoint Network,https://www.chargepoint.com,GPS,40.80485,-74.386859,8/26/2026,282946,2026-08-26 01:31:18 UTC,,,,6/23/2023,,,,,J1772,US,,,,Public,,public,,,,,,,,,,,,,,,,,,,,FALSE,,,,,,,,,FALSE,
ELEC,RED REAL ESTATE STATION1,764 New bridge road,,Teaneck,NJ,7666,,888-758-4389,E,,Public,24 hours daily,,,,,,2,,,ChargePoint Network,https://www.chargepoint.com,GPS,40.91582,-74.02534,8/26/2026,293384,2026-08-26 01:56:46 UTC,,,,6/23/2023,,,,,J1772,US,,,,Public,,public,,,,,,,,,,,,,,,,,,,,FALSE,,,,,,,,,FALSE,
ELEC,CIRCLEAUTOGROUP EV CHARGER 3,641 Shrewsbury Ave,EV Charger 3,Shrewsbury,NJ,7702,,888-758-4389,E,,Public,24 hours daily,,,,,,1,,,ChargePoint Network,https://www.chargepoint.com,GPS,40.328572,-74.072522,8/26/2026,294044,2026-08-26 01:59:54 UTC,,,,6/23/2023,,,,,J1772,US,,,,Public,,public,,,,,,,,,,,,,,,,,,,,FALSE,,,,,,,,,FALSE,
ELEC,CIRCLEAUTOGROUP EV STATION 4,641 Shrewsbury Ave,,Shrewsbury,NJ,7702,,888-758-4389,E,,Public,24 hours daily,,,,,,1,,,ChargePoint Network,https://www.chargepoint.com,GPS,40.328339,-74.072508,8/26/2026,294046,2026-08-26 01:59:55 UTC,,,,6/23/2023,,,,,J1772,US,,,,Public,,public,,,,,,,,,,,,,,,,,,,,FALSE,,,,,,,,,FALSE,
ELEC,EH B347 CHARGER 4,1 Health Plaza,,East Hanover,NJ,7936,,888-758-4389,E,,Public,24 hours daily,,,,,,2,,,ChargePoint Network,https://www.chargepoint.com,GPS,40.804989,-74.386074,8/26/2026,294098,2026-08-26 02:00:07 UTC,,,,6/23/2023,,,,,J1772,US,,,,Public,,public,,,,,,,,,,,,,,,,,,,,FALSE,,,,,,,,,FALSE,
ELEC,CAEMPLOYEE STATION1,114 Tived LN E,Employee Charging Only,EDISON,NJ,8837,,888-758-4389,E,,Public,24 hours daily,,,,,,2,,,ChargePoint Network,https://www.chargepoint.com,GPS,40.525918,-74.347975,8/26/2026,294449,2026-08-26 02:01:38 UTC,,,,6/23/2023,,,,,J1772,US,,,,Public,,public,,,,,,,,,,,,,,,,,,,,FALSE,,,,,,,,,FALSE,
ELEC,CAEMPLOYEE STATION 2,114 Tived Ln E,,Edison,NJ,8837,,888-758-4389,E,,Public,24 hours daily,,,,,,2,,,ChargePoint Network,https://www.chargepoint.com,GPS,40.525947,-74.34665,8/26/2026,294602,2026-08-26 02:02:04 UTC,,,,6/23/2023,,,,,J1772,US,,,,Public,,public,,,,,,,,,,,,,,,,,,,,FALSE,,,,,,,,,FALSE,
ELEC,"Swedesboro, NJ - Tesla Supercharger",1700 Center Square Road,,Swedesboro,NJ,8085,,877-798-3752,E,,Public,24 hours daily. NACS partner enabled.,A D Debit M V,,,,,,12,,Tesla,https://www.tesla.com/supercharger,GPS,39.759897,-75.360083,6/18/2026,296743,2026-06-18 14:46:21 UTC,P,,,6/16/2023,,,,,TESLA,US,,,,Public,,public,,,GAS_STATION,,,,,,,,,,,,,,,,,FALSE,,,,,,,,LD,FALSE,
ELEC,US GAS AND FOOD US GAS DC 3,261 E White Horse Pike,Next to fuel court,Galloway,NJ,8205,,888-758-4389,E,,Public,24 hours daily,,,,,,,1,,ChargePoint Network,https://www.chargepoint.com,GPS,39.444975,-74.526079,8/26/2026,300331,2026-08-26 02:18:35 UTC,,,,6/29/2023,,,,,CHADEMO J1772COMBO,US,,,,Public,,public,,,,,,,,,,,,,,,,,,,,FALSE,,,,,,,,,FALSE,
ELEC,HK 1 HK SP1,2624 Hamilton Blvd,,South Plainfield,NJ,7080,,888-758-4389,E,,Public,24 hours daily,,,,,,,1,,ChargePoint Network,https://www.chargepoint.com,GPS,40.560916,-74.421269,8/26/2026,300483,2026-08-26 02:19:38 UTC,,,,6/29/2023,,,,,J1772COMBO,US,,,,Public,,public,,,,,,,,,,,,,,,,,,,,FALSE,,,,,,,,,FALSE,
ELEC,VENTNORDPWCORNW STATION 2809,6301 Ocean Ave,,Ventnor City,NJ,8406,,888-758-4389,E,,Public,24 hours daily,,,,,,2,,,ChargePoint Network,https://www.chargepoint.com,GPS,39.337811,-74.480046,8/26/2026,301811,2026-08-26 02:12:30 UTC,,,,7/1/2023,,,,,J1772,US,,,,Public,,public,,,,,,,,,,,,,,,,,,,,FALSE,,,,,,,,,FALSE,
ELEC,Mount Holly Township,23 Washington St,,Mount Holly,NJ,8060,,888-356-8911,E,,Public,24 hours daily,,,,,,,2,,FLO,https://www.flo.com,GPS,39.993593,-74.790086,8/26/2026,302188,2026-08-26 04:14:42 UTC,,,,7/7/2023,,,,,CHADEMO J1772COMBO,US,,,,Public,,public,,,,,,,,,,,,,,,,,,,,FALSE,,,,,,,,,FALSE,
ELEC,ShopRite Williamstown - Wakefern #504,100 S Black Horse Pike,,Williamstown,NJ,8094,,877-455-3833,E,,Public,24 hours daily,,,,,,,6,,eVgo Network,https://www.evgo.com,GPS,39.689505,-74.990857,8/25/2026,302369,2026-08-25 23:57:24 UTC,,,,7/12/2023,,,,,J1772COMBO TESLA,US,,,,Public,,public,,,,,,,,,,,,,,,,,,,,FALSE,,,,,,,,,FALSE,
ELEC,GST CHRGNG L2 T2881 #3,200 Passaic Ave,Unit 1/2,Kearny,NJ,7032,,888-758-4389,E,,Public,Mon: 7:00am-11:59pm; Tue: 7:00am-11:59pm; Wed: 7:00am-11:59pm; Thu: 7:00am-11:59pm; Fri: 7:00am-11:59pm; Sat: 7:00am-11:59pm; Sun: 7:00am-11:59pm,,,,,,2,,,ChargePoint Network,https://www.chargepoint.com,GPS,40.760188,-74.15879,8/26/2026,302463,2026-08-26 02:15:03 UTC,,,,7/14/2023,,,,,J1772,US,,,,Public,,public,,,,,,,,,,,,,,,,,,,,FALSE,,,,,,,,,FALSE,
ELEC,GST CHRGNG L2 T2881 #6,200 Passaic Ave,Unit 7/8,Kearny,NJ,7032,,888-758-4389,E,,Public,Mon: 7:00am-11:59pm; Tue: 7:00am-11:59pm; Wed: 7:00am-11:59pm; Thu: 7:00am-11:59pm; Fri: 7:00am-11:59pm; Sat: 7:00am-11:59pm; Sun: 7:00am-11:59pm,,,,,,2,,,ChargePoint Network,https://www.chargepoint.com,GPS,40.760192,-74.158774,8/26/2026,302464,2026-08-26 02:15:03 UTC,,,,7/14/2023,,,,,J1772,US,,,,Public,,public,,,,,,,,,,,,,,,,,,,,FALSE,,,,,,,,,FALSE,
ELEC,GST CHRGNG L2 T2881 #7,190 Passaic Ave,Unit 5/6,Kearny,NJ,7032,,888-758-4389,E,,Public,Mon: 7:00am-11:59pm; Tue: 7:00am-11:59pm; Wed: 7:00am-11:59pm; Thu: 7:00am-11:59pm; Fri: 7:00am-11:59pm; Sat: 7:00am-11:59pm; Sun: 7:00am-11:59pm,,,,,,2,,,ChargePoint Network,https://www.chargepoint.com,GPS,40.759951,-74.159361,8/26/2026,302465,2026-08-26 02:15:03 UTC,,,,7/14/2023,,,,,J1772,US,,,,Public,,public,,,,,,,,,,,,,,,,,,,,FALSE,,,,,,,,,FALSE,
ELEC,GST CHRGNG L2 T2881 #8,190 Passaic Ave,,Kearny,NJ,7032,,888-758-4389,E,,Public,Mon: 7:00am-11:59pm; Tue: 7:00am-11:59pm; Wed: 7:00am-11:59pm; Thu: 7:00am-11:59pm; Fri: 7:00am-11:59pm; Sat: 7:00am-11:59pm; Sun: 7:00am-11:59pm,,,,,,2,,,ChargePoint Network,https://www.chargepoint.com,GPS,40.759862,-74.159246,8/26/2026,302466,2026-08-26 02:15:03 UTC,,,,7/14/2023,,,,,J1772,US,,,,Public,,public,,,,,,,,,,,,,,,,,,,,FALSE,,,,,,,,,FALSE,
ELEC,GST CHRGNG L2 T2881 #2,196-230 Passaic Ave,Unit 13/14,Kearny,NJ,7032,,888-758-4389,E,,Public,Mon: 7:00am-11:59pm; Tue: 7:00am-11:59pm; Wed: 7:00am-11:59pm; Thu: 7:00am-11:59pm; Fri: 7:00am-11:59pm; Sat: 7:00am-11:59pm; Sun: 7:00am-11:59pm,,,,,,2,,,ChargePoint Network,https://www.chargepoint.com,GPS,40.760133,-74.159326,8/26/2026,302467,2026-08-26 02:15:03 UTC,,,,7/14/2023,,,,,J1772,US,,,,Public,,public,,,,,,,,,,,,,,,,,,,,FALSE,,,,,,,,,FALSE,
ELEC,GST CHRGNG L2 T2881 #4,196-230 Passaic Ave,Unit 11/12,Kearny,NJ,7032,,888-758-4389,E,,Public,Mon: 7:00am-11:59pm; Tue: 7:00am-11:59pm; Wed: 7:00am-11:59pm; Thu: 7:00am-11:59pm; Fri: 7:00am-11:59pm; Sat: 7:00am-11:59pm; Sun: 7:00am-11:59pm,,,,,,2,,,ChargePoint Network,https://www.chargepoint.com,GPS,40.760111,-74.15939,8/26/2026,302468,2026-08-26 02:15:04 UTC,,,,7/14/2023,,,,,J1772,US,,,,Public,,public,,,,,,,,,,,,,,,,,,,,FALSE,,,,,,,,,FALSE,
ELEC,GST CHRGNG L2 T2881 #1,200 Passaic Ave,Unit 15,Kearny,NJ,7032,,888-758-4389,E,,Public,Mon: 7:00am-11:59pm; Tue: 7:00am-11:59pm; Wed: 7:00am-11:59pm; Thu: 7:00am-11:59pm; Fri: 7:00am-11:59pm; Sat: 7:00am-11:59pm; Sun: 7:00am-11:59pm,,,,,,1,,,ChargePoint Network,https://www.chargepoint.com,GPS,40.760199,-74.158798,8/26/2026,302506,2026-08-26 02:21:07 UTC,,,,7/14/2023,,,,,J1772,US,,,,Public,,public,,,,,,,,,,,,,,,,,,,,FALSE,,,,,,,,,FALSE,
ELEC,ESSEX COUNTY ZOO DC 1 SUPER,560 Northfield Ave SECOND PARKING DECK LEVEL,DECK 2 On the right as soon as you enter parking garage. Near entrance.,West Orange,NJ,7052,,888-758-4389,E,,Public,24 hours daily,,,,,,,1,,ChargePoint Network,https://www.chargepoint.com,GPS,40.768246,-74.28162,8/26/2026,302524,2026-08-26 02:21:20 UTC,,,,7/14/2023,,,,,CHADEMO J1772COMBO,US,,,,Public,,public,,,,,,,,,,,,,,,,,,,,FALSE,,,,,,,,,FALSE,
ELEC,ESSEX COUNTY ADMIN DC 1,5 13th Ave JUROR LOT Howard Street or South O,"JUROR LOT Level 1, middle of last row before ramp",Newark,NJ,7102,,888-758-4389,E,,Public,24 hours daily,,,,,,,1,,ChargePoint Network,https://www.chargepoint.com,GPS,40.7372,-74.18202,8/26/2026,302525,2026-08-26 02:21:24 UTC,,,,7/14/2023,,,,,CHADEMO J1772COMBO,US,,,,Public,,public,,,,,,,,,,,,,,,,,,,,FALSE,,,,,,,,,FALSE,
ELEC,THEMINTATRAHWAY MINT STATION #3,84 Monroe St,Parking Upper Level,Rahway,NJ,7065,,888-758-4389,E,,Public,24 hours daily,,,,,,1,,,ChargePoint Network,https://www.chargepoint.com,GPS,40.607996,-74.274171,8/26/2026,302560,2026-08-26 02:13:23 UTC,,,,7/15/2023,,,,,J1772,US,,,,Public,,public,,,,,,,,,,,,,,,,,,,,FALSE,,,,,,,,,FALSE,
ELEC,THEMINTATRAHWAY MINT STATION #2,84 Monroe St,Parking Upper Level,Rahway,NJ,7065,,888-758-4389,E,,Public,24 hours daily,,,,,,1,,,ChargePoint Network,https://www.chargepoint.com,GPS,40.607988,-74.27415,8/26/2026,302561,2026-08-26 02:13:23 UTC,,,,7/15/2023,,,,,J1772,US,,,,Public,,public,,,,,,,,,,,,,,,,,,,,FALSE,,,,,,,,,FALSE,
ELEC,THEMINTATRAHWAY MINT STATION #1,84 Monroe St,Parking Upper Level,Rahway,NJ,7065,,888-758-4389,E,,Public,24 hours daily,,,,,,1,,,ChargePoint Network,https://www.chargepoint.com,GPS,40.607996,-74.274085,8/26/2026,302562,2026-08-26 02:13:23 UTC,,,,7/15/2023,,,,,J1772,US,,,,Public,,public,,,,,,,,,,,,,,,,,,,,FALSE,,,,,,,,,FALSE,
ELEC,Center Avenue North Lot,266 Center Ave,Between 266 Center Ave and 170 Center Ave; One block from Westwood Avenue,Westwood,NJ,7675,,201-664-7100,E,,Public,M-Sat 9pm-6pm; Coin/ParkMobile,,,,,,4,,,Non-Networked,,GPS,40.992507,-74.03248,8/10/2023,302687,2025-11-06 18:51:14 UTC,LG,,,5/1/2023,,,,,J1772,US,,,,Public,,public,,,PARKING_LOT,,,,,,,$5.00 per hour,,,,,,,,,,FALSE,,,,,,,,LD,FALSE,
ELEC,Center Avenue South Lot,90 Center Ave,Between 90 Center Ave and 170 Center Ave;One block from Jefferson Avenue,Westwood,NJ,7675,,201-664-7100,E,,Public,M-Sat 9pm-6pm; Coin/ParkMobile,,,,,,4,,,Non-Networked,,GPS,40.990466,-74.031099,8/10/2023,302688,2025-11-06 18:51:14 UTC,LG,,,5/1/2023,,,,,J1772,US,,,,Public,,public,,,PARKING_LOT,,,,,,,$5 per hour,,,,,,,,,,FALSE,,,,,,,,LD,FALSE,
ELEC,Fairview Avenue Lot,208 Fairview Ave,208 Fairview Avenue and 166 Fairview Ave; One block from Westwood Avenue,Westwood,NJ,7675,,201-664-7100,E,,Public,M-Sat 9pm-6pm; Coin/ParkMobile,,,,,,4,,,Non-Networked,,GPS,40.991702,-74.030486,8/10/2023,302689,2025-11-06 18:51:14 UTC,LG,,,5/1/2023,,,,,J1772,US,,,,Public,,public,,,PARKING_LOT,,,,,,,$5 per hour,,,,,,,,,,FALSE,,,,,,,,LD,FALSE,
ELEC,WAVE 1,2200 Fairmount Ave,Garage Level 1,Atlantic City,NJ,8401,,888-758-4389,E,,Public,24 hours daily,,,,,,2,,,ChargePoint Network,https://www.chargepoint.com,GPS,39.360059,-74.440242,8/26/2026,302712,2026-08-26 02:17:17 UTC,,,,7/18/2023,,,,,J1772,US,,,,Public,,public,,,,,,,,,,,,,,,,,,,,FALSE,,,,,,,,,FALSE,
ELEC,"Cranbury, NJ - Forsgate Drive - Tesla Supercharger",420 Forsgate Dr,,Cranbury,NJ,8512,,877-798-3752,E,,Public,24 hours daily. Open to all vehicles.,A D Debit M V,,,,,,16,,Tesla,https://www.tesla.com/supercharger,GPS,40.345347,-74.483784,6/18/2026,302971,2026-06-18 14:46:21 UTC,P,,,7/14/2023,,,,,J1772COMBO TESLA,US,,,,Public,,public,,,HOTEL,,,,,,,,,,,,,,,,,FALSE,,,,,,,,LD,FALSE,
ELEC,BUCKINGHAM TWR CHARGER 1,800 Palisade Ave,Parking garage space 37+38,Fort Lee,NJ,7024,,888-758-4389,E,,Public,24 hours daily,,,,,,2,,,ChargePoint Network,https://www.chargepoint.com,GPS,40.829626,-73.978776,8/26/2026,303132,2026-08-26 02:14:39 UTC,,,,7/25/2023,,,,,J1772,US,,,,Public,,public,,,,,,,,,,,,,,,,,,,,FALSE,,,,,,,,,FALSE,
ELEC,SWTCH Energy,Rt 46 & Clove Rd,,Little Falls,NJ,7424,,844-798-2438,E,,Public,24 hours daily,A D Debit M V,,,,,5,,,SWTCH,https://swtchenergy.com,GPS,40.8737774,-74.19420124,8/10/2023,303221,2024-01-31 22:07:01 UTC,P,,,6/29/2023,,,,,J1772,US,,,,Public,,public,,,PARKING_LOT,,,,,,,$0.50 per kWh; 15 minute grace period then $3 per hr thereafter,,,,,,,,,,FALSE,,,,,,,,,FALSE,
ELEC,BOPR BERTHOUD,99 Berthoud St,Berthoud Street next to Burger King,Park Ridge,NJ,7656,,888-758-4389,E,,Public,24 hours daily,,,,,,2,,,ChargePoint Network,https://www.chargepoint.com,GPS,41.035009,-74.033022,8/26/2026,303745,2026-08-26 01:16:41 UTC,,,,7/29/2023,,,,,J1772,US,,,,Public,,public,,,,,,,,,,,,,,,,,,,,FALSE,,,,,,,,,FALSE,
ELEC,BOPR SULAK,18 Sulak Ln,Sulak Field Parking Lot,Park Ridge,NJ,7656,,888-758-4389,E,,Public,24 hours daily,,,,,,2,,,ChargePoint Network,https://www.chargepoint.com,GPS,41.030706,-74.041254,8/26/2026,303746,2026-08-26 01:16:41 UTC,,,,7/29/2023,,,,,J1772,US,,,,Public,,public,,,,,,,,,,,,,,,,,,,,FALSE,,,,,,,,,FALSE,
ELEC,BOPR BOROUGH HALL,53 Park Ave Behind Borough Hall,Parking lot behind Borough Hall,Park Ridge,NJ,7656,,888-758-4389,E,,Public,24 hours daily,,,,,,2,,,ChargePoint Network,https://www.chargepoint.com,GPS,41.034269,-74.037602,8/26/2026,303747,2026-08-26 01:16:42 UTC,,,,7/29/2023,,,,,J1772,US,,,,Public,,public,,,,,,,,,,,,,,,,,,,,FALSE,,,,,,,,,FALSE,
ELEC,GM - Burke Cadillac,227 Bayberry Dr,,Cape May Court House,NJ,8210,,866-816-7584,E,,Public,24 hours daily,,,,,,,1,,EV Connect,https://www.evconnect.com,GPS,39.082751,-74.814001,8/26/2026,303786,2026-08-26 03:49:53 UTC,,,,7/29/2023,,,,,J1772COMBO,US,,,,Public,,public,,,,,,,,,,,,,,,,,,,,FALSE,,,,,,,,,FALSE,
ELEC,520 RIVER ST HACK DC RIGHT,520 River St,Near front entrance,Hackensack,NJ,7601,,888-758-4389,E,,Public,24 hours daily,,,,,,,1,,ChargePoint Network,https://www.chargepoint.com,GPS,40.8947,-74.038134,8/26/2026,306469,2026-08-26 02:02:11 UTC,,,,8/6/2023,,,,,CHADEMO J1772COMBO,US,,,,Public,,public,,,,,,,,,,,,,,,,,,,,FALSE,,,,,,,,,FALSE,
ELEC,520 RIVER ST HACK DC LEFT,520 River St,Near main front entrance.,Hackensack,NJ,7601,,888-758-4389,E,,Public,24 hours daily,,,,,,,1,,ChargePoint Network,https://www.chargepoint.com,GPS,40.894698,-74.038174,8/26/2026,306472,2026-08-26 02:22:27 UTC,,,,8/6/2023,,,,,CHADEMO J1772COMBO,US,,,,Public,,public,,,,,,,,,,,,,,,,,,,,FALSE,,,,,,,,,FALSE,
ELEC,ESSEX COUNTY EAGLE FIELD,"50 Grove Ave, Cedar Grove, NJ BLASI FIELD",EAGLE FIELD PARKING LOT,Cedar Grove,NJ,7009,,888-758-4389,E,,Public,24 hours daily,,,,,,2,,,ChargePoint Network,https://www.chargepoint.com,GPS,40.847412,-74.23503,8/26/2026,306781,2026-08-26 02:21:59 UTC,,,,8/11/2023,,,,,J1772,US,,,,Public,,public,,,,,,,,,,,,,,,,,,,,FALSE,,,,,,,,,FALSE,
ELEC,ROWAN UNIV LOT H-STA 1,Rt-322 at Campbell Library,,Glassboro,NJ,8028,,888-758-4389,E,,Public,24 hours daily,,,,,,2,,,ChargePoint Network,https://www.chargepoint.com,GPS,39.708404,-75.119777,8/26/2026,306884,2026-08-26 02:13:22 UTC,,,,8/12/2023,,,,,J1772,US,,,,Public,,public,,,,,,,,,,,,,,,,,,,,FALSE,,,,,,,,,FALSE,
ELEC,ROWAN UNIV LOT H-STA 2,Rt-322 at Campbell Library,,Glassboro,NJ,8028,,888-758-4389,E,,Public,24 hours daily,,,,,,2,,,ChargePoint Network,https://www.chargepoint.com,GPS,39.708368,-75.119717,8/26/2026,306885,2026-08-26 02:13:22 UTC,,,,8/12/2023,,,,,J1772,US,,,,Public,,public,,,,,,,,,,,,,,,,,,,,FALSE,,,,,,,,,FALSE,
ELEC,WEST NEW YORK 51ST GARAGE #1,508 51st Street,,West New York,NJ,7093,,888-758-4389,E,,Public,24 hours daily,,,,,,2,,,ChargePoint Network,https://www.chargepoint.com,GPS,40.783971,-74.021139,8/26/2026,306891,2026-08-26 02:19:50 UTC,,,,8/12/2023,,,,,J1772,US,,,,Public,,public,,,,,,,,,,,,,,,,,,,,FALSE,,,,,,,,,FALSE,
ELEC,JCM LIVING JCM NUTLEY,215 Hancox Ave,,Nutley,NJ,7110,,888-758-4389,E,,Public,24 hours daily,,,,,,2,,,ChargePoint Network,https://www.chargepoint.com,GPS,40.808323,-74.154826,8/26/2026,307480,2026-08-26 02:07:52 UTC,,,,8/19/2023,,,,,J1772,US,,,,Public,,public,,,,,,,,,,,,,,,,,,,,FALSE,,,,,,,,,FALSE,
ELEC,JCM LIVING JCM BARTLETT,28 Santa Cruz Road,,Tuckerton,NJ,8087,,888-758-4389,E,,Public,24 hours daily,,,,,,2,,,ChargePoint Network,https://www.chargepoint.com,GPS,39.593266,-74.344925,8/26/2026,307485,2026-08-26 02:18:57 UTC,,,,8/19/2023,,,,,J1772,US,,,,Public,,public,,,,,,,,,,,,,,,,,,,,FALSE,,,,,,,,,FALSE,
ELEC,View 22,49 NJSH Route 173,,Clinton,NJ,8809,,866-816-7584,E,,Public,24 hours daily,,,,,,6,,,EV Connect,https://www.evconnect.com,GPS,40.634375,-74.913014,8/26/2026,307542,2026-08-26 03:51:43 UTC,,,,8/19/2023,,,,,J1772,US,,,,Public,,public,,,,,,,,,,,,,,,,,,,,FALSE,,,,,,,,,FALSE,
ELEC,"Hackensack, NJ - Tesla Supercharger",390 Hackensack Avenue,,Hackensack,NJ,7601,,877-798-3752,E,,Public,24 hours daily. Open to all vehicles.,A D Debit M V,,,,,,8,,Tesla,https://www.tesla.com/supercharger,GPS,40.904391,-74.029964,6/18/2026,307818,2026-06-18 14:46:21 UTC,P,,,8/14/2023,,,,,J1772COMBO TESLA,US,,,,Public,,public,,,SHOPPING_CENTER,,,,,,,,,,,,,,,,,FALSE,,,,,,,,LD,FALSE,
ELEC,Merck Lot B28,Merck Rahway 90 E Scott Ave,,Rahway,NJ,7065,,855-885-9571,E,,Public,24 hours daily,,,,,,3,,,OpConnect,https://opconnect-ev.com,GPS,40.6110148,-74.2672784,8/26/2026,308114,2026-08-26 03:46:12 UTC,,,,8/30/2023,,,,,J1772,US,,,,Public,,public,,,,,,,,,,,,,,,,,,,,FALSE,,,,,,,,,FALSE,
ELEC,Merck Lot B32,Merck Rahway 90 E Scott Ave,,Rahway,NJ,7065,,855-885-9571,E,,Public,24 hours daily,,,,,,8,,,OpConnect,https://opconnect-ev.com,GPS,40.6110148,-74.2672784,8/26/2026,308259,2026-08-26 03:46:12 UTC,,,,8/31/2023,,,,,J1772,US,,,,Public,,public,,,,,,,,,,,,,,,,,,,,FALSE,,,,,,,,,FALSE,
ELEC,JLR MAHWAH DCFAST 08,100 Jaguar Land Rover Way,Northwest Part of Parking Lot,Mahwah,NJ,7495,,888-758-4389,E,,Public,24 hours daily,,,,,,,1,,ChargePoint Network,https://www.chargepoint.com,GPS,41.111906,-74.161451,8/26/2026,308275,2026-08-26 01:23:47 UTC,,,,9/1/2023,,,,,CHADEMO J1772COMBO,US,,,,Public,,public,,,,,,,,,,,,,,,,,,,,FALSE,,,,,,,,,FALSE,
ELEC,JLR MAHWAH DCFAST 10,100 Jaguar Land Rover Way,Ev lit unit 1,Mahwah,NJ,7495,,888-758-4389,E,,Public,24 hours daily,,,,,,,1,,ChargePoint Network,https://www.chargepoint.com,GPS,41.111854,-74.161405,8/26/2026,308276,2026-08-26 01:23:47 UTC,,,,9/1/2023,,,,,CHADEMO J1772COMBO,US,,,,Public,,public,,,,,,,,,,,,,,,,,,,,FALSE,,,,,,,,,FALSE,
ELEC,JLR MAHWAH DCFAST 05,100 Jaguar Land Rover Way,Northwest Part of Parking Lot,Mahwah,NJ,7495,,888-758-4389,E,,Public,24 hours daily,,,,,,,1,,ChargePoint Network,https://www.chargepoint.com,GPS,41.111973,-74.16142,8/26/2026,308280,2026-08-26 02:12:53 UTC,,,,9/1/2023,,,,,CHADEMO J1772COMBO,US,,,,Public,,public,,,,,,,,,,,,,,,,,,,,FALSE,,,,,,,,,FALSE,
ELEC,375 RT17 PARAMUS LVL2 #1,375 NJ-17,Main Entrance (Left Side),Paramus,NJ,7652,,888-758-4389,E,,Public,24 hours daily,,,,,,2,,,ChargePoint Network,https://www.chargepoint.com,GPS,40.946307,-74.07241,8/26/2026,308356,2026-08-26 02:23:17 UTC,,,,9/1/2023,,,,,J1772,US,,,,Public,,public,,,,,,,,,,,,,,,,,,,,FALSE,,,,,,,,,FALSE,
ELEC,375 RT17 PARAMUS LVL2 #2,375 NJ-17,Main Entrance (Right Side),Paramus,NJ,7652,,888-758-4389,E,,Public,24 hours daily,,,,,,2,,,ChargePoint Network,https://www.chargepoint.com,GPS,40.946415,-74.072427,8/26/2026,308357,2026-08-26 02:23:17 UTC,,,,9/1/2023,,,,,J1772,US,,,,Public,,public,,,,,,,,,,,,,,,,,,,,FALSE,,,,,,,,,FALSE,
ELEC,RESORTS CASINO SURFACE LOT,1201 Boardwalk,Resorts Surface Lot - Enter Lot and turn left all the way to the fence.,Atlantic City,NJ,8401,,888-758-4389,E,,Public,24 hours daily,,,,,,2,,,ChargePoint Network,https://www.chargepoint.com,GPS,39.358596,-74.422969,8/26/2026,308376,2026-08-26 02:23:50 UTC,,,,9/1/2023,,,,,J1772,US,,,,Public,,public,,,,,,,,,,,,,,,,,,,,FALSE,,,,,,,,,FALSE,
ELEC,"Egg Harbor Township, NJ - East Black Horse Pike - Tesla Supercharger",6743 E Black Horse Pike,,Egg Harbor Township,NJ,8234,,877-798-3752,E,,Public,24 hours daily. NACS partner enabled.,A D Debit M V,,,,,,8,,Tesla,https://www.tesla.com/supercharger,GPS,39.398415,-74.555434,6/18/2026,308423,2026-06-18 14:46:21 UTC,P,,,8/28/2023,,,,,TESLA,US,,,,Public,,public,,,GAS_STATION,,,,,,,,,,,,,,,,,FALSE,,,,,,,,LD,FALSE,
ELEC,Merck Lot B50,Merck Rahway 90 E Scott Ave,,Rahway,NJ,7065,,855-885-9571,E,,Public,24 hours daily,,,,,,10,,,OpConnect,https://opconnect-ev.com,GPS,40.6110148,-74.2672784,8/26/2026,308504,2026-08-26 03:46:12 UTC,,,,9/2/2023,,,,,J1772,US,,,,Public,,public,,,,,,,,,,,,,,,,,,,,FALSE,,,,,,,,,FALSE,
ELEC,Merck SPARE LOCATION,Merck Rahway 90 E Scott Ave,,Rahway,NJ,7065,,855-885-9571,E,,Public,24 hours daily,,,,,,11,,,OpConnect,https://opconnect-ev.com,GPS,40.6110148,-74.2672784,8/26/2026,308669,2026-08-26 03:46:12 UTC,,,,9/7/2023,,,,,J1772,US,,,,Public,,public,,,,,,,,,,,,,,,,,,,,FALSE,,,,,,,,,FALSE,
ELEC,CHATEAU GRANDE CGH SLOW CHGR 2,678 Cranbury Rd,,East Brunswick,NJ,8816,,888-758-4389,E,,Public,24 hours daily,,,,,,2,,,ChargePoint Network,https://www.chargepoint.com,GPS,40.400039,-74.427111,8/26/2026,308679,2026-08-26 02:02:57 UTC,,,,9/8/2023,,,,,J1772,US,,,,Public,,public,,,,,,,,,,,,,,,,,,,,FALSE,,,,,,,,,FALSE,
ELEC,CHATEAU GRANDE CGH SLOW CHGR 1,678 Cranbury Rd,,East Brunswick,NJ,8816,,888-758-4389,E,,Public,24 hours daily,,,,,,2,,,ChargePoint Network,https://www.chargepoint.com,GPS,40.400031,-74.427143,8/26/2026,308680,2026-08-26 02:02:57 UTC,,,,9/8/2023,,,,,J1772,US,,,,Public,,public,,,,,,,,,,,,,,,,,,,,FALSE,,,,,,,,,FALSE,
ELEC,Roebling Lofts,71 Clark Street,,Trenton,NJ,8611,,888-998-2546,E,,Public,24 hours daily,,,,,,6,,,Blink Network,https://blinkcharging.com,GPS,40.2120827,-74.7544414,8/26/2026,308887,2026-08-26 00:04:52 UTC,,,,12/5/2016,,,,,J1772,US,,,,Public,,public,,,,,,,,,,,,,,,,,,,,FALSE,,,,,,,,,FALSE,
ELEC,Colgate Palmolive,909 River Road,,Piscataway,NJ,8854,,888-998-2546,E,,Public,24 hours daily,,,,,,2,,,Blink Network,https://blinkcharging.com,GPS,40.5204483,-74.48282,8/26/2026,308991,2026-08-26 00:06:20 UTC,,,,9/14/2020,,,,,J1772,US,,,,Public,,public,,,,,,,,,,,,,,,,,,,,FALSE,,,,,,,,,FALSE,
ELEC,Estling,30 Estling Lake Road,,Denville,NJ,7834,,888-998-2546,E,,Public,24 hours daily,,,,,,2,,,Blink Network,https://blinkcharging.com,GPS,40.88027627,-74.49502723,8/26/2026,309088,2026-08-26 00:33:42 UTC,,,,8/18/2023,,,,,J1772,US,,,,Public,,public,,,,,,,,,,,,,,,,,,,,FALSE,,,,,,,,,FALSE,
ELEC,430805  Avalon North Bergen,5665 John F. Kennedy Boulevard,,North Bergen,NJ,7047,,888-998-2546,E,,Public,24 hours daily,,,,,,4,,,Blink Network,https://blinkcharging.com,GPS,40.78896551,-74.02401003,8/26/2026,309140,2026-08-26 00:09:23 UTC,,,,3/22/2019,,,,,J1772,US,,,,Public,,public,,,,,,,,,,,,,,,,,,,,FALSE,,,,,,,,,FALSE,
ELEC,The Avion,1023 Neck Lane,,Elizabeth,NJ,7201,,888-998-2546,E,,Public,24 hours daily,,,,,,3,,,Blink Network,https://blinkcharging.com,GPS,40.6820877,-74.1957269,8/26/2026,309163,2026-08-26 00:32:27 UTC,,,,3/25/2022,,,,,J1772,US,,,,Public,,public,,,,,,,,,,,,,,,,,,,,FALSE,,,,,,,,,FALSE,
ELEC,430803  Avalon at Edgewater,100 River Mews Lane,,Edgewater,NJ,7020,,888-998-2546,E,,Public,24 hours daily,,,,,,4,,,Blink Network,https://blinkcharging.com,GPS,40.820701,-73.9785309,8/26/2026,309291,2026-08-26 00:09:19 UTC,,,,3/6/2019,,,,,J1772,US,,,,Public,,public,,,,,,,,,,,,,,,,,,,,FALSE,,,,,,,,,FALSE,
ELEC,430804  Avalon Cove,444 Washington Boulevard,,Jersey City,NJ,7310,,888-998-2546,E,,Public,24 hours daily,,,,,,4,,,Blink Network,https://blinkcharging.com,GPS,40.7225416,-74.0354456,8/26/2026,309397,2026-08-26 00:12:20 UTC,,,,12/28/2016,,,,,J1772,US,,,,Public,,public,,,,,,,,,,,,,,,,,,,,FALSE,,,,,,,,,FALSE,
ELEC,The Edge at Raritan Heights,11 U.S. 1 South,,New Brunswick,NJ,8901,,888-998-2546,E,,Public,24 hours daily,,,,,,4,,,Blink Network,https://blinkcharging.com,GPS,40.4881042,-74.417316,8/26/2026,310012,2026-08-26 00:47:20 UTC,,,,7/14/2020,,,,,J1772,US,,,,Public,,public,,,,,,,,,,,,,,,,,,,,FALSE,,,,,,,,,FALSE,
ELEC,Stone Harbor,9301 2nd Ave,,Stone Harbor,NJ,8247,,888-998-2546,E,,Public,24 hours daily,,,,,,,2,,Blink Network,https://blinkcharging.com,GPS,39.054988,-74.757612,8/26/2026,310054,2026-08-26 00:22:36 UTC,,,,1/12/2023,,,,,CHADEMO J1772COMBO,US,,,,Public,,public,,,,,,,,,,,,,,,,,,,,FALSE,,,,,,,,,FALSE,
ELEC,"Daiichi Sankyo, Inc",211 Mount Airy Road,,Bernards,NJ,7920,,888-998-2546,E,,Public,24 hours daily,,,,,,8,,,Blink Network,https://blinkcharging.com,GPS,40.69551549,-74.57843587,8/26/2026,310066,2026-08-26 00:49:18 UTC,,,,8/4/2023,,,,,J1772,US,,,,Public,,public,,,,,,,,,,,,,,,,,,,,FALSE,,,,,,,,,FALSE,
ELEC,Genesis Village,300 Cabot Drive,,Hamilton Township,NJ,8691,,888-998-2546,E,,Public,24 hours daily,,,,,,2,,,Blink Network,https://blinkcharging.com,GPS,40.20100307,-74.65347008,8/26/2026,310191,2026-08-26 00:25:39 UTC,,,,7/27/2023,,,,,J1772,US,,,,Public,,public,,,,,,,,,,,,,,,,,,,,FALSE,,,,,,,,,FALSE,
ELEC,West Cape May Parking Lot,32 Broadway,,Cape MAy,NJ,8204,,888-356-8911,E,,Public,24 hours daily,,,,,,2,,,FLO,https://www.flo.com,GPS,38.943353,-74.930906,8/26/2026,310508,2026-08-26 04:14:46 UTC,,,,9/12/2023,,,,,J1772,US,,,,Public,,public,,,,,,,,,,,,,,,,,,,,FALSE,,,,,,,,,FALSE,
ELEC,BUILDING 4 BUILDING 4,3 Ronson Rd,Building 4 near main entrance,Woodbridge Township,NJ,8830,,888-758-4389,E,,Public,24 hours daily,,,,,,2,,,ChargePoint Network,https://www.chargepoint.com,GPS,40.556234,-74.317221,8/26/2026,310579,2026-08-26 02:17:49 UTC,,,,9/14/2023,,,,,J1772,US,,,,Public,,public,,,,,,,,,,,,,,,,,,,,FALSE,,,,,,,,,FALSE,
ELEC,633 RT17 TRUCK CTR LVL 2,633 NJ-17,,Paramus,NJ,7652,,888-758-4389,E,,Public,24 hours daily,,,,,,2,,,ChargePoint Network,https://www.chargepoint.com,GPS,40.961485,-74.076587,8/26/2026,310612,2026-08-26 02:24:16 UTC,,,,9/14/2023,,,,,J1772,US,,,,Public,,public,,,,,,,,,,,,,,,,,,,,FALSE,,,,,,,,,FALSE,
ELEC,OCEAN CITY OC DC PS1,112 E 9th St,Inside Transportation Center Parking Lot.,Ocean City,NJ,8226,,888-758-4389,E,,Public,24 hours daily,,,,,,,1,,ChargePoint Network,https://www.chargepoint.com,GPS,39.279804,-74.57773,8/26/2026,310803,2026-08-26 02:10:54 UTC,,,,9/16/2023,,,,,J1772COMBO TESLA,US,,,,Public,,public,,,,,,,,,,,,,,,,,,,,FALSE,,,,,,,,,FALSE,
ELEC,OCEAN CITY OC DC PS4,112 E 9th St,Located in corner of Transportation Center Lot.,Ocean City,NJ,8226,,888-758-4389,E,,Public,24 hours daily,,,,,,,1,,ChargePoint Network,https://www.chargepoint.com,GPS,39.279758,-74.57765,8/26/2026,310804,2026-08-26 02:11:48 UTC,,,,9/16/2023,,,,,J1772COMBO TESLA,US,,,,Public,,public,,,,,,,,,,,,,,,,,,,,FALSE,,,,,,,,,FALSE,
ELEC,OCEAN CITY OC DC PS2,112 E 9th St,In transportation center parking lot,Ocean City,NJ,8226,,888-758-4389,E,,Public,24 hours daily,,,,,,,1,,ChargePoint Network,https://www.chargepoint.com,GPS,39.279793,-74.5777,8/26/2026,310821,2026-08-26 02:24:23 UTC,,,,9/16/2023,,,,,J1772COMBO TESLA,US,,,,Public,,public,,,,,,,,,,,,,,,,,,,,FALSE,,,,,,,,,FALSE,
ELEC,OCEAN CITY OC DC PS3,112 E 9th St,In Transportation center parking lot,Ocean City,NJ,8226,,888-758-4389,E,,Public,24 hours daily,,,,,,,1,,ChargePoint Network,https://www.chargepoint.com,GPS,39.279779,-74.577681,8/26/2026,310822,2026-08-26 02:24:24 UTC,,,,9/16/2023,,,,,J1772COMBO TESLA,US,,,,Public,,public,,,,,,,,,,,,,,,,,,,,FALSE,,,,,,,,,FALSE,
ELEC,Avalon Honda,100 Avalon Boulevard,,Cape May Court House,NJ,8210,,888-998-2546,E,,Public,24 hours daily,,,,,,,2,,Blink Network,https://blinkcharging.com,GPS,39.12768916,-74.77424688,8/26/2026,310891,2026-08-26 00:36:31 UTC,,,,9/18/2023,,,,,J1772COMBO,US,,,,Public,,public,,,,,,,,,,,,,,,,,,,,FALSE,,,,,,,,,FALSE,
ELEC,BURNS FRONT A,601 NJ-70,Out Front,Evesham,NJ,8053,,888-758-4389,E,,Public,24 hours daily,,,,,,,1,,ChargePoint Network,https://www.chargepoint.com,GPS,39.895716,-74.937068,8/26/2026,311179,2026-08-26 02:23:20 UTC,,,,9/21/2023,,,,,CHADEMO J1772COMBO,US,,,,Public,,public,,,,,,,,,,,,,,,,,,,,FALSE,,,,,,,,,FALSE,
ELEC,"North Brunswick Township, NJ - Tesla Supercharger",650 Shoppes Blvd,,North Brunswick Township,NJ,8902,,877-798-3752,E,,Public,24 hours daily. Open to all vehicles.,A D Debit M V,,,,,,12,,Tesla,https://www.tesla.com/supercharger,GPS,40.459799,-74.455678,6/18/2026,311227,2026-06-18 14:46:21 UTC,P,,,8/30/2023,,,,,J1772COMBO TESLA,US,,,,Public,,public,,,SHOPPING_CENTER,,,,,,,,,,,,,,,,,FALSE,,,,,,,,LD,FALSE,
ELEC,"Newark, NJ - Lindbergh Road - Tesla Supercharger",100 Lindbergh Rd,,Newark,NJ,7114,,877-798-3752,E,,Public,24 hours daily. Open to all vehicles.,A D Debit M V,,,,,,8,,Tesla,https://www.tesla.com/supercharger,GPS,40.691592,-74.184287,6/18/2026,311241,2026-06-18 14:46:21 UTC,P,,,9/12/2023,,,,,J1772COMBO TESLA,US,,,,Public,,public,,,GAS_STATION,,,,,,,,,,,,,,,,,FALSE,,,,,,,,LD,FALSE,
ELEC,"Hamilton Township, NJ - Flock Road - Tesla Supercharger",51 Flock Rd,,Hamilton Township,NJ,8619,,877-798-3752,E,,Public,24 hours daily. Open to all vehicles.,A D Debit M V,,,,,,8,,Tesla,https://www.tesla.com/supercharger,GPS,40.248441,-74.683655,6/18/2026,311248,2026-06-18 14:46:21 UTC,P,,,9/20/2023,,,,,J1772COMBO TESLA,US,,,,Public,,public,,,GAS_STATION,,,,,,,,,,,,,,,,,FALSE,,,,,,,,LD,FALSE,
ELEC,BURNS FRONT B,500 Rte 70 W,,Evesham,NJ,8053,,888-758-4389,E,,Public,24 hours daily,,,,,,,1,,ChargePoint Network,https://www.chargepoint.com,GPS,39.894584,-74.9368,8/26/2026,311461,2026-08-26 02:23:20 UTC,,,,9/23/2023,,,,,CHADEMO J1772COMBO,US,,,,Public,,public,,,,,,,,,,,,,,,,,,,,FALSE,,,,,,,,,FALSE,
ELEC,Wendy's Bridgewater,977 U.S. 22,,Bridgewater,NJ,8807,,888-998-2546,E,,Public,24 hours daily,,,,,,2,,,Blink Network,https://blinkcharging.com,GPS,40.6312405,-74.63411871,8/26/2026,311643,2026-08-26 00:19:12 UTC,,,,9/25/2023,,,,,J1772,US,,,,Public,,public,,,,,,,,,,,,,,,,,,,,FALSE,,,,,,,,,FALSE,
ELEC,"Medford, NJ - Tesla Supercharger",257 Rt 70,,Medford,NJ,8055,,877-798-3752,E,,Public,24 hours daily. Open to all vehicles.,A D Debit M V,,,,,,12,,Tesla,https://www.tesla.com/supercharger,GPS,39.904547,-74.804938,6/18/2026,311988,2026-06-18 14:46:21 UTC,P,,,9/21/2023,,,,,J1772COMBO TESLA,US,,,,Public,,public,,,GAS_STATION,,,,,,,,,,,,,,,,,FALSE,,,,,,,,LD,FALSE,
ELEC,"Paramus, NJ - 200 NJ-17 - Tesla Supercharger",200 NJ-17,,Paramus,NJ,7652,,877-798-3752,E,,Public,24 hours daily. Open to all vehicles.,A D Debit M V,,,,,,20,,Tesla,https://www.tesla.com/supercharger,GPS,40.934394,-74.068741,6/18/2026,311990,2026-06-18 14:46:21 UTC,P,,,9/22/2023,,,,,J1772COMBO TESLA,US,,,,Public,,public,,,SHOPPING_CENTER,,,,,,,,,,,,,,,,,FALSE,,,,,,,,LD,FALSE,
ELEC,Autel - DeBoer's Auto,83 NJ-23,,Hamburg,NJ,7419,,973-529-8360,E,,Public - Credit card at all times,24 hours daily,A D Debit M V,,,,,1,,,AUTEL,https://autelenergy.us,GPS,41.15950331,-74.57908302,12/12/2025,312007,2026-02-02 23:16:24 UTC,P,,,9/28/2023,,,,,J1772,US,,,,Public - Carte de crédit en tout temps,,public,CREDIT_CARD_ALWAYS,,CAR_DEALER,,,,,,,"$5 connection fee, $1 per minute",,,,,,,,,,FALSE,,,,,,,,LD,FALSE,
ELEC,Autel - Klabin Eco Power,9 Sand Park Rd,,Cedar Grove,NJ,7009,,,E,,Public - Credit card at all times,24 hours daily,A D Debit M V,,,,,1,,,AUTEL,https://autelenergy.us,GPS,40.86658751,-74.22679086,10/12/2023,312008,2025-12-05 14:24:49 UTC,P,,,9/28/2023,,,,,J1772,US,,,,Public - Carte de crédit en tout temps,,public,CREDIT_CARD_ALWAYS,,PARKING_LOT,,,,,,,,,,,,,,,,,FALSE,,,,,,,,LD,FALSE,
ELEC,Town of Westwood - Center South Lot,101 Washington Avenue,,Westwood,NJ,7675,,888-998-2546,E,,Public,24 hours daily,,,,,,4,,,Blink Network,https://blinkcharging.com,GPS,40.990645,-74.0360438,8/26/2026,312012,2026-08-26 00:31:51 UTC,,,,4/19/2023,,,,,J1772,US,,,,Public,,public,,,,,,,,,,,,,,,,,,,,FALSE,,,,,,,,,FALSE,
ELEC,Town of Westwood - Fairview Lot,175 Fairview Avenue,,Westwood,NJ,7675,,888-998-2546,E,,Public,24 hours daily,,,,,,4,,,Blink Network,https://blinkcharging.com,GPS,40.991543,-74.0360438,8/26/2026,312028,2026-08-26 00:47:04 UTC,,,,4/19/2023,,,,,J1772,US,,,,Public,,public,,,,,,,,,,,,,,,,,,,,FALSE,,,,,,,,,FALSE,
ELEC,Town of Westwood - Center North Lot,284 Center Avenue,,Westwood,NJ,7675,,888-998-2546,E,,Public,24 hours daily,,,,,,4,,,Blink Network,https://blinkcharging.com,GPS,40.992515,-74.032444,8/26/2026,312029,2026-08-26 00:25:25 UTC,,,,4/19/2023,,,,,J1772,US,,,,Public,,public,,,,,,,,,,,,,,,,,,,,FALSE,,,,,,,,,FALSE,
ELEC,The Madison Plaza,306 Main Street,,Madison,NJ,7940,,888-998-2546,E,,Public,24 hours daily,,,,,,2,,,Blink Network,https://blinkcharging.com,GPS,40.75051902,-74.39878982,8/26/2026,312247,2026-08-26 00:54:10 UTC,,,,9/19/2023,,,,,J1772,US,,,,Public,,public,,,,,,,,,,,,,,,,,,,,FALSE,,,,,,,,,FALSE,
ELEC,WINDSOR CH KILMER,23 Kilmer Dr,At Building #1,Marlboro,NJ,7751,,888-758-4389,E,,Public,24 hours daily,,,,,,2,,,ChargePoint Network,https://www.chargepoint.com,GPS,40.340656,-74.30897,8/26/2026,312254,2026-08-26 02:06:26 UTC,,,,10/4/2023,,,,,J1772,US,,,,Public,,public,,,,,,,,,,,,,,,,,,,,FALSE,,,,,,,,,FALSE,
ELEC,EATONTOWN STATION 3,201 Wyckoff Rd,,Eatontown,NJ,7724,,888-758-4389,T,8/12/2026,TEMPORARILY UNAVAILABLE (Public),24 hours daily,,,,,,2,,,ChargePoint Network,https://www.chargepoint.com,GPS,40.28875,-74.058346,8/26/2026,312267,2026-08-26 02:22:17 UTC,,,,10/4/2023,,,,,J1772,US,,,,TEMPORAIREMENT SUSPENDU (Public),,public,,,,,,,,,,,,,,,,,,,,FALSE,,,,,,,,,FALSE,
ELEC,SOUTH RIVER WASHINGTON,60 Washington St,,South River,NJ,8882,,888-758-4389,E,,Public,24 hours daily,,,,,,2,,,ChargePoint Network,https://www.chargepoint.com,GPS,40.450875,-74.379932,8/26/2026,312412,2026-08-26 01:56:50 UTC,,,,10/6/2023,,,,,J1772,US,,,,Public,,public,,,,,,,,,,,,,,,,,,,,FALSE,,,,,,,,,FALSE,
ELEC,Bahrs Landing,12 Bay Ave,,Highlands,NJ,7732,,732-872-1245,E,,Public - Credit card at all times,24 hours daily,A D Debit M V,,,,,8,,,Non-Networked,,GPS,40.3977314,-73.98177513,11/13/2025,312523,2026-02-24 15:58:29 UTC,P,,,10/3/2023,,,,,J1772,US,,,,Public - Carte de crédit en tout temps,,public,CREDIT_CARD_ALWAYS,,RESTAURANT,,,,,,,Free,,,,,,,,,,FALSE,,,,,,,,LD,FALSE,
ELEC,DEL WEBB FP WFP1,1 Applegate Dr,,Florham Park,NJ,7932,,888-758-4389,E,,Public,24 hours daily,,,,,,2,,,ChargePoint Network,https://www.chargepoint.com,GPS,40.775546,-74.422665,8/26/2026,312628,2026-08-26 02:14:18 UTC,,,,10/9/2023,,,,,J1772,US,,,,Public,,public,,,,,,,,,,,,,,,,,,,,FALSE,,,,,,,,,FALSE,
ELEC,ESSEX COUNTY EMPLOY LOT DC1,40 w market street,1st floor parking garage,Newark,NJ,7103,,888-758-4389,E,,Public,24 hours daily,,,,,,,1,,ChargePoint Network,https://www.chargepoint.com,GPS,40.739313,-74.179883,8/26/2026,312845,2026-08-26 02:14:47 UTC,,,,10/12/2023,,,,,CHADEMO J1772COMBO,US,,,,Public,,public,,,,,,,,,,,,,,,,,,,,FALSE,,,,,,,,,FALSE,
ELEC,PINGRY PV 1,51 Pottersville Rd,,Bedminster,NJ,7979,,888-758-4389,E,,Public,24 hours daily,,,,,,2,,,ChargePoint Network,https://www.chargepoint.com,GPS,40.715767,-74.71726,8/26/2026,312955,2026-08-26 02:25:25 UTC,,,,10/12/2023,,,,,J1772,US,,,,Public,,public,,,,,,,,,,,,,,,,,,,,FALSE,,,,,,,,,FALSE,
ELEC,Garden Homes - Princeton Gardens,7 Princeton Rd.,,Piscataway,NJ,8854,,855-885-9571,E,,Public,24 hours daily,,,,,,2,,,OpConnect,https://opconnect-ev.com,GPS,40.569835,-74.4410376,8/26/2026,313806,2026-08-26 03:46:40 UTC,,,,10/17/2023,,,,,J1772,US,,,,Public,,public,,,,,,,,,,,,,,,,,,,,FALSE,,,,,,,,,FALSE,
ELEC,FOXMOOR C.H. STATION 1,200 Hutchinson Road,,Robbinsville Township,NJ,8691,,888-758-4389,E,,Public,24 hours daily,,,,,,2,,,ChargePoint Network,https://www.chargepoint.com,GPS,40.229437,-74.627981,8/26/2026,314037,2026-08-26 02:24:25 UTC,,,,10/18/2023,,,,,J1772,US,,,,Public,,public,,,,,,,,,,,,,,,,,,,,FALSE,,,,,,,,,FALSE,
ELEC,FOXMOOR C.H. STATION 2,200 Hutchinson Rd,,Robbinsville Township,NJ,8691,,888-758-4389,E,,Public,24 hours daily,,,,,,2,,,ChargePoint Network,https://www.chargepoint.com,GPS,40.22947,-74.627711,8/26/2026,314038,2026-08-26 02:24:25 UTC,,,,10/18/2023,,,,,J1772,US,,,,Public,,public,,,,,,,,,,,,,,,,,,,,FALSE,,,,,,,,,FALSE,
ELEC,PINGRY SH 1,50 Country Day Dr,,Short Hills,NJ,7078,,888-758-4389,E,,Public,24 hours daily,,,,,,2,,,ChargePoint Network,https://www.chargepoint.com,GPS,40.742127,-74.335905,8/26/2026,314059,2026-08-26 02:26:09 UTC,,,,10/18/2023,,,,,J1772,US,,,,Public,,public,,,,,,,,,,,,,,,,,,,,FALSE,,,,,,,,,FALSE,
ELEC,SHOWROOM LOT SERVICE 1,700 US-46,,Little Falls,NJ,7424,,888-758-4389,E,,Public,24 hours daily,,,,,,1,,,ChargePoint Network,https://www.chargepoint.com,GPS,40.881564,-74.207431,8/26/2026,314120,2026-08-26 02:09:46 UTC,,,,10/19/2023,,,,,J1772,US,,,,Public,,public,,,,,,,,,,,,,,,,,,,,FALSE,,,,,,,,,FALSE,
ELEC,SHOWROOM LOT SERVICE 2,700 US-46,,Little Falls,NJ,7424,,888-758-4389,E,,Public,24 hours daily,,,,,,1,,,ChargePoint Network,https://www.chargepoint.com,GPS,40.881483,-74.207528,8/26/2026,314121,2026-08-26 02:09:47 UTC,,,,10/19/2023,,,,,J1772,US,,,,Public,,public,,,,,,,,,,,,,,,,,,,,FALSE,,,,,,,,,FALSE,
ELEC,Coleman Cadillac,300 Renaissance Blvd,,Lawrenceville,NJ,8648,,866-816-7584,E,,Public,24 hours daily,,,,,,,1,,EV Connect,https://www.evconnect.com,GPS,40.288376,-74.685942,8/26/2026,314194,2026-08-26 03:50:04 UTC,,,,10/19/2023,,,,,J1772COMBO,US,,,,Public,,public,,,,,,,,,,,,,,,,,,,,FALSE,,,,,,,,,FALSE,
ELEC,7Charge - Morristown 41723,47 Pine St,,Morristown,NJ,7960,,844-711-2474,E,,Public,24 hours daily,A ANDROID_PAY APPLE_PAY CREDIT D M V,,,,,2,,,7CHARGE,https://www.7-eleven.com/7charge,200-8,40.79656,-74.47578,2/13/2026,315613,2026-02-13 16:34:38 UTC,P,,,10/15/2023,,,,,J1772,US,,,,Public,,public,,,CONVENIENCE_STORE,,,,,,,Please download 7Charge app for current pricing.,,,,,,,,,,FALSE,,,,,,,,MD,FALSE,
ELEC,Johnson & Johnson - 410 Lot,410 George Street,,New Brunswick,NJ,8901,,888-998-2546,E,,Public,24 hours daily,,,,,,1,,,Blink Network,https://blinkcharging.com,GPS,40.496949,-74.445569,8/26/2026,315619,2026-08-26 00:40:44 UTC,,,,12/30/2022,,,,,J1772,US,,,,Public,,public,,,,,,,,,,,,,,,,,,,,FALSE,,,,,,,,,FALSE,
ELEC,ESSEX COUNTY BRANCH BROOK PA,"36 Branch Brook Park Drive Newark, NJ 07104 C",Cherry Blossom Welcome Center,Newark,NJ,7104,,888-758-4389,E,,Public,24 hours daily,,,,,,2,,,ChargePoint Network,https://www.chargepoint.com,GPS,40.78444,-74.17432,8/26/2026,315705,2026-08-26 02:26:33 UTC,,,,10/24/2023,,,,,J1772,US,,,,Public,,public,,,,,,,,,,,,,,,,,,,,FALSE,,,,,,,,,FALSE,
ELEC,Bridgewalk - 2,925 US 202,,Raritan,NJ,8869,,888-356-8911,E,,Public,24 hours daily,,,,,,2,,,FLO,https://www.flo.com,GPS,40.5712817,-74.6468746,8/26/2026,315873,2026-08-26 04:13:43 UTC,,,,10/26/2023,,,,,J1772,US,,,,Public,,public,,,,,,,,,,,,,,,,,,,,FALSE,,,,,,,,,FALSE,
ELEC,CARNEGIE CENTER 506-1,506 Carnegie Center Drive,"Garage, Lower Level",Princeton,NJ,8540,,888-758-4389,E,,Public,"Mon: 12:00am-5:00am, 9:00pm-11:59pm; Tue: 12:00am-5:00am, 9:00pm-11:59pm; Wed: 12:00am-5:00am, 9:00pm-11:59pm; Thu: 12:00am-5:00am, 9:00pm-11:59pm; Fri: 12:00am-5:00am, 9:00pm-11:59pm; Sat: 12:00am-5:00am, 9:00pm-11:59pm; Sun: 12:00am-5:00am, 9:00pm-11:59pm",,,,,,2,,,ChargePoint Network,https://www.chargepoint.com,GPS,40.312124,-74.65404,8/26/2026,316246,2026-08-26 02:26:39 UTC,,,,10/28/2023,,,,,J1772,US,,,,Public,,public,,,,,,,,,,,,,,,,,,,,FALSE,,,,,,,,,FALSE,
ELEC,CARNEGIE CENTER 506-2,506 Carnegie Center Drive,"Garage, Lower Level",Princeton,NJ,8540,,888-758-4389,E,,Public,"Mon: 12:00am-5:00am, 9:00pm-11:59pm; Tue: 12:00am-5:00am, 9:00pm-11:59pm; Wed: 12:00am-5:00am, 9:00pm-11:59pm; Thu: 12:00am-5:00am, 9:00pm-11:59pm; Fri: 12:00am-5:00am, 9:00pm-11:59pm; Sat: 12:00am-5:00am, 9:00pm-11:59pm; Sun: 12:00am-5:00am, 9:00pm-11:59pm",,,,,,2,,,ChargePoint Network,https://www.chargepoint.com,GPS,40.312073,-74.653952,8/26/2026,316247,2026-08-26 02:26:39 UTC,,,,10/28/2023,,,,,J1772,US,,,,Public,,public,,,,,,,,,,,,,,,,,,,,FALSE,,,,,,,,,FALSE,
ELEC,"Simon Newport Centre (Jersey City, NJ)",25 Mall Dr,,Jersey City,NJ,7310,,833-632-2778,E,,Public,24 hours daily,,,,,,,6,,Electrify America,https://www.electrifyamerica.com,GPS,40.72806,-74.03922,8/26/2026,316272,2026-08-26 03:38:34 UTC,,,,10/28/2023,,,,,J1772COMBO,US,,,,Public,,public,,,,,,,,,,,,,,,,,,,,FALSE,,,,,,,,,FALSE,
ELEC,"Wakefern Shoprite (Flemington, NJ)",272 Rt 202 & 31,,Flemington,NJ,8822,,833-632-2778,E,,Public,24 hours daily,,,,,,,4,,Electrify America,https://www.electrifyamerica.com,GPS,40.49768,-74.85638,8/26/2026,316282,2026-08-26 03:41:24 UTC,,,,10/28/2023,,,,,J1772COMBO,US,,,,Public,,public,,,,,,,,,,,,,,,,,,,,FALSE,,,,,,,,,FALSE,
ELEC,WATER STREET WSL #2,121 Water St,,Newton,NJ,7860,,888-758-4389,E,,Public,24 hours daily,,,,,,2,,,ChargePoint Network,https://www.chargepoint.com,GPS,41.0641,-74.745557,8/26/2026,316337,2026-08-26 02:26:18 UTC,,,,10/31/2023,,,,,J1772,US,,,,Public,,public,,,,,,,,,,,,,,,,,,,,FALSE,,,,,,,,,FALSE,
ELEC,WATER STREET WSL#1,121 Water St,,Newton,NJ,7860,,888-758-4389,E,,Public,24 hours daily,,,,,,2,,,ChargePoint Network,https://www.chargepoint.com,GPS,41.064097,-74.745474,8/26/2026,316338,2026-08-26 02:26:18 UTC,,,,10/31/2023,,,,,J1772,US,,,,Public,,public,,,,,,,,,,,,,,,,,,,,FALSE,,,,,,,,,FALSE,
ELEC,ParkVue at Livingston,Briggs Circle,,Livingston,NJ,7039,,888-998-2546,E,,Public,24 hours daily,,,,,,6,,,Blink Network,https://blinkcharging.com,GPS,40.79319427,-74.34517626,8/26/2026,316479,2026-08-26 00:05:56 UTC,,,,8/1/2023,,,,,J1772,US,,,,Public,,public,,,,,,,,,,,,,,,,,,,,FALSE,,,,,,,,,FALSE,
ELEC,EVIA Jumping Brook Apartments,3633 New Jersey 33,,Neptune Township,NJ,7753,,888-998-2546,E,,Public,24 hours daily,,,,,,2,,,Blink Network,https://blinkcharging.com,GPS,40.2072694,-74.0403145,8/26/2026,316574,2026-08-26 00:23:37 UTC,,,,11/1/2023,,,,,J1772,US,,,,Public,,public,,,,,,,,,,,,,,,,,,,,FALSE,,,,,,,,,FALSE,
ELEC,STDNEWBRUNSWICK STATION 1,90 New Street,,New Brunswick,NJ,8901,,888-758-4389,E,,Public,24 hours daily,,,,,,2,,,ChargePoint Network,https://www.chargepoint.com,GPS,40.49244,-74.44454,8/26/2026,316578,2026-08-26 01:37:41 UTC,,,,11/3/2023,,,,,J1772,US,,,,Public,,public,,,,,,,,,,,,,,,,,,,,FALSE,,,,,,,,,FALSE,
ELEC,EVIA Claridge Court Apartments,1 Pine Tree Boulevard,,Old Bridge,NJ,8857,,888-998-2546,E,,Public,24 hours daily,,,,,,4,,,Blink Network,https://blinkcharging.com,GPS,40.38250422,-74.33358846,8/26/2026,316665,2026-08-26 00:20:36 UTC,,,,11/1/2023,,,,,J1772,US,,,,Public,,public,,,,,,,,,,,,,,,,,,,,FALSE,,,,,,,,,FALSE,
ELEC,SOUTH1 SOUTH1,5 Retreat Rd,In front of Robert L. Thompson building,Southampton Township,NJ,8088,,888-758-4389,E,,Public,24 hours daily,,,,,,2,,,ChargePoint Network,https://www.chargepoint.com,GPS,39.931549,-74.74204,8/26/2026,317059,2026-08-26 02:27:10 UTC,,,,11/9/2023,,,,,J1772,US,,,,Public,,public,,,,,,,,,,,,,,,,,,,,FALSE,,,,,,,,,FALSE,
ELEC,Abbvie PL1 #6,5 Giralda Farms,,Madison,NJ,7940,,973-738-4661,E,,Public,Contact site for information,A ANDROID_PAY APPLE_PAY CREDIT D M,,,,,1,,,AMPUP,https://ampup.io,GPS,40.76,-74.43,12/13/2023,319323,2024-01-31 22:07:01 UTC,P,,,9/27/2023,,,,,J1772,US,,,,Public,,public,,,OFFICE_BLDG,,,,,,,,,,,,,,,,,FALSE,,,,,,,,LD,FALSE,
ELEC,Abbvie PL1 #9,5 Giralda Farms,,Madison,NJ,7940,,973-738-4661,E,,Public,Contact site for information,A ANDROID_PAY APPLE_PAY CREDIT D M,,,,,1,,,AMPUP,https://ampup.io,GPS,40.76,-74.43,12/13/2023,319324,2024-01-31 22:07:01 UTC,P,,,9/27/2023,,,,,J1772,US,,,,Public,,public,,,OFFICE_BLDG,,,,,,,,,,,,,,,,,FALSE,,,,,,,,LD,FALSE,
ELEC,Abbvie PL1 #13,5 Giralda Farms,,Madison,NJ,7940,,973-738-4661,E,,Public,Contact site for information,A ANDROID_PAY APPLE_PAY CREDIT D M,,,,,1,,,AMPUP,https://ampup.io,GPS,40.76,-74.43,12/13/2023,319325,2024-01-31 22:07:01 UTC,P,,,9/27/2023,,,,,J1772,US,,,,Public,,public,,,OFFICE_BLDG,,,,,,,,,,,,,,,,,FALSE,,,,,,,,LD,FALSE,
ELEC,Abbvie PL1 #14,5 Giralda Farms,,Madison,NJ,7940,,973-738-4661,E,,Public,Contact site for information,A ANDROID_PAY APPLE_PAY CREDIT D M,,,,,1,,,AMPUP,https://ampup.io,200-9,40.76,-74.43,12/13/2023,319337,2024-01-31 22:07:01 UTC,P,,,9/13/2023,,,,,J1772,US,,,,Public,,public,,,,,,,,,,Pricing unknown,,,,,,,,,,FALSE,,,,,,,,LD,FALSE,
ELEC,Abbvie PL1 #2,5 Giralda Farms,,Madison,NJ,7940,,973-738-4661,E,,Public,Contact site for information,A ANDROID_PAY APPLE_PAY CREDIT D M,,,,,1,,,AMPUP,https://ampup.io,GPS,40.76,-74.43,12/13/2023,319341,2024-01-31 22:07:01 UTC,P,,,9/7/2023,,,,,J1772,US,,,,Public,,public,,,OFFICE_BLDG,,,,,,,,,,,,,,,,,FALSE,,,,,,,,LD,FALSE,
ELEC,Abbvie PL1 #3,5 Giralda Farms,,Madison,NJ,7940,,973-738-4661,E,,Public,Contact site for information,A ANDROID_PAY APPLE_PAY CREDIT D M,,,,,1,,,AMPUP,https://ampup.io,GPS,40.76,-74.43,12/13/2023,319342,2024-01-31 22:07:01 UTC,P,,,9/7/2023,,,,,J1772,US,,,,Public,,public,,,OFFICE_BLDG,,,,,,,,,,,,,,,,,FALSE,,,,,,,,LD,FALSE,
ELEC,Abbvie PL1 #7,5 Giralda Farms,,Madison,NJ,7940,,973-738-4661,E,,Public,Contact site for information,A ANDROID_PAY APPLE_PAY CREDIT D M,,,,,1,,,AMPUP,https://ampup.io,GPS,40.76,-74.43,12/13/2023,319343,2024-01-31 22:07:01 UTC,P,,,9/7/2023,,,,,J1772,US,,,,Public,,public,,,OFFICE_BLDG,,,,,,,,,,,,,,,,,FALSE,,,,,,,,LD,FALSE,
ELEC,Abbvie PL1 #12,5 Giralda Farms,,Madison,NJ,7940,,973-738-4661,E,,Public,Contact site for information,A ANDROID_PAY APPLE_PAY CREDIT D M,,,,,1,,,AMPUP,https://ampup.io,GPS,40.76,-74.43,12/13/2023,319344,2024-01-31 22:07:01 UTC,P,,,9/7/2023,,,,,J1772,US,,,,Public,,public,,,OFFICE_BLDG,,,,,,,,,,,,,,,,,FALSE,,,,,,,,LD,FALSE,
ELEC,Abbvie PL1 #8,5 Giralda Farms,,Madison,NJ,7940,,973-738-4661,E,,Public,Contact site for information,A ANDROID_PAY APPLE_PAY CREDIT D M,,,,,1,,,AMPUP,https://ampup.io,GPS,40.76,-74.43,12/13/2023,319345,2024-01-31 22:07:01 UTC,P,,,9/7/2023,,,,,J1772,US,,,,Public,,public,,,OFFICE_BLDG,,,,,,,,,,,,,,,,,FALSE,,,,,,,,LD,FALSE,
ELEC,Abbvie PL1 #10,5 Giralda Farms,,Madison,NJ,7940,,973-738-4661,E,,Public,Contact site for information,A ANDROID_PAY APPLE_PAY CREDIT D M,,,,,1,,,AMPUP,https://ampup.io,GPS,40.76,-74.43,12/13/2023,319346,2024-01-31 22:07:01 UTC,P,,,9/7/2023,,,,,J1772,US,,,,Public,,public,,,OFFICE_BLDG,,,,,,,,,,,,,,,,,FALSE,,,,,,,,LD,FALSE,
ELEC,Abbvie PL1 #5,5 Giralda Farms,,Madison,NJ,7940,,973-738-4661,E,,Public,Contact site for information,A ANDROID_PAY APPLE_PAY CREDIT D M,,,,,1,,,AMPUP,https://ampup.io,GPS,40.76,-74.43,12/13/2023,319347,2024-01-31 22:07:01 UTC,P,,,9/7/2023,,,,,J1772,US,,,,Public,,public,,,OFFICE_BLDG,,,,,,,,,,,,,,,,,FALSE,,,,,,,,LD,FALSE,
ELEC,Abbvie PL1 #001,5 Giralda Farms,,Madison,NJ,7940,,973-738-4661,E,,Public,Contact site for information,A ANDROID_PAY APPLE_PAY CREDIT D M,,,,,1,,,AMPUP,https://ampup.io,GPS,40.76,-74.43,12/13/2023,319348,2024-01-31 22:07:01 UTC,P,,,9/7/2023,,,,,J1772,US,,,,Public,,public,,,OFFICE_BLDG,,,,,,,,,,,,,,,,,FALSE,,,,,,,,LD,FALSE,
ELEC,"Romark Energy Solutions - Westfield, NJ",828 South Ave W,,Westfield,NJ,7090,,908-884-7256,E,,Public,Contact site for information,A ANDROID_PAY APPLE_PAY CREDIT D M,,,,,2,,,AMPUP,https://ampup.io,GPS,40.65,-74.36,12/13/2023,319357,2024-01-31 22:07:01 UTC,P,,,8/25/2023,,,,,J1772,US,,,,Public,,public,,,OFFICE_BLDG,,,,,,,,,,,,,,,,,FALSE,,,,,,,,LD,FALSE,
ELEC,Abbvie PL1 #15,5 Giralda Farms,,Madison,NJ,7940,,973-738-4661,E,,Public,Contact site for information,A ANDROID_PAY APPLE_PAY CREDIT D M,,,,,1,,,AMPUP,https://ampup.io,GPS,40.76,-74.43,12/13/2023,319384,2024-01-31 22:07:01 UTC,P,,,7/20/2023,,,,,J1772,US,,,,Public,,public,,,OFFICE_BLDG,,,,,,,,,,,,,,,,,FALSE,,,,,,,,LD,FALSE,
ELEC,Abbvie PL1 #16,5 Giralda Farms,,Madison,NJ,7940,,973-738-4661,E,,Public,Contact site for information,A ANDROID_PAY APPLE_PAY CREDIT D M,,,,,1,,,AMPUP,https://ampup.io,GPS,40.76,-74.43,12/13/2023,319403,2024-01-31 22:07:01 UTC,P,,,7/6/2023,,,,,J1772,US,,,,Public,,public,,,OFFICE_BLDG,,,,,,,,,,,,,,,,,FALSE,,,,,,,,LD,FALSE,
ELEC,Montclair Township Parking Utility Fullerton Lot,10 N Fullerton Ave,,Montclair,NJ,7042,,973-509-4990,E,,Public,Contact site for information,A ANDROID_PAY APPLE_PAY CREDIT D M,,,,,2,,,AMPUP,https://ampup.io,GPS,40.8144871,-74.2173216,12/13/2023,319420,2024-01-31 22:07:01 UTC,LG,,,6/2/2023,,,,,J1772,US,,,,Public,,public,,,MUNI_GOV,,,,,,,,,,,,,,,,,FALSE,,,,,,,,LD,FALSE,
ELEC,Montclair Township Crescent Deck,13 The Crescent,,Montclair,NJ,7042,,973-509-4990,E,,Public,Contact site for information,A ANDROID_PAY APPLE_PAY CREDIT D M,,,,,2,,,AMPUP,https://ampup.io,GPS,40.8128774,-74.2183312,12/13/2023,319421,2024-01-31 22:07:01 UTC,P,,,6/2/2023,,,,,J1772,US,,,,Public,,public,,,MUNI_GOV,,,,,,,,,,,,,,,,,FALSE,,,,,,,,LD,FALSE,
ELEC,Abbvie PL1 #11,5 Giralda Farms,,Madison,NJ,7940,,,E,,Private,Contact site for information,A ANDROID_PAY APPLE_PAY CREDIT D M,,,,,1,,,AMPUP,https://ampup.io,GPS,40.76,-74.43,12/13/2023,319463,2024-01-31 22:07:01 UTC,P,,,9/27/2023,,,,,J1772,US,,,,Privé,,private,,,OFFICE_BLDG,,,,,,,,,,,,,,,,,,,,,,,,,LD,FALSE,
ELEC,Abbvie PL1 #4,5 Giralda Farms,,Madison,NJ,7940,,,E,,Private,Contact site for information,A ANDROID_PAY APPLE_PAY CREDIT D M,,,,,1,,,AMPUP,https://ampup.io,GPS,40.76,-74.43,12/13/2023,319465,2024-01-31 22:07:01 UTC,P,,,9/27/2023,,,,,J1772,US,,,,Privé,,private,,,OFFICE_BLDG,,,,,,,,,,,,,,,,,,,,,,,,,LD,FALSE,
ELEC,Shoprite Nutley,437 Franklin Ave,,Nutley,NJ,7110,,,E,,Private,Contact site for information,A ANDROID_PAY APPLE_PAY CREDIT D M,,,,,1,,,AMPUP,https://ampup.io,GPS,40.82,-74.16,12/13/2023,319468,2024-01-31 22:07:01 UTC,P,,,9/25/2023,,,,,J1772,US,,,,Privé,,private,,,GROCERY,,,,,,,,,,,,,,,,,,,,,,,,,LD,FALSE,
ELEC,Newark Urby,155 Washington St,,Newark,NJ,7102,,,E,,Private,Contact site for information,A ANDROID_PAY APPLE_PAY CREDIT D M,,,,,2,,,AMPUP,https://ampup.io,200-9,40.7396209,-74.1733563,12/13/2023,319496,2024-01-31 22:07:01 UTC,P,,,8/22/2023,,,,,J1772,US,,,,Privé,,private,,,,,,,,,,,,,,,,,,,,,,,,,,,,LD,FALSE,
ELEC,Liberty Science Center,222 Jersey City Blvd,,Jersey City,NJ,7305,,201-200-1000,E,,Public - Credit card at all times,24 hours daily,A D Debit M V,,,,,8,,,Non-Networked,,GPS,40.70768712,-74.05556745,12/12/2025,320169,2026-02-02 23:16:24 UTC,P,,,11/16/2023,,,,,J1772,US,,,,Public - Carte de crédit en tout temps,,public,CREDIT_CARD_ALWAYS,,PARKING_LOT,,,,,,,Free; $7 daily parking fee,,,,,,,,,,FALSE,,,,,,,,LD,FALSE,
ELEC,PANYNJ EWR CONRAC 13,132 Carson Rd Newark Liberty International Ai,,Newark,NJ,7114,,888-758-4389,E,,Public,24 hours daily,,,,,,2,,,ChargePoint Network,https://www.chargepoint.com,GPS,40.689602,-74.18974,8/26/2026,320225,2026-08-26 02:08:02 UTC,,,,11/18/2023,,,,,J1772,US,,,,Public,,public,,,,,,,,,,,,,,,,,,,,FALSE,,,,,,,,,FALSE,
ELEC,PANYNJ EWR CONRAC 7,132 Carson Rd Newark Liberty International Ai,,Newark,NJ,7114,,888-758-4389,E,,Public,24 hours daily,,,,,,2,,,ChargePoint Network,https://www.chargepoint.com,GPS,40.689549,-74.189732,8/26/2026,320226,2026-08-26 02:08:03 UTC,,,,11/18/2023,,,,,J1772,US,,,,Public,,public,,,,,,,,,,,,,,,,,,,,FALSE,,,,,,,,,FALSE,
ELEC,RIDGEFIELD RIDGEFIELD CT1,700 Shaler Blvd,,Ridgefield,NJ,7657,,888-758-4389,E,,Public,24 hours daily,,,,,,2,,,ChargePoint Network,https://www.chargepoint.com,GPS,40.83635,-73.998695,8/26/2026,320321,2026-08-26 02:16:33 UTC,,,,11/21/2023,,,,,J1772,US,,,,Public,,public,,,,,,,,,,,,,,,,,,,,FALSE,,,,,,,,,FALSE,
ELEC,GLEN TOYOTA GT CT4K STATION,23-07 Maple Ave,,Fair Lawn,NJ,7410,,888-758-4389,E,,Public,Mon: 9:00am-8:00pm; Tue: 9:00am-8:00pm; Wed: 9:00am-8:00pm; Thu: 9:00am-8:00pm; Fri: 9:00am-7:00pm; Sat: 9:00am-6:00pm; Sun: 12:00am-12:15am,,,,,,1,,,ChargePoint Network,https://www.chargepoint.com,GPS,40.948784,-74.13704,8/26/2026,320431,2026-08-26 02:26:34 UTC,,,,11/22/2023,,,,,J1772,US,,,,Public,,public,,,,,,,,,,,,,,,,,,,,FALSE,,,,,,,,,FALSE,
ELEC,RK Chevy,502 North Delsea Drive,,Vineland,NJ,8360,,888-998-2546,E,,Public,24 hours daily,,,,,,,2,,Blink Network,https://blinkcharging.com,GPS,39.4948492,-75.04293564,8/26/2026,320785,2026-08-26 00:10:14 UTC,,,,10/23/2023,,,,,J1772COMBO,US,,,,Public,,public,,,,,,,,,,,,,,,,,,,,FALSE,,,,,,,,,FALSE,
ELEC,23 VREELAND RD TOWER 1,23 Vreeland Road,NORTH SIDE OF BACK BLDG,Florham Park,NJ,7932,,888-758-4389,E,,Public,24 hours daily,,,,,,2,,,ChargePoint Network,https://www.chargepoint.com,GPS,40.786512,-74.368799,8/26/2026,320843,2026-08-26 02:27:54 UTC,,,,11/29/2023,,,,,J1772,US,,,,Public,,public,,,,,,,,,,,,,,,,,,,,FALSE,,,,,,,,,FALSE,
ELEC,23 VREELAND RD TOWER 2,23 Vreeland Rd,NORTH SIDE OF BACK BLDG,Florham Park,NJ,7932,,888-758-4389,E,,Public,24 hours daily,,,,,,2,,,ChargePoint Network,https://www.chargepoint.com,GPS,40.786505,-74.368827,8/26/2026,320844,2026-08-26 02:27:54 UTC,,,,11/29/2023,,,,,J1772,US,,,,Public,,public,,,,,,,,,,,,,,,,,,,,FALSE,,,,,,,,,FALSE,
ELEC,23 VREELAND RD TOWER 3,23 Vreeland Rd,NORTH SIDE OF BACK BLDG,Florham Park,NJ,7932,,888-758-4389,E,,Public,24 hours daily,,,,,,2,,,ChargePoint Network,https://www.chargepoint.com,GPS,40.786485,-74.368728,8/26/2026,320845,2026-08-26 02:27:55 UTC,,,,11/29/2023,,,,,J1772,US,,,,Public,,public,,,,,,,,,,,,,,,,,,,,FALSE,,,,,,,,,FALSE,
ELEC,JCM LIVING JCM WOODLAKE,70 Pinehurst Drive,The station is on Pinehurst Dr in parking lot right near the clubhouse.,Lakewood,NJ,8701,,888-758-4389,E,,Public,24 hours daily,,,,,,2,,,ChargePoint Network,https://www.chargepoint.com,GPS,40.085624,-74.173398,8/26/2026,320853,2026-08-26 02:28:06 UTC,,,,11/29/2023,,,,,J1772,US,,,,Public,,public,,,,,,,,,,,,,,,,,,,,FALSE,,,,,,,,,FALSE,
ELEC,Aero Corp (Bridgewater Township),400 N Bridge St,,Bridgewater,NJ,8807,,,E,,Private,24 hours daily,A D M V,,,,,1,,,TURNONGREEN,https://turnongreen.com,200-8,40.58005,-74.60831,12/12/2025,320949,2026-02-02 23:16:24 UTC,P,,,12/1/2022,,,,,J1772,US,,,,Privé,,private,,,FLEET_GARAGE,,,,,,,,,,,,,,,,,,,,,,,,,HD,FALSE,
ELEC,New York - FMI,225 Brae Blvd,,Park Ridge,NJ,7656,,218-939-2318,E,,Public,24 hours daily,A D M V,,,,,1,,,TURNONGREEN,https://turnongreen.com,200-8,41.04002,-74.06268,12/12/2025,320989,2026-02-02 23:16:24 UTC,P,,,4/23/2023,,,,,J1772,US,,,,Public,,public,,,FLEET_GARAGE,,,,,,,,,,,,,,,,,FALSE,,,,,,,,HD,FALSE,
ELEC,Genesis of Cherry Hill - Showroom,451 New Jersey 73,,Marlton,NJ,8053,,888-998-2546,E,,Public,24 hours daily,,,,,,,4,,Blink Network,https://blinkcharging.com,GPS,39.88321004,-74.92279426,8/26/2026,321013,2026-08-26 00:42:01 UTC,,,,11/27/2023,,,,,J1772COMBO,US,,,,Public,,public,,,,,,,,,,,,,,,,,,,,FALSE,,,,,,,,,FALSE,
ELEC,WEST NEW YORK 51ST GARAGE #4,508 51st Street,,West New York,NJ,7093,,888-758-4389,E,,Public,24 hours daily,,,,,,2,,,ChargePoint Network,https://www.chargepoint.com,GPS,40.783559,-74.021115,8/26/2026,321026,2026-08-26 02:19:50 UTC,,,,11/30/2023,,,,,J1772,US,,,,Public,,public,,,,,,,,,,,,,,,,,,,,FALSE,,,,,,,,,FALSE,
ELEC,WEST NEW YORK 51ST GARAGE #6,508 51st St,,West New York,NJ,7093,,888-758-4389,T,7/11/2026,TEMPORARILY UNAVAILABLE (Public),24 hours daily,,,,,,2,,,ChargePoint Network,https://www.chargepoint.com,GPS,40.783613,-74.021058,8/26/2026,321027,2026-08-26 02:19:50 UTC,,,,11/30/2023,,,,,J1772,US,,,,TEMPORAIREMENT SUSPENDU (Public),,public,,,,,,,,,,,,,,,,,,,,FALSE,,,,,,,,,FALSE,
ELEC,WEST NEW YORK 51ST GARAGE #3,508 51st St,,West New York,NJ,7093,,888-758-4389,E,,Public,24 hours daily,,,,,,2,,,ChargePoint Network,https://www.chargepoint.com,GPS,40.783561,-74.021117,8/26/2026,321028,2026-08-26 02:19:50 UTC,,,,11/30/2023,,,,,J1772,US,,,,Public,,public,,,,,,,,,,,,,,,,,,,,FALSE,,,,,,,,,FALSE,
ELEC,WEST NEW YORK 51ST GARAGE #5,508 51st St,,West New York,NJ,7093,,888-758-4389,T,7/11/2026,TEMPORARILY UNAVAILABLE (Public),24 hours daily,,,,,,2,,,ChargePoint Network,https://www.chargepoint.com,GPS,40.783652,-74.02116,8/26/2026,321029,2026-08-26 02:19:50 UTC,,,,11/30/2023,,,,,J1772,US,,,,TEMPORAIREMENT SUSPENDU (Public),,public,,,,,,,,,,,,,,,,,,,,FALSE,,,,,,,,,FALSE,
ELEC,WEST NEW YORK 51ST GARAGE #2,508 51st Street,,West New York,NJ,7093,,888-758-4389,E,,Public,24 hours daily,,,,,,2,,,ChargePoint Network,https://www.chargepoint.com,GPS,40.783646,-74.021273,8/26/2026,321030,2026-08-26 02:19:51 UTC,,,,11/30/2023,,,,,J1772,US,,,,Public,,public,,,,,,,,,,,,,,,,,,,,FALSE,,,,,,,,,FALSE,
ELEC,WEST NEW YORK 57TH GARAGE #1,440 57th St,Level 2,West New York,NJ,7093,,888-758-4389,E,,Public,24 hours daily,,,,,,2,,,ChargePoint Network,https://www.chargepoint.com,GPS,40.786693,-74.016924,8/26/2026,321474,2026-08-26 02:27:37 UTC,,,,12/6/2023,,,,,J1772,US,,,,Public,,public,,,,,,,,,,,,,,,,,,,,FALSE,,,,,,,,,FALSE,
ELEC,WEST NEW YORK 57TH GARAGE #2,429 58th St,Level 2,West New York,NJ,7093,,888-758-4389,E,,Public,24 hours daily,,,,,,2,,,ChargePoint Network,https://www.chargepoint.com,GPS,40.786807,-74.01686,8/26/2026,321475,2026-08-26 02:27:50 UTC,,,,12/6/2023,,,,,J1772,US,,,,Public,,public,,,,,,,,,,,,,,,,,,,,FALSE,,,,,,,,,FALSE,
ELEC,Malouf Chevrolet-Cadillac,1975 US Highway 1,,North Brunswick,NJ,8902,,866-816-7584,E,,Public,24 hours daily,,,,,,,1,,EV Connect,https://www.evconnect.com,GPS,40.44998,-74.495744,8/26/2026,321520,2026-08-26 03:52:10 UTC,,,,12/6/2023,,,,,J1772COMBO,US,,,,Public,,public,,,,,,,,,,,,,,,,,,,,FALSE,,,,,,,,,FALSE,
ELEC,23 VREELAND RD TOWER 4,23 Vreeland Road,north side of back building,Florham Park,NJ,7932,,888-758-4389,E,,Public,24 hours daily,,,,,,1,,,ChargePoint Network,https://www.chargepoint.com,GPS,40.786443,-74.368626,8/26/2026,322194,2026-08-26 02:27:55 UTC,,,,12/7/2023,,,,,J1772,US,,,,Public,,public,,,,,,,,,,,,,,,,,,,,FALSE,,,,,,,,,FALSE,
ELEC,330 Fairfield Rd LLC,330 Fairfield Road,,Fairfield,NJ,7004,,888-998-2546,E,,Public,24 hours daily,,,,,,2,,,Blink Network,https://blinkcharging.com,GPS,40.88304459,-74.28442493,8/26/2026,322373,2026-08-26 00:47:30 UTC,,,,12/8/2023,,,,,J1772,US,,,,Public,,public,,,,,,,,,,,,,,,,,,,,FALSE,,,,,,,,,FALSE,
ELEC,Raising Canes - Store 908,800 Route 70 West,,Evesham,NJ,8053,,888-998-2546,E,,Public,24 hours daily,,,,,,4,,,Blink Network,https://blinkcharging.com,GPS,39.89560494,-74.94150716,8/26/2026,322378,2026-08-26 00:54:50 UTC,,,,12/8/2023,,,,,J1772,US,,,,Public,,public,,,,,,,,,,,,,,,,,,,,FALSE,,,,,,,,,FALSE,
ELEC,MDA II PHILLIPS STATION 1,34 Philips Pkwy,,Montvale,NJ,7645,,888-758-4389,E,,Public,24 hours daily,,,,,,2,,,ChargePoint Network,https://www.chargepoint.com,GPS,41.049915,-74.056794,8/26/2026,322391,2026-08-26 02:26:58 UTC,,,,12/9/2023,,,,,J1772,US,,,,Public,,public,,,,,,,,,,,,,,,,,,,,FALSE,,,,,,,,,FALSE,
ELEC,MDA II PHILLIPS STATION 2,32 Philips Pkwy,,Montvale,NJ,7645,,888-758-4389,E,,Public,24 hours daily,,,,,,2,,,ChargePoint Network,https://www.chargepoint.com,GPS,41.049892,-74.05675,8/26/2026,322392,2026-08-26 02:26:58 UTC,,,,12/9/2023,,,,,J1772,US,,,,Public,,public,,,,,,,,,,,,,,,,,,,,FALSE,,,,,,,,,FALSE,
ELEC,ShopRite Glassboro - Wakefern #554,201 William L. Dalton Dr,,Glassboro,NJ,8028,,877-455-3833,E,,Public,24 hours daily,,,,,,,6,,eVgo Network,https://www.evgo.com,GPS,39.71968,-75.11165,8/25/2026,322464,2026-08-25 23:59:12 UTC,,,,12/9/2023,,,,,J1772COMBO TESLA,US,,,,Public,,public,,,,,,,,,,,,,,,,,,,,FALSE,,,,,,,,,FALSE,
ELEC,10 Exchange Pl. Garage,10 Exchange Pl.,,Jersey City,NJ,7302,,855-223-5351,E,,Public,24 hours daily,A D M V,,,,,12,,,FLASH,https://www.flashparking.com/products/diversify-parking-revenue/ev-charging-as-a-revenue-stream/,GPS,40.71662151,-74.03390857,8/26/2026,322819,2026-08-26 03:59:20 UTC,,,,12/15/2023,,,,,J1772,US,,,,Public,,public,,,PUBLIC,,,,,,,,,,,,,,,,,FALSE,,,,,,,,,FALSE,
ELEC,WATER STREET WSL #3,121 Water St,,Newton,NJ,7860,,888-758-4389,E,,Public,24 hours daily,,,,,,2,,,ChargePoint Network,https://www.chargepoint.com,GPS,41.064905,-74.746616,8/26/2026,322952,2026-08-26 02:28:22 UTC,,,,12/19/2023,,,,,J1772,US,,,,Public,,public,,,,,,,,,,,,,,,,,,,,FALSE,,,,,,,,,FALSE,
ELEC,WATER STREET WSL #4,121 Water St,,Newton,NJ,7860,,888-758-4389,E,,Public,24 hours daily,,,,,,2,,,ChargePoint Network,https://www.chargepoint.com,GPS,41.064837,-74.746766,8/26/2026,322953,2026-08-26 02:28:22 UTC,,,,12/19/2023,,,,,J1772,US,,,,Public,,public,,,,,,,,,,,,,,,,,,,,FALSE,,,,,,,,,FALSE,
ELEC,AAF AAF POINT L2 #2,3306 Bridge Ave,Along Bridge Ave. Middle Station,Point Pleasant,NJ,8742,,888-758-4389,E,,Public,24 hours daily,,,,,,2,,,ChargePoint Network,https://www.chargepoint.com,GPS,40.080849,-74.088529,8/26/2026,323048,2026-08-26 02:25:33 UTC,,,,12/20/2023,,,,,J1772,US,,,,Public,,public,,,,,,,,,,,,,,,,,,,,FALSE,,,,,,,,,FALSE,
ELEC,NBPA LIBERTY L2 (2),600 Liberty Avenue,,North Bergen,NJ,7047,,888-758-4389,E,,Public,24 hours daily,,,,,,2,,,ChargePoint Network,https://www.chargepoint.com,GPS,40.759991,-74.050012,8/26/2026,323054,2026-08-26 02:27:59 UTC,,,,12/20/2023,,,,,J1772,US,,,,Public,,public,,,,,,,,,,,,,,,,,,,,FALSE,,,,,,,,,FALSE,
ELEC,TOTOWA701 CHARGER #3,701 Union Blvd,Building B,Totowa,NJ,7512,,888-758-4389,E,,Public,24 hours daily,,,,,,2,,,ChargePoint Network,https://www.chargepoint.com,GPS,40.891468,-74.23028,8/26/2026,323067,2026-08-26 02:29:12 UTC,,,,12/20/2023,,,,,J1772,US,,,,Public,,public,,,,,,,,,,,,,,,,,,,,FALSE,,,,,,,,,FALSE,
ELEC,TOTOWA701 CHARGER #4,701 Union Blvd,Building B,Totowa,NJ,7512,,888-758-4389,E,,Public,24 hours daily,,,,,,2,,,ChargePoint Network,https://www.chargepoint.com,GPS,40.891579,-74.230272,8/26/2026,323068,2026-08-26 02:29:12 UTC,,,,12/20/2023,,,,,J1772,US,,,,Public,,public,,,,,,,,,,,,,,,,,,,,FALSE,,,,,,,,,FALSE,
ELEC,TOWN OF NEWTON NEWTON DC2,36 Trinity St,In corner of parking lot,Newton,NJ,7860,,888-758-4389,E,,Public,24 hours daily,,,,,,,1,,ChargePoint Network,https://www.chargepoint.com,GPS,41.057784,-74.750533,8/26/2026,323071,2026-08-26 02:29:29 UTC,,,,12/20/2023,,,,,CHADEMO J1772COMBO,US,,,,Public,,public,,,,,,,,,,,,,,,,,,,,FALSE,,,,,,,,,FALSE,
ELEC,TOWN OF NEWTON NEWTON DC1,36 Trinity St,In corner of parking lot,Newton,NJ,7860,,888-758-4389,E,,Public,24 hours daily,,,,,,,1,,ChargePoint Network,https://www.chargepoint.com,GPS,41.057818,-74.750576,8/26/2026,323072,2026-08-26 02:29:29 UTC,,,,12/20/2023,,,,,CHADEMO J1772COMBO,US,,,,Public,,public,,,,,,,,,,,,,,,,,,,,FALSE,,,,,,,,,FALSE,
ELEC,NBPA LIBERTY L2 (1),600 Liberty Avenue,Located on left side of lot,North Bergen,NJ,7047,,888-758-4389,E,,Public,24 hours daily,,,,,,2,,,ChargePoint Network,https://www.chargepoint.com,GPS,40.760003,-74.050057,8/26/2026,323139,2026-08-26 02:27:59 UTC,,,,12/21/2023,,,,,J1772,US,,,,Public,,public,,,,,,,,,,,,,,,,,,,,FALSE,,,,,,,,,FALSE,
ELEC,ESSEX COUNTY ZOO DC 2 SECOND,560 Northfield Avenue SECOND DECK,"TBZ Parking Deck #2, Ground level to the right",West Orange,NJ,7052,,888-758-4389,E,,Public,24 hours daily,,,,,,,1,,ChargePoint Network,https://www.chargepoint.com,GPS,40.768276,-74.281535,8/26/2026,323149,2026-08-26 02:29:33 UTC,,,,12/21/2023,,,,,CHADEMO J1772COMBO,US,,,,Public,,public,,,,,,,,,,,,,,,,,,,,FALSE,,,,,,,,,FALSE,
ELEC,AAF AAF POINT L2 #1,3306 Bridge Ave,Along Bridge Ave. Left Station,Point Pleasant,NJ,8742,,888-758-4389,E,,Public,24 hours daily,,,,,,2,,,ChargePoint Network,https://www.chargepoint.com,GPS,40.080906,-74.08857,8/26/2026,323305,2026-08-26 02:26:22 UTC,,,,12/22/2023,,,,,J1772,US,,,,Public,,public,,,,,,,,,,,,,,,,,,,,FALSE,,,,,,,,,FALSE,
ELEC,AAF AAF POINT L2 #3,3306 Bridge Ave,Along Bridge Ave. Right Station,Point Pleasant,NJ,8742,,888-758-4389,E,,Public,24 hours daily,,,,,,2,,,ChargePoint Network,https://www.chargepoint.com,GPS,40.080806,-74.088498,8/26/2026,323306,2026-08-26 02:26:22 UTC,,,,12/22/2023,,,,,J1772,US,,,,Public,,public,,,,,,,,,,,,,,,,,,,,FALSE,,,,,,,,,FALSE,
ELEC,Union City - 36th Street Garage,3715 palisade ave,,Union City,NJ,7087,,888-356-8911,E,,Public,24 hours daily,,,,,,2,,,FLO,https://www.flo.com,GPS,40.7738743,-74.0283334,8/26/2026,323615,2026-08-26 04:14:55 UTC,,,,12/29/2023,,,,,J1772,US,,,,Public,,public,,,,,,,,,,,,,,,,,,,,FALSE,,,,,,,,,FALSE,
ELEC,Lotano Speedy & Sons,1415 Hooper Avenue,,Toms River,NJ,8753,,888-998-2546,E,,Public,24 hours daily,,,,,,2,,,Blink Network,https://blinkcharging.com,GPS,39.99253946,-74.17328954,8/26/2026,323792,2026-08-26 00:46:17 UTC,,,,1/3/2024,,,,,J1772,US,,,,Public,,public,,,,,,,,,,,,,,,,,,,,FALSE,,,,,,,,,FALSE,
ELEC,Dunkin,222 Madison Ave,,Morristown,NJ,7960,,888-356-8911,E,,Public,24 hours daily,,,,,,2,,,FLO,https://www.flo.com,GPS,40.7861416,-74.4533001,8/26/2026,324325,2026-08-26 04:14:55 UTC,,,,1/6/2024,,,,,J1772,US,,,,Public,,public,,,,,,,,,,,,,,,,,,,,FALSE,,,,,,,,,FALSE,
ELEC,WW SINCLAIR WW SINCLAIR 2,308 W Taylor Ave,Rear Parking Lot,Wildwood,NJ,8260,,888-758-4389,E,,Public,24 hours daily,,,,,,,1,,ChargePoint Network,https://www.chargepoint.com,GPS,38.986461,-74.82663,8/26/2026,324406,2026-08-26 02:30:40 UTC,,,,1/9/2024,,,,,CHADEMO J1772COMBO,US,,,,Public,,public,,,,,,,,,,,,,,,,,,,,FALSE,,,,,,,,,FALSE,
ELEC,WW SINCLAIR WW SINCLAIR 1,308 W Taylor Ave,Rear Parking Lot,Wildwood,NJ,8260,,888-758-4389,E,,Public,24 hours daily,,,,,,,1,,ChargePoint Network,https://www.chargepoint.com,GPS,38.986507,-74.826581,8/26/2026,324407,2026-08-26 02:30:41 UTC,,,,1/9/2024,,,,,CHADEMO J1772COMBO,US,,,,Public,,public,,,,,,,,,,,,,,,,,,,,FALSE,,,,,,,,,FALSE,
ELEC,TALL OAKS FARM BREWERY,450 Colts Neck Rd,Customer Parking Lot,Farmingdale,NJ,7727,,888-758-4389,E,,Public,24 hours daily,,,,,,2,,,ChargePoint Network,https://www.chargepoint.com,GPS,40.228107,-74.171867,8/26/2026,324954,2026-08-26 02:28:00 UTC,,,,1/10/2024,,,,,J1772,US,,,,Public,,public,,,,,,,,,,,,,,,,,,,,FALSE,,,,,,,,,FALSE,
ELEC,Isles - Mill One,1 North Johnston Avenue,,Hamilton,NJ,8609,,888-356-8911,E,,Public,24 hours daily,,,,,,4,,,FLO,https://www.flo.com,GPS,40.2330561,-74.7341339,8/26/2026,325023,2026-08-26 04:14:56 UTC,,,,1/10/2024,,,,,J1772,US,,,,Public,,public,,,,,,,,,,,,,,,,,,,,FALSE,,,,,,,,,FALSE,
ELEC,Garden Homes - Millbrook Village North,Sunrise Drive,,Edison,NJ,8817,,855-885-9571,E,,Public,24 hours daily,,,,,,4,,,OpConnect,https://opconnect-ev.com,GPS,40.50571,-74.37213,8/26/2026,325086,2026-08-26 03:46:21 UTC,,,,1/11/2024,,,,,J1772,US,,,,Public,,public,,,,,,,,,,,,,,,,,,,,FALSE,,,,,,,,,FALSE,
ELEC,EDGE APTS CHARGER 2,170 Avenue F,Spot 95 &98,Bayonne,NJ,7002,,888-758-4389,E,,Public,24 hours daily,,,,,,2,,,ChargePoint Network,https://www.chargepoint.com,GPS,40.662281,-74.112756,8/26/2026,325273,2026-08-26 01:53:40 UTC,,,,1/12/2024,,,,,J1772,US,,,,Public,,public,,,,,,,,,,,,,,,,,,,,FALSE,,,,,,,,,FALSE,
ELEC,EASTMAN MGT3 TOWER 1,83 Hanover Road,to the left side of the main entrance,Florham Park,NJ,7932,,888-758-4389,E,,Public,24 hours daily,,,,,,2,,,ChargePoint Network,https://www.chargepoint.com,GPS,40.796129,-74.375618,8/26/2026,325320,2026-08-26 02:30:55 UTC,,,,1/12/2024,,,,,J1772,US,,,,Public,,public,,,,,,,,,,,,,,,,,,,,FALSE,,,,,,,,,FALSE,
ELEC,EASTMAN MGT3 TOWER 2,83 Hanover Road,to the left side of the main entrance,Florham Park,NJ,7932,,888-758-4389,E,,Public,24 hours daily,,,,,,2,,,ChargePoint Network,https://www.chargepoint.com,GPS,40.796184,-74.375645,8/26/2026,325321,2026-08-26 02:30:55 UTC,,,,1/12/2024,,,,,J1772,US,,,,Public,,public,,,,,,,,,,,,,,,,,,,,FALSE,,,,,,,,,FALSE,
ELEC,Joyce Honda - Used Car Lot,3166 New Jersey 10,,Denville,NJ,7834,,888-998-2546,E,,Public,Mon: 8:00am-9:00pm; Tue: 8:00am-9:00pm; Wed: 8:00am-9:00pm; Thu: 8:00am-9:00pm; Fri: 8:00am-9:00pm; Sat: 8:00am-6:00pm; Sun: 12:00am-12:00am,,,,,,,2,,Blink Network,https://blinkcharging.com,GPS,40.87294632,-74.5223523,8/26/2026,325361,2026-08-26 00:30:00 UTC,,,,1/12/2024,,,,,J1772COMBO,US,,,,Public,,public,,,,,,,,,,,,,,,,,,,,FALSE,,,,,,,,,FALSE,
ELEC,"Taubman The Mall at Short Hills (Short Hills, NJ)",1200 Morris Turnpike,,Short Hills,NJ,7078,,833-632-2778,E,,Public,24 hours daily,,,,,,,6,,Electrify America,https://www.electrifyamerica.com,GPS,40.7381,-74.36379,8/26/2026,325510,2026-08-26 03:38:37 UTC,,,,1/17/2024,,,,,J1772COMBO,US,,,,Public,,public,,,,,,,,,,,,,,,,,,,,FALSE,,,,,,,,,FALSE,
ELEC,SWTCH Energy Inc.,78 John Miller Way,,Kearny,NJ,7032,,844-798-2438,E,,Public,24 hours daily,A D Debit M V,,,,,6,,,SWTCH,https://swtchenergy.com,GPS,40.7243,-74.1095,2/12/2024,325953,2025-02-12 00:16:32 UTC,P,,,1/8/2024,,,,,J1772,US,,,,Public,,public,,,PARKING_LOT,,,,,,,,,,,,,,,,,FALSE,,,,,,,,,FALSE,
ELEC,SWTCH Energy Inc.,355 US 46,,Little-Falls,NJ,7424,,844-798-2438,T,4/1/2024,TEMPORARILY UNAVAILABLE (Public),24 hours daily,A D Debit M V,,,,,6,,,SWTCH,https://swtchenergy.com,GPS,40.8724,-74.1942,2/12/2024,326001,2025-02-12 00:16:32 UTC,P,,,12/9/2023,,,,,J1772,US,,,,TEMPORAIREMENT SUSPENDU (Public),,public,,,FUEL_RESELLER,,,,,,,$0.6/kWh,,,,,,,,,,FALSE,,,,,,,,,FALSE,
ELEC,Precision Acura of Princeton,3001 U.S. 1,,Lawrence Township,NJ,8648,,888-998-2546,E,,Public,Mon: 7:00am-7:00pm; Tue: 7:00am-7:00pm; Wed: 7:00am-7:00pm; Thu: 7:00am-7:00pm; Fri: 7:00am-7:00pm; Sat: 8:00am-5:00pm; Sun: 12:00am-12:00am,,,,,,1,3,,Blink Network,https://blinkcharging.com,GPS,40.27699221,-74.70515327,8/26/2026,326191,2026-08-26 00:19:07 UTC,,,,1/18/2024,,,,,J1772 J1772COMBO,US,,,,Public,,public,,,,,,,,,,,,,,,,,,,,FALSE,,,,,,,,,FALSE,
ELEC,MONROE CROSSING MONROE CROSSING,200 Joan Warren Way,Starbucks,Monroe Township,NJ,8831,,888-758-4389,E,,Public,24 hours daily,,,,,,2,,,ChargePoint Network,https://www.chargepoint.com,GPS,40.268842,-74.47662,8/26/2026,326299,2026-08-26 02:27:03 UTC,,,,1/23/2024,,,,,J1772,US,,,,Public,,public,,,,,,,,,,,,,,,,,,,,FALSE,,,,,,,,,FALSE,
ELEC,LESTER GLENN HY LG HYUNDAI SVC1,386 New Jersey 37,SERVICE PARKING LOT,Toms River,NJ,8753,,888-758-4389,E,,Public,24 hours daily,,,,,,,1,,ChargePoint Network,https://www.chargepoint.com,GPS,39.958573,-74.170085,8/26/2026,326470,2026-08-26 02:31:29 UTC,,,,1/24/2024,,,,,CHADEMO J1772COMBO,US,,,,Public,,public,,,,,,,,,,,,,,,,,,,,FALSE,,,,,,,,,FALSE,
ELEC,LESTER GLENN HY LG HYUNDAI SVC2,386 New Jersey 37,SERVICE PARKING LOT,Toms River,NJ,8753,,888-758-4389,E,,Public,24 hours daily,,,,,,,1,,ChargePoint Network,https://www.chargepoint.com,GPS,39.958686,-74.170122,8/26/2026,326478,2026-08-26 02:31:30 UTC,,,,1/24/2024,,,,,CHADEMO J1772COMBO,US,,,,Public,,public,,,,,,,,,,,,,,,,,,,,FALSE,,,,,,,,,FALSE,
ELEC,NJ REALTORS NJR TRENTON,10 Hamilton Ave,"Hamilton Ave and Broad Street, read of NJ Relators Building",Trenton,NJ,8611,,888-758-4389,E,,Public,24 hours daily,,,,,,2,,,ChargePoint Network,https://www.chargepoint.com,GPS,40.213297,-74.758802,8/26/2026,326569,2026-08-26 02:31:25 UTC,,,,1/25/2024,,,,,J1772,US,,,,Public,,public,,,,,,,,,,,,,,,,,,,,FALSE,,,,,,,,,FALSE,
ELEC,Honda of Mahwah Service,99 Franklin Turnpike,,Mahwah,NJ,7430,,888-998-2546,E,,Public,24 hours daily,,,,,,3,,,Blink Network,https://blinkcharging.com,GPS,41.100495,-74.146356,8/26/2026,326939,2026-08-26 00:31:49 UTC,,,,11/29/2023,,,,,J1772,US,,,,Public,,public,,,,,,,,,,,,,,,,,,,,FALSE,,,,,,,,,FALSE,
ELEC,Honda of Mahwah Sales,345 New Jersey 17,,Mahwah,NJ,7430,,888-998-2546,E,,Public,24 hours daily,,,,,,3,2,,Blink Network,https://blinkcharging.com,GPS,41.08633,-74.15084,8/26/2026,326943,2026-08-26 00:43:20 UTC,,,,10/11/2023,,,,,CHADEMO J1772 J1772COMBO,US,,,,Public,,public,,,,,,,,,,,,,,,,,,,,FALSE,,,,,,,,,FALSE,
ELEC,MICKEYS EV MICKEY'S,327 E Main St,,Tuckerton,NJ,8087,,888-758-4389,E,,Public,24 hours daily,,,,,,2,,,ChargePoint Network,https://www.chargepoint.com,GPS,39.60548,-74.331804,8/26/2026,326993,2026-08-26 02:31:36 UTC,,,,1/30/2024,,,,,J1772,US,,,,Public,,public,,,,,,,,,,,,,,,,,,,,FALSE,,,,,,,,,FALSE,
ELEC,LIBERTY HYUNDAI LIBERTY FAST 1,305 New Jersey 17,,Mahwah,NJ,7430,,888-758-4389,E,,Public,24 hours daily,,,,,,,1,,ChargePoint Network,https://www.chargepoint.com,GPS,41.0887,-74.152412,8/26/2026,327089,2026-08-26 02:31:15 UTC,,,,1/31/2024,,,,,CHADEMO J1772COMBO,US,,,,Public,,public,,,,,,,,,,,,,,,,,,,,FALSE,,,,,,,,,FALSE,
ELEC,ESSEX COUNTY 320 UNIVERSITY,320 University Avenue Parking Lot basement,Restricted lot. Located on level P-4.,Newark,NJ,7102,,888-758-4389,E,,Public,24 hours daily,,,,,,2,,,ChargePoint Network,https://www.chargepoint.com,GPS,40.735974,-74.176574,8/26/2026,327117,2026-08-26 02:32:00 UTC,,,,1/31/2024,,,,,J1772,US,,,,Public,,public,,,,,,,,,,,,,,,,,,,,FALSE,,,,,,,,,FALSE,
ELEC,DAYTONSHOP LOT 1,2291 U.S. 130,,South Brunswick Township,NJ,8810,,888-758-4389,E,,Public,24 hours daily,,,,,,,1,,ChargePoint Network,https://www.chargepoint.com,GPS,40.376382,-74.502296,8/26/2026,327220,2026-08-26 02:32:06 UTC,,,,2/1/2024,,,,,J1772COMBO TESLA,US,,,,Public,,public,,,,,,,,,,,,,,,,,,,,FALSE,,,,,,,,,FALSE,
ELEC,"Allamuchy, NJ - Tesla Supercharger",517 PV Mall,,Allamuchy,NJ,7820,,877-798-3752,E,,Public,24 hours daily. NACS partner enabled.,A D Debit M V,,,,,,12,,Tesla,https://www.tesla.com/supercharger,GPS,40.904661,-74.822836,6/18/2026,327429,2026-06-18 14:46:21 UTC,P,,,1/26/2024,,,,,TESLA,US,,,,Public,,public,,,SHOPPING_CENTER,,,,,,,,,,,,,,,,,FALSE,,,,,,,,LD,FALSE,
ELEC,LIBERTY HYUNDAI FAST 2,305 New Jersey 17,The station is in the right side of the building,Mahwah,NJ,7430,,888-758-4389,E,,Public,24 hours daily,,,,,,,1,,ChargePoint Network,https://www.chargepoint.com,GPS,41.088705,-74.152451,8/26/2026,327551,2026-08-26 02:31:15 UTC,,,,2/6/2024,,,,,CHADEMO J1772COMBO,US,,,,Public,,public,,,,,,,,,,,,,,,,,,,,FALSE,,,,,,,,,FALSE,
ELEC,661 WASHINGTON CITY HALL PS2,661 Washington Street,In parking lot behind new firehouse,Cape May,NJ,8204,,888-758-4389,E,,Public,24 hours daily,,,,,,2,,,ChargePoint Network,https://www.chargepoint.com,GPS,38.934682,-74.920384,8/26/2026,327718,2026-08-26 02:32:26 UTC,,,,2/7/2024,,,,,J1772,US,,,,Public,,public,,,,,,,,,,,,,,,,,,,,FALSE,,,,,,,,,FALSE,
ELEC,661 WASHINGTON WELCOMECNTR DC1,611 Lafayette Street,Don't forget to pay for parking in season.,Cape May,NJ,8204,,888-758-4389,E,,Public,24 hours daily,,,,,,,1,,ChargePoint Network,https://www.chargepoint.com,GPS,38.935011,-74.922172,8/26/2026,327720,2026-08-26 02:32:26 UTC,,,,2/7/2024,,,,,CHADEMO J1772COMBO,US,,,,Public,,public,,,,,,,,,,,,,,,,,,,,FALSE,,,,,,,,,FALSE,
ELEC,661 WASHINGTON WELCOMECNTR PS2,611 Lafayette Street,Welcome Center parking lot. Don't forget to pay for parking in season.,Cape May,NJ,8204,,888-758-4389,E,,Public,24 hours daily,,,,,,2,,,ChargePoint Network,https://www.chargepoint.com,GPS,38.935087,-74.922299,8/26/2026,327721,2026-08-26 02:32:27 UTC,,,,2/7/2024,,,,,J1772,US,,,,Public,,public,,,,,,,,,,,,,,,,,,,,FALSE,,,,,,,,,FALSE,
ELEC,661 WASHINGTON WELCOME DC2,611 Lafayette Street,In Welcome Center parking lot. Don't forget to pay for parking in season.,Cape May,NJ,8204,,888-758-4389,E,,Public,24 hours daily,,,,,,,1,,ChargePoint Network,https://www.chargepoint.com,GPS,38.935083,-74.922251,8/26/2026,327722,2026-08-26 02:32:27 UTC,,,,2/7/2024,,,,,CHADEMO J1772COMBO,US,,,,Public,,public,,,,,,,,,,,,,,,,,,,,FALSE,,,,,,,,,FALSE,
ELEC,661 WASHINGTON WELCOMECNTR PS1,611 Lafayette Street,Welcome Center parking lot. Don't forget to pay for parking in season.,Cape May,NJ,8204,,888-758-4389,E,,Public,24 hours daily,,,,,,2,,,ChargePoint Network,https://www.chargepoint.com,GPS,38.935188,-74.922342,8/26/2026,327723,2026-08-26 02:32:27 UTC,,,,2/7/2024,,,,,J1772,US,,,,Public,,public,,,,,,,,,,,,,,,,,,,,FALSE,,,,,,,,,FALSE,
ELEC,661 WASHINGTON CITY HALL PS1,661 Washington Street,Parking lot behind new fire house parking,Cape May,NJ,8204,,888-758-4389,E,,Public,24 hours daily,,,,,,2,,,ChargePoint Network,https://www.chargepoint.com,GPS,38.934651,-74.920338,8/26/2026,327990,2026-08-26 02:32:26 UTC,,,,2/9/2024,,,,,J1772,US,,,,Public,,public,,,,,,,,,,,,,,,,,,,,FALSE,,,,,,,,,FALSE,
ELEC,Garden Homes - The Dayton,150 South Broad Street,,Ridgewood,NJ,7450,,855-885-9571,E,,Public,24 hours daily,,,,,,4,,,OpConnect,https://opconnect-ev.com,GPS,40.9776687,-74.1216201,8/26/2026,328171,2026-08-26 03:46:22 UTC,,,,2/10/2024,,,,,J1772,US,,,,Public,,public,,,,,,,,,,,,,,,,,,,,FALSE,,,,,,,,,FALSE,
ELEC,J&J B700,700 U.S. 202,,Raritan,NJ,8869,,888-998-2546,E,,Public,24 hours daily,,,,,,2,,,Blink Network,https://blinkcharging.com,GPS,40.574778,-74.641421,8/26/2026,328202,2026-08-26 00:39:49 UTC,,,,11/15/2023,,,,,J1772,US,,,,Public,,public,,,,,,,,,,,,,,,,,,,,FALSE,,,,,,,,,FALSE,
ELEC,Aero Corp (Piscataway),1354 Stelton Rd,,Piscataway,NJ,8854,,,E,,Private,24 hours daily,A D M V,,,,,2,,,TURNONGREEN,https://turnongreen.com,200-8,40.53953,-74.42301,12/12/2025,328421,2026-02-02 23:16:24 UTC,P,,,12/1/2022,,,,,J1772,US,,,,Privé,,private,,,FLEET_GARAGE,,,,,,,,,,,,,,,,,,,,,,,,,HD,FALSE,
ELEC,Harclay House,299 South Harrison Street,,East Orange,NJ,7018,,888-998-2546,E,,Public,24 hours daily,,,,,,2,,,Blink Network,https://blinkcharging.com,GPS,40.76014859,-74.22908593,8/26/2026,328787,2026-08-26 00:12:11 UTC,,,,2/20/2024,,,,,J1772,US,,,,Public,,public,,,,,,,,,,,,,,,,,,,,FALSE,,,,,,,,,FALSE,
ELEC,The Mall at Short Hills,1200 Morris Turnpike,,Short Hills,NJ,7078,,877-455-3833,E,,Public,Mon: 9:00am-10:00pm; Tue: 9:00am-10:00pm; Wed: 9:00am-10:00pm; Thu: 9:00am-10:00pm; Fri: 9:00am-10:00pm; Sat: 9:00am-10:00pm; Sun: 9:00am-10:00pm,,,,,,,8,,eVgo Network,https://www.evgo.com,GPS,40.74004,-74.3637,8/25/2026,328891,2026-08-25 23:57:48 UTC,,,,2/21/2024,,,,,CHADEMO J1772COMBO,US,,,,Public,,public,,,,,,,,,,,,,,,,,,,,FALSE,,,,,,,,,FALSE,
ELEC,CFA 01494 DEPTFORD #1,1480 Clements Bridge Road,Located just outside drive through pick-up lane,Deptford,NJ,8096,,888-758-4389,E,,Public,24 hours daily,,,,,,2,,,ChargePoint Network,https://www.chargepoint.com,GPS,39.831068,-75.107409,8/26/2026,329236,2026-08-26 02:33:26 UTC,,,,2/24/2024,,,,,J1772,US,,,,Public,,public,,,,,,,,,,,,,,,,,,,,FALSE,,,,,,,,,FALSE,
ELEC,Barron's Gate,609 Duke Drive,,Woodbridge,NJ,7095,,888-356-8911,E,,Public,24 hours daily,,,,,,4,,,FLO,https://www.flo.com,GPS,40.570101,-74.269648,8/26/2026,329274,2026-08-26 04:14:59 UTC,,,,2/24/2024,,,,,J1772,US,,,,Public,,public,,,,,,,,,,,,,,,,,,,,FALSE,,,,,,,,,FALSE,
ELEC,Heritage Court 210,210 Silvia Street,,Ewing Township,NJ,8628,,888-998-2546,E,,Public,24 hours daily,,,,,,14,,,Blink Network,https://blinkcharging.com,GPS,40.25872961,-74.81395506,8/26/2026,329309,2026-08-26 00:40:50 UTC,,,,2/26/2024,,,,,J1772,US,,,,Public,,public,,,,,,,,,,,,,,,,,,,,FALSE,,,,,,,,,FALSE,
ELEC,MAXONEXPRESS SALES FRONT,2329 US-22,,Union,NJ,7083,,888-758-4389,E,,Public,24 hours daily,,,,,,,1,,ChargePoint Network,https://www.chargepoint.com,GPS,40.691319,-74.292612,8/26/2026,329501,2026-08-26 02:14:26 UTC,,,,2/29/2024,,,,,CHADEMO J1772COMBO,US,,,,Public,,public,,,,,,,,,,,,,,,,,,,,FALSE,,,,,,,,,FALSE,
ELEC,69 Hamburg Turnpike,69 Hamburg Turnpike,,Riverdale,NJ,7457,,888-356-8911,E,,Public,24 hours daily,,,,,,1,,,FLO,https://www.flo.com,GPS,40.9981933,-74.3040996,8/26/2026,329590,2026-08-26 04:15:00 UTC,,,,2/29/2024,,,,,J1772,US,,,,Public,,public,,,,,,,,,,,,,,,,,,,,FALSE,,,,,,,,,FALSE,
ELEC,Garden Homes - Kinnelon Ridge,2 Stockton Dr,,Kinnelon,NJ,7405,,855-885-9571,P,3/2/2024,PLANNED - not yet accessible (Public),24 hours daily,,,,,,4,,,OpConnect,https://opconnect-ev.com,GPS,41.0064282,-74.3638791,8/26/2026,329737,2026-08-26 03:46:40 UTC,,,,3/2/2024,,,,,J1772,US,,,,PRÉVU - pas encore accessible (Public),,public,,,,,,,,,,,,,,,,,,,,FALSE,,,,,,,,,FALSE,
ELEC,Garden Homes - Powder Mill Heights,2110 Gates Court,,Morris Plains,NJ,7950,,855-885-9571,P,3/5/2024,PLANNED - not yet accessible (Public),24 hours daily,,,,,,8,,,OpConnect,https://opconnect-ev.com,GPS,40.848238,-74.4858076,8/26/2026,329826,2026-08-26 03:46:22 UTC,,,,3/5/2024,,,,,J1772,US,,,,PRÉVU - pas encore accessible (Public),,public,,,,,,,,,,,,,,,,,,,,FALSE,,,,,,,,,FALSE,
ELEC,Garden Homes - Mountain View Gardens,99 Hillside Avenue,,Springfield,NJ,7081,,855-885-9571,E,,Public,24 hours daily,,,,,,4,,,OpConnect,https://opconnect-ev.com,GPS,40.6870332,-74.3239205,8/26/2026,329934,2026-08-26 03:46:22 UTC,,,,3/6/2024,,,,,J1772,US,,,,Public,,public,,,,,,,,,,,,,,,,,,,,FALSE,,,,,,,,,FALSE,
ELEC,Brookside Manor Group,1025 Raritan Road,,Clark,NJ,7066,,888-998-2546,E,,Public,24 hours daily,,,,,,8,,,Blink Network,https://blinkcharging.com,GPS,40.62647364,-74.31562993,8/26/2026,329966,2026-08-26 00:29:15 UTC,,,,8/2/2023,,,,,J1772,US,,,,Public,,public,,,,,,,,,,,,,,,,,,,,FALSE,,,,,,,,,FALSE,
ELEC,DORIC APARTMENT PUBLIC CHARGER,100 Manhattan Ave,- Space 17 & 18,Union City,NJ,7087,,888-758-4389,E,,Public,24 hours daily,,,,,,2,,,ChargePoint Network,https://www.chargepoint.com,GPS,40.752028,-74.037227,8/26/2026,330605,2026-08-26 02:34:14 UTC,,,,3/15/2024,,,,,J1772,US,,,,Public,,public,,,,,,,,,,,,,,,,,,,,FALSE,,,,,,,,,FALSE,
ELEC,KCC KCC,188 Knickerbocker Rd,,Tenafly,NJ,7670,,888-758-4389,E,,Public,24 hours daily,,,,,,2,,,ChargePoint Network,https://www.chargepoint.com,GPS,40.917696,-73.978136,8/26/2026,330687,2026-08-26 01:08:41 UTC,,,,3/17/2024,,,,,J1772,US,,,,Public,,public,,,,,,,,,,,,,,,,,,,,FALSE,,,,,,,,,FALSE,
ELEC,Powers Electric Parking,26 Newark Way,,Maplewood,NJ,7040,,888-356-8911,E,,Public,24 hours daily,,,,,,2,,,FLO,https://www.flo.com,GPS,40.718493,-74.257879,8/26/2026,330753,2026-08-26 04:15:01 UTC,,,,3/17/2024,,,,,J1772,US,,,,Public,,public,,,,,,,,,,,,,,,,,,,,FALSE,,,,,,,,,FALSE,
ELEC,MANAHAWKIN KIA MKIA,270 New Jersey 72,BLDG,Stafford Township,NJ,8050,,888-758-4389,E,,Public,24 hours daily,,,,,,,1,,ChargePoint Network,https://www.chargepoint.com,GPS,39.690033,-74.253388,8/26/2026,330904,2026-08-26 02:34:28 UTC,,,,3/21/2024,,,,,J1772COMBO,US,,,,Public,,public,,,,,,,,,,,,,,,,,,,,FALSE,,,,,,,,,FALSE,
ELEC,"Clark, NJ - Tesla Supercharger",36 Valley Rd,,Clark,NJ,7066,,877-798-3752,E,,Public,24 hours daily. Open to all vehicles.,A D Debit M V,,,,,,16,,Tesla,https://www.tesla.com/supercharger,GPS,40.627551,-74.301666,6/18/2026,330974,2026-06-18 14:46:21 UTC,P,,,3/14/2024,,,,,J1772COMBO TESLA,US,,,,Public,,public,,,HOTEL,,,,,,,,,,,,,,,,,FALSE,,,,,,,,LD,FALSE,
ELEC,MATAWAN MATAWAN,558 Lloyd Rd,,Matawan,NJ,7747,,888-758-4389,E,,Public,24 hours daily,,,,,,2,,,ChargePoint Network,https://www.chargepoint.com,GPS,40.422596,-74.211388,8/26/2026,331067,2026-08-26 02:34:49 UTC,,,,3/23/2024,,,,,J1772,US,,,,Public,,public,,,,,,,,,,,,,,,,,,,,FALSE,,,,,,,,,FALSE,
ELEC,CFA 04845 HAMILTON MKT #1,500 Marketplace Blvd,Station is right near entrance.,Hamilton Township,NJ,8691,,888-758-4389,E,,Public,24 hours daily,,,,,,2,,,ChargePoint Network,https://www.chargepoint.com,GPS,40.196039,-74.638076,8/26/2026,331114,2026-08-26 02:35:02 UTC,,,,3/26/2024,,,,,J1772,US,,,,Public,,public,,,,,,,,,,,,,,,,,,,,FALSE,,,,,,,,,FALSE,
ELEC,EAST BRUNSWICK JP - MAIN,645 New Jersey 18,mixed use building,East Brunswick,NJ,8816,,888-758-4389,E,,Public,24 hours daily,,,,,,2,,,ChargePoint Network,https://www.chargepoint.com,GPS,40.430958,-74.38781,8/26/2026,331243,2026-08-26 02:35:17 UTC,,,,3/28/2024,,,,,J1772,US,,,,Public,,public,,,,,,,,,,,,,,,,,,,,FALSE,,,,,,,,,FALSE,
ELEC,"Mahwah, NJ - Tesla Supercharger",280 NJ-17,,Mahwah,NJ,7430,,877-798-3752,E,,Public,24 hours daily. Open to all vehicles.,A D Debit M V,,,,,,8,,Tesla,https://www.tesla.com/supercharger,GPS,41.090124,-74.155257,6/18/2026,331355,2026-06-18 14:46:21 UTC,P,,,3/26/2024,,,,,J1772COMBO TESLA,US,,,,Public,,public,,,GAS_STATION,,,,,,,,,,,,,,,,,FALSE,,,,,,,,LD,FALSE,
ELEC,NJ-400SYL-ENCL,400 Sylvan Ave,,Englewood Cliffs,NJ,7632,,833-539-5471,E,,Public,24 hours daily,ANDROID_PAY APPLE_PAY CREDIT,,,,,4,,,Non-Networked,,200-8,40.87568,-73.95302,5/9/2024,331401,2025-02-12 00:16:32 UTC,P,,,9/1/2023,,,,,J1772,US,,,,Public,,public,,,RETAIL,,,,,,,,,,,,,,,,,FALSE,,,,,,,,LD,FALSE,
ELEC,NJ-504LIV-NORW,504 Livingston St,,Norwood,NJ,7648,,833-539-5471,E,,Public,24 hours daily,ANDROID_PAY APPLE_PAY CREDIT,,,,,4,,,Non-Networked,,200-8,40.99852,-73.95386,5/9/2024,331402,2025-02-12 00:16:32 UTC,P,,,9/1/2023,,,,,J1772,US,,,,Public,,public,,,RETAIL,,,,,,,,,,,,,,,,,FALSE,,,,,,,,LD,FALSE,
ELEC,NJ-377SUM-EBRU,377 Summerhill Rd,,East Brunswick,NJ,8816,,833-539-5471,E,,Public,24 hours daily,ANDROID_PAY APPLE_PAY CREDIT,,,,,4,,,Non-Networked,,200-8,40.40773,-74.38813,4/14/2024,331403,2025-02-12 00:16:32 UTC,P,,,9/1/2023,,,,,J1772,US,,,,Public,,public,,,PHARMACY,,,,,,,,,,,,,,,,,FALSE,,,,,,,,LD,FALSE,
ELEC,NJ-102STA-EAAM,102 Star Dr,,Eastampton Township,NJ,8060,,833-539-5471,E,,Public,24 hours daily,ANDROID_PAY APPLE_PAY CREDIT,,,,,4,,,Non-Networked,,200-8,40.00246,-74.74866,4/14/2024,331404,2025-02-12 00:16:32 UTC,P,,,9/1/2023,,,,,J1772,US,,,,Public,,public,,,MULTI_UNIT_DWELLING,,,,,,,,,,,,,,,,,FALSE,,,,,,,,LD,FALSE,
ELEC,Medford Cornerstone Urban Renewal,370 Stokes Road,,Medford,NJ,8055,,888-998-2546,E,,Public,24 hours daily,,,,,,4,,,Blink Network,https://blinkcharging.com,GPS,39.88292,-74.82172,8/26/2026,331496,2026-08-26 00:38:56 UTC,,,,12/22/2023,,,,,J1772,US,,,,Public,,public,,,,,,,,,,,,,,,,,,,,FALSE,,,,,,,,,FALSE,
ELEC,PARK AVE ACURA PA_ACURA_CP6021,194 NJ-17,,Rochelle Park,NJ,7662,,888-758-4389,E,,Public,24 hours daily,,,,,,2,,,ChargePoint Network,https://www.chargepoint.com,GPS,40.904333,-74.072365,8/26/2026,331504,2026-08-26 02:26:19 UTC,,,,4/2/2024,,,,,J1772,US,,,,Public,,public,,,,,,,,,,,,,,,,,,,,FALSE,,,,,,,,,FALSE,
ELEC,FIRST PRES CH LEFT,150 East Palisade Avenue,Upper parking lot near Dwight Place entrance,Englewood,NJ,7631,,888-758-4389,E,,Public,24 hours daily,,,,,,2,,,ChargePoint Network,https://www.chargepoint.com,GPS,40.890111,-73.971076,8/26/2026,331769,2026-08-26 02:35:28 UTC,,,,4/5/2024,,,,,J1772,US,,,,Public,,public,,,,,,,,,,,,,,,,,,,,FALSE,,,,,,,,,FALSE,
ELEC,FIRST PRES CH RIGHT,150 East Palisade Avenue,Upper parking lot near Dwight Place entrance,Englewood,NJ,7631,,888-758-4389,E,,Public,24 hours daily,,,,,,2,,,ChargePoint Network,https://www.chargepoint.com,GPS,40.890058,-73.970988,8/26/2026,331770,2026-08-26 02:35:28 UTC,,,,4/5/2024,,,,,J1772,US,,,,Public,,public,,,,,,,,,,,,,,,,,,,,FALSE,,,,,,,,,FALSE,
ELEC,EAST BRUNSWICK JP - COMCAST-2,645 NJ-18,,East Brunswick,NJ,8816,,888-758-4389,E,,Public,24 hours daily,,,,,,2,,,ChargePoint Network,https://www.chargepoint.com,GPS,40.431361,-74.386793,8/26/2026,331846,2026-08-26 01:53:38 UTC,,,,4/6/2024,,,,,J1772,US,,,,Public,,public,,,,,,,,,,,,,,,,,,,,FALSE,,,,,,,,,FALSE,
ELEC,EAST BRUNSWICK JP - COMCAST-1,645 Route 18,,East Brunswick,NJ,8816,,888-758-4389,E,,Public,24 hours daily,,,,,,2,,,ChargePoint Network,https://www.chargepoint.com,GPS,40.43141,-74.387,8/26/2026,331847,2026-08-26 01:53:41 UTC,,,,4/6/2024,,,,,J1772,US,,,,Public,,public,,,,,,,,,,,,,,,,,,,,FALSE,,,,,,,,,FALSE,
ELEC,"Carneys Point, NJ - Tesla Supercharger",327 Slapes Corner Rd,,Carneys Point,NJ,8069,,877-798-3752,E,,Public,24 hours daily. NACS partner enabled.,A D Debit M V,,,,,,12,,Tesla,https://www.tesla.com/supercharger,GPS,39.685105,-75.483389,6/18/2026,332096,2026-06-18 14:46:21 UTC,P,,,4/2/2024,,,,,TESLA,US,,,,Public,,public,,,GAS_STATION,,,,,,,,,,,,,,,,,FALSE,,,,,,,,LD,FALSE,
ELEC,"East Rutherford, NJ (Pay to Park, Level D) - Tesla Destination",1 American Dream Way,,East Rutherford,NJ,7073,,877-798-3752,E,,Public,,A D Debit M V,,,,,12,,,Tesla Destination,https://www.tesla.com/destination-charging,GPS,40.811472,-74.064722,7/1/2024,332099,2025-05-06 21:10:23 UTC,P,,,4/11/2024,,,,,J1772 TESLA,US,,,,Public,,public,,,PARKING_GARAGE,,,,,,,,,,,,,,,,,FALSE,,,,,,,,LD,FALSE,
ELEC,QUICKCHEK CP-QC186-1,3483 U.S. 22,Parking Lot,Whitehouse station,NJ,8889,,888-758-4389,E,,Public,24 hours daily,,,,,,,1,,ChargePoint Network,https://www.chargepoint.com,GPS,40.609647,-74.716165,8/26/2026,332125,2026-08-26 02:36:00 UTC,,,,4/12/2024,,,,,CHADEMO J1772COMBO,US,,,,Public,,public,,,,,,,,,,,,,,,,,,,,FALSE,,,,,,,,,FALSE,
ELEC,QUICKCHEK CP- QC186-2,3483 U.S. 22,Parking Lot,Whitehouse Station,NJ,8889,,888-758-4389,E,,Public,24 hours daily,,,,,,,1,,ChargePoint Network,https://www.chargepoint.com,GPS,40.609754,-74.715985,8/26/2026,332126,2026-08-26 02:36:00 UTC,,,,4/12/2024,,,,,CHADEMO J1772COMBO,US,,,,Public,,public,,,,,,,,,,,,,,,,,,,,FALSE,,,,,,,,,FALSE,
ELEC,CS LEVEL1-2,140 E Ridgewood Ave,,Paramus,NJ,7652,,888-758-4389,E,,Public,24 hours daily,,,,,,2,,,ChargePoint Network,https://www.chargepoint.com,GPS,40.964098,-74.06986,8/26/2026,332186,2026-08-26 02:35:08 UTC,,,,4/13/2024,,,,,J1772,US,,,,Public,,public,,,,,,,,,,,,,,,,,,,,FALSE,,,,,,,,,FALSE,
ELEC,PAC AUTOMOTIVE SHOWROOM,1118 Ocean Ave,Toyota parking lot,Lakewood,NJ,8701,,888-758-4389,E,,Public,24 hours daily,,,,,,2,,,ChargePoint Network,https://www.chargepoint.com,GPS,40.08329,-74.173626,8/26/2026,332320,2026-08-26 02:31:55 UTC,,,,4/16/2024,,,,,J1772,US,,,,Public,,public,,,,,,,,,,,,,,,,,,,,FALSE,,,,,,,,,FALSE,
ELEC,LIBERTY TOYOTA STATION 1,4397 U.S. 130,,Burlington,NJ,8016,,888-758-4389,E,,Public,24 hours daily,,,,,,,1,,ChargePoint Network,https://www.chargepoint.com,GPS,40.057986,-74.88676,8/26/2026,332325,2026-08-26 02:35:31 UTC,,,,4/16/2024,,,,,CHADEMO J1772COMBO,US,,,,Public,,public,,,,,,,,,,,,,,,,,,,,FALSE,,,,,,,,,FALSE,
ELEC,LIBERTY TOYOTA STATION 2,4397 U.S. 130,,Burlington,NJ,8016,,888-758-4389,E,,Public,24 hours daily,,,,,,,1,,ChargePoint Network,https://www.chargepoint.com,GPS,40.057944,-74.886812,8/26/2026,332326,2026-08-26 02:35:31 UTC,,,,4/16/2024,,,,,CHADEMO J1772COMBO,US,,,,Public,,public,,,,,,,,,,,,,,,,,,,,FALSE,,,,,,,,,FALSE,
ELEC,Jack Daniels Audi VW,180 Route 4,,Paramus,NJ,7652,,888-998-2546,E,,Public,24 hours daily,,,,,,4,,,Blink Network,https://blinkcharging.com,GPS,40.92440388,-74.08759524,8/26/2026,332447,2026-08-26 00:47:55 UTC,,,,4/16/2024,,,,,J1772,US,,,,Public,,public,,,,,,,,,,,,,,,,,,,,FALSE,,,,,,,,,FALSE,
ELEC,TMARUR STATION 2,10 Mill Road,Next to building at end,Riverside,NJ,8075,,888-758-4389,E,,Public,24 hours daily,,,,,,1,,,ChargePoint Network,https://www.chargepoint.com,GPS,40.036448,-74.961691,8/26/2026,332563,2026-08-26 02:35:26 UTC,,,,4/18/2024,,,,,J1772,US,,,,Public,,public,,,,,,,,,,,,,,,,,,,,FALSE,,,,,,,,,FALSE,
ELEC,TMARUR STATION 1,10 Mill Road,Front of building by sign,Riverside,NJ,8075,,888-758-4389,E,,Public,24 hours daily,,,,,,1,,,ChargePoint Network,https://www.chargepoint.com,GPS,40.036314,-74.96164,8/26/2026,332564,2026-08-26 02:35:26 UTC,,,,4/18/2024,,,,,J1772,US,,,,Public,,public,,,,,,,,,,,,,,,,,,,,FALSE,,,,,,,,,FALSE,
ELEC,Open Road Acura of Wayne,1425 Route 23 South,,Wayne,NJ,7470,,844-226-3873,E,,Public,,,,,,,3,2,,ABM,https://info.abm.com/SimplifyEV,GPS,40.9317063,-74.2699257,8/26/2026,333086,2026-08-26 04:38:20 UTC,,,,4/22/2024,,,,,J1772 J1772COMBO,US,,,,Public,,public,,,,,,,,,,,,,,,,,,,,FALSE,,,,,,,,,FALSE,
ELEC,Park Ave Acura Service,247 West Passaic St,,Maywood,NJ,7435,,844-226-3873,E,,Public,,,,,,,,3,,ABM,https://info.abm.com/SimplifyEV,GPS,40.907272,-74.0685982,8/26/2026,333087,2026-08-26 04:38:21 UTC,,,,4/22/2024,,,,,J1772COMBO,US,,,,Public,,public,,,,,,,,,,,,,,,,,,,,FALSE,,,,,,,,,FALSE,
ELEC,BOARDWALK HONDA CPE250 2,6807 Tilton Rd,,Egg Harbor Township,NJ,8234,,888-758-4389,E,,Public,24 hours daily,,,,,,,1,,ChargePoint Network,https://www.chargepoint.com,GPS,39.392618,-74.559817,8/26/2026,333417,2026-08-26 02:34:45 UTC,,,,4/24/2024,,,,,CHADEMO J1772COMBO,US,,,,Public,,public,,,,,,,,,,,,,,,,,,,,FALSE,,,,,,,,,FALSE,
ELEC,BOARDWALK HONDA CPE250 1,6807 Tilton Rd,,Egg Harbor Township,NJ,8234,,888-758-4389,E,,Public,24 hours daily,,,,,,,1,,ChargePoint Network,https://www.chargepoint.com,GPS,39.392618,-74.559785,8/26/2026,333418,2026-08-26 02:34:46 UTC,,,,4/24/2024,,,,,CHADEMO J1772COMBO,US,,,,Public,,public,,,,,,,,,,,,,,,,,,,,FALSE,,,,,,,,,FALSE,
ELEC,NIELSEN CHEVROLET,1 Route 46 W,,Dover,NJ,7801,,866-816-7584,E,,Public,24 hours daily,,,,,,1,1,,EV Connect,https://www.evconnect.com,GPS,40.886352,-74.563395,8/26/2026,333524,2026-08-26 03:52:11 UTC,,,,4/25/2024,,,,,J1772 J1772COMBO,US,,,,Public,,public,,,,,,,,,,,,,,,,,,,,FALSE,,,,,,,,,FALSE,
ELEC,MANAHAWKIN CDJR SERVICE PARKING,188 New Jersey 72,Past the service drive,Stafford Township,NJ,8050,,888-758-4389,E,,Public,24 hours daily,,,,,,2,,,ChargePoint Network,https://www.chargepoint.com,GPS,39.690985,-74.253408,8/26/2026,333631,2026-08-26 02:36:29 UTC,,,,4/26/2024,,,,,J1772,US,,,,Public,,public,,,,,,,,,,,,,,,,,,,,FALSE,,,,,,,,,FALSE,
ELEC,"Manahawkin, NJ - Tesla Supercharger",209 Stafford Park Blvd,,Stafford Township,NJ,8050,,877-798-3752,E,,Public,24 hours daily. NACS partner enabled.,A D Debit M V,,,,,,12,,Tesla,https://www.tesla.com/supercharger,GPS,39.711783,-74.283943,6/18/2026,333708,2026-06-18 14:46:21 UTC,P,,,5/7/2024,,,,,TESLA,US,,,,Public,,public,,,SHOPPING_CENTER,,,,,,,,,,,,,,,,,FALSE,,,,,,,,LD,FALSE,
ELEC,ENERGY5 Warehouse,100 Pike Rd,,Mt. Laurel Township,NJ,8054,,NA,E,,Public,24 hours daily,A ACCOUNT_BALANCE ANDROID_PAY APPLE_PAY CREDIT D M V,,,,,1,,,Non-Networked,,200-8,39.9782,-74.89616,5/9/2024,333847,2025-06-09 19:21:51 UTC,P,,,6/24/2023,,,,,J1772,US,,,,Public,,public,,,PARKING_LOT,,,,,,,,,,,,,,,,,FALSE,,,,,,,,LD,FALSE,
ELEC,100 Plaza Dr,Plaza Dr,,Secaucus,NJ,7094,,917-274-7217,E,,Public,24 hours daily,,,,,,4,,,EVIUM,https://www.eviumcharging.com,GPS,40.7866934,-74.0460436,8/26/2026,333848,2026-08-26 04:57:39 UTC,,,,5/10/2023,,,,,J1772,US,,,,Public,,public,,,,,,,,,,,,,,,,,,,,FALSE,,,,,,,,,FALSE,
ELEC,Pharma Lab Site,1300 Airport Rd,,North Brunswick Township,NJ,8902,,NA,E,,Public,24 hours daily,A ACCOUNT_BALANCE ANDROID_PAY APPLE_PAY CREDIT D M V,,,,,1,,,Non-Networked,,200-8,40.46733,-74.48662,5/9/2024,333920,2025-02-12 00:16:32 UTC,P,,,7/7/2023,,,,,J1772,US,,,,Public,,public,,,PARKING_LOT,,,,,,,,,,,,,,,,,FALSE,,,,,,,,LD,FALSE,
ELEC,AVALON ASSISTED STATION 2,393 Amwell Road,Handyicapp,Hillsborough Township,NJ,8844,,888-758-4389,E,,Public,24 hours daily,,,,,,1,,,ChargePoint Network,https://www.chargepoint.com,GPS,40.502746,-74.637266,8/26/2026,334275,2026-08-26 02:36:26 UTC,,,,4/30/2024,,,,,J1772,US,,,,Public,,public,,,,,,,,,,,,,,,,,,,,FALSE,,,,,,,,,FALSE,
ELEC,AVALON ASSISTED STATION 1,393 Amwell Road,,Hillsborough Township,NJ,8844,,888-758-4389,E,,Public,24 hours daily,,,,,,2,,,ChargePoint Network,https://www.chargepoint.com,GPS,40.502789,-74.637433,8/26/2026,334276,2026-08-26 02:36:26 UTC,,,,4/30/2024,,,,,J1772,US,,,,Public,,public,,,,,,,,,,,,,,,,,,,,FALSE,,,,,,,,,FALSE,
ELEC,WALDWICK PUBLIC DCFC #1,15 E Prospect St,Municipal Parking Lot,Waldwick,NJ,7463,,888-758-4389,E,,Public,24 hours daily,,,,,,,1,,ChargePoint Network,https://www.chargepoint.com,GPS,41.011293,-74.118392,8/26/2026,334282,2026-08-26 02:36:46 UTC,,,,4/30/2024,,,,,CHADEMO J1772COMBO,US,,,,Public,,public,,,,,,,,,,,,,,,,,,,,FALSE,,,,,,,,,FALSE,
ELEC,WALDWICK PUBLIC DCFC #2,15 E Prospect St,Municipal Parking Lot,Waldwick,NJ,7463,,888-758-4389,E,,Public,24 hours daily,,,,,,,1,,ChargePoint Network,https://www.chargepoint.com,GPS,41.011772,-74.118275,8/26/2026,334283,2026-08-26 02:36:46 UTC,,,,4/30/2024,,,,,CHADEMO J1772COMBO,US,,,,Public,,public,,,,,,,,,,,,,,,,,,,,FALSE,,,,,,,,,FALSE,
ELEC,Manahawkin CDJR,188 New jersey 72,,Manahawkin,NJ,8050,,888-998-2546,E,,Public,24 hours daily,,,,,,,2,,Blink Network,https://blinkcharging.com,GPS,39.690412,-74.254059,8/26/2026,334305,2026-08-26 00:12:46 UTC,,,,4/25/2024,,,,,J1772COMBO,US,,,,Public,,public,,,,,,,,,,,,,,,,,,,,FALSE,,,,,,,,,FALSE,
ELEC,1800 Lakewood Rd,1800 Lakewood Rd,,Toms River,NJ,8755,,888-505-5938,E,,Public,24 hours daily,A CREDIT D Debit M V,,,,,4,,,Non-Networked,,200-8,40.01647,-74.22008,5/9/2024,334359,2025-02-12 00:16:32 UTC,P,,,4/17/2024,,,,,J1772,US,,,,Public,,public,,,SHOPPING_MALL,,,,,,,,,,,,,,,,,FALSE,,,,,,,,LD,FALSE,
ELEC,Township of Ewing Public Charging,1666 Pennington Rd,,Ewing Township,NJ,8618,,833-611-5965,E,,Public,24 hours daily,,,,,,2,,,VIALYNK,https://www.lynkwell.com,GPS,40.25774,-74.7782,8/26/2026,334427,2026-08-26 04:46:59 UTC,,,,5/2/2024,,,,,J1772,US,,,,Public,,public,,,,,,,,,,,,,,,,,,,,FALSE,,,,,,,,,FALSE,
ELEC,194 Wood Ave S,194 S Wood Ave,,Iselin,NJ,8830,,833-611-5965,E,,Public,24 hours daily,,,,,,8,,,VIALYNK,https://www.lynkwell.com,GPS,40.56011,-74.32587,8/26/2026,334531,2026-08-26 04:46:56 UTC,,,,5/2/2024,,,,,J1772,US,,,,Public,,public,,,,,,,,,,,,,,,,,,,,FALSE,,,,,,,,,FALSE,
ELEC,10 Thackery Rd,10 Thackery Rd,,Hainesport,NJ,8036,,,E,,Private,Contact site for information,A ANDROID_PAY APPLE_PAY CREDIT D M,,,,,1,,,AMPUP,https://ampup.io,GPS,39.9654313,-74.8329618,5/9/2024,335391,2026-08-05 18:21:35 UTC,P,,,3/12/2024,,,,,J1772,US,,,,Privé,,private,,,,,,,,,,,,,,,,,,,,,,,,,,,,LD,FALSE,
ELEC,Gsk 597 Graceland Place,597 Graceland Pl,,Westfield,NJ,7090,,,E,,Private,Contact site for information,A ANDROID_PAY APPLE_PAY CREDIT D M,,,,,1,,,AMPUP,https://ampup.io,GPS,40.6451733,-74.3646352,5/9/2024,335409,2026-08-05 18:21:35 UTC,P,,,2/27/2024,,,,,J1772,US,,,,Privé,,private,,,,,,,,,,,,,,,,,,,,,,,,,,,,LD,FALSE,
ELEC,1 Beverly Rd,1 Beverly Rd,,Madison,NJ,7940,,,E,,Private,Contact site for information,A ANDROID_PAY APPLE_PAY CREDIT D M,,,,,1,,,AMPUP,https://ampup.io,GPS,40.7484932,-74.4088906,5/9/2024,335417,2026-08-05 18:21:35 UTC,P,,,2/27/2024,,,,,J1772,US,,,,Privé,,private,,,,,,,,,,,,,,,,,,,,,,,,,,,,LD,FALSE,
ELEC,Schindler Elevator Corp 20 Whippany Rd,Schindler Elevator Corp 20 Whippany Rd,,Morristown,NJ,7960,,,E,,Private,Contact site for information,A ANDROID_PAY APPLE_PAY CREDIT D M,,,,,1,,,AMPUP,https://ampup.io,GPS,40.799322,-74.455891,5/9/2024,335431,2026-08-05 18:21:35 UTC,P,,,2/27/2024,,,,,J1772,US,,,,Privé,,private,,,OFFICE_BLDG,,,,,,,,,,,,,,,,,,,,,,,,,LD,FALSE,
ELEC,135 Oak Ridge Rd,135 Oak Ridge Rd,,Clifton,NJ,7013,,,E,,Private,Contact site for information,A ANDROID_PAY APPLE_PAY CREDIT D M,,,,,1,,,AMPUP,https://ampup.io,GPS,40.8594015,-74.1624616,5/9/2024,335451,2026-08-05 18:21:35 UTC,P,,,2/2/2024,,,,,J1772,US,,,,Privé,,private,,,OTHER,,,,,,,,,,,,,,,,,,,,,,,,,LD,FALSE,
ELEC,Scrub Daddy - Woodcrest,104 Woodcrest Rd,,Cherry Hill,NJ,8003,,,E,,Private,Contact site for information,A ANDROID_PAY APPLE_PAY CREDIT D M,,,,,2,,,AMPUP,https://ampup.io,GPS,39.8722008,-75.0119169,5/9/2024,335458,2026-08-05 18:21:35 UTC,P,,,1/23/2024,,,,,J1772,US,,,,Privé,,private,,,FACTORY,,,,,,,,,,,,,,,,,,,,,,,,,LD,FALSE,
ELEC,BRIDGEWATER01 BRIDGEWATER01,800 Thompson Ave,Station is by main entrance,Bound Brook,NJ,8805,,888-758-4389,E,,Public,24 hours daily,,,,,,2,,,ChargePoint Network,https://www.chargepoint.com,GPS,40.579268,-74.556535,8/26/2026,335491,2026-08-26 02:35:48 UTC,,,,5/4/2024,,,,,J1772,US,,,,Public,,public,,,,,,,,,,,,,,,,,,,,FALSE,,,,,,,,,FALSE,
ELEC,Sea Pirate Campground,148 Main St.,,West Creek,NJ,8092,,833-789-1400,E,,Public,24 hours daily,,,,,,,2,,CHARGEUP,https://novacharge.net/chargeup/,GPS,39.692395,-74.262834,8/26/2026,335557,2026-08-26 04:03:55 UTC,,,,5/5/2024,,,,,J1772COMBO,US,,,,Public,,public,,,,,,,,,,,,,,,,,,,,FALSE,,,,,,,,,FALSE,
ELEC,STELTON SPORTS CT4K STATION 1,527 Stelton Road,,Piscataway,NJ,8854,,888-758-4389,E,,Public,24 hours daily,,,,,,2,,,ChargePoint Network,https://www.chargepoint.com,GPS,40.560861,-74.442572,8/26/2026,335672,2026-08-26 02:36:23 UTC,,,,5/7/2024,,,,,J1772,US,,,,Public,,public,,,,,,,,,,,,,,,,,,,,FALSE,,,,,,,,,FALSE,
ELEC,STELTON SPORTS CT4K STATION 4,527 Stelton Road,Between backside of two buildings,Piscataway,NJ,8854,,888-758-4389,E,,Public,24 hours daily,,,,,,2,,,ChargePoint Network,https://www.chargepoint.com,GPS,40.560878,-74.44244,8/26/2026,335673,2026-08-26 02:36:24 UTC,,,,5/7/2024,,,,,J1772,US,,,,Public,,public,,,,,,,,,,,,,,,,,,,,FALSE,,,,,,,,,FALSE,
ELEC,STELTON SPORTS CT4K STATION 3,527 Stelton Rd,Between backside of two buildings,Piscataway,NJ,8854,,888-758-4389,E,,Public,24 hours daily,,,,,,2,,,ChargePoint Network,https://www.chargepoint.com,GPS,40.560881,-74.44287,8/26/2026,335674,2026-08-26 02:36:24 UTC,,,,5/7/2024,,,,,J1772,US,,,,Public,,public,,,,,,,,,,,,,,,,,,,,FALSE,,,,,,,,,FALSE,
ELEC,STELTON SPORTS CT4K STATION 2,527 Stelton Rd,Front of Stelton sports,Piscataway,NJ,8854,,888-758-4389,E,,Public,24 hours daily,,,,,,2,,,ChargePoint Network,https://www.chargepoint.com,GPS,40.561011,-74.44309,8/26/2026,335675,2026-08-26 02:36:24 UTC,,,,5/7/2024,,,,,J1772,US,,,,Public,,public,,,,,,,,,,,,,,,,,,,,FALSE,,,,,,,,,FALSE,
ELEC,MANAHAWKIN CDJR SERVICE DRIVE,188 NJ-72,,Stafford Township,NJ,8050,,888-758-4389,E,,Public,24 hours daily,,,,,,2,,,ChargePoint Network,https://www.chargepoint.com,GPS,39.69056,-74.253531,8/26/2026,335739,2026-08-26 02:36:32 UTC,,,,5/8/2024,,,,,J1772,US,,,,Public,,public,,,,,,,,,,,,,,,,,,,,FALSE,,,,,,,,,FALSE,
ELEC,SWTCH Energy Inc.,781 Route 70 W,,Marlton,NJ,8053,,844-798-2438,E,,Public,24 hours daily,A D Debit M V,,,,,2,,,SWTCH,https://swtchenergy.com,GPS,39.90607452,-74.95069885,10/13/2025,341692,2026-02-02 23:16:24 UTC,P,,,5/2/2025,,,,,J1772,US,,,,Public,,public,,,PARKING_LOT,,,,,,,$1.25 per hour,,,,,,,,,,FALSE,,,,,,,,LD,FALSE,
ELEC,Delaware River and Bay Authority,1200 Lincoln Blvd,,North Cape May,NJ,8204,,,E,,Public,24 hours daily,A D Debit M V,,,,,6,,,Non-Networked,,GPS,38.969,-74.9605,,341864,2025-05-15 20:07:40 UTC,P,,,5/15/2024,,,,,J1772,US,,,,Public,,public,,,TRAVEL_CENTER,,,,,,,Free,,,,,,,,,,FALSE,,,,,,,,LD,FALSE,
ELEC,EASTMAN MGT5 TOWER 1,293 Eisenhower Pkwy,"West side of the building, to right side of main entrance",Livingston,NJ,7039,,888-758-4389,E,,Public,24 hours daily,,,,,,2,,,ChargePoint Network,https://www.chargepoint.com,GPS,40.799782,-74.342953,8/26/2026,346016,2026-08-26 02:36:43 UTC,,,,5/10/2024,,,,,J1772,US,,,,Public,,public,,,,,,,,,,,,,,,,,,,,FALSE,,,,,,,,,FALSE,
ELEC,EASTMAN MGT5 TOWER 2,293 Eisenhower Parkway,"West side of the building, to right side of main entrance",Livingston,NJ,7039,,888-758-4389,E,,Public,24 hours daily,,,,,,2,,,ChargePoint Network,https://www.chargepoint.com,GPS,40.799643,-74.342971,8/26/2026,346079,2026-08-26 02:36:45 UTC,,,,5/11/2024,,,,,J1772,US,,,,Public,,public,,,,,,,,,,,,,,,,,,,,FALSE,,,,,,,,,FALSE,
ELEC,ESSEX COUNTY IRVINGTON PARK,"639 Lyons Ave, IRVINGTON IRVINGTO PARK",Building Parking LOT,Irvington,NJ,7111,,888-758-4389,E,,Public,24 hours daily,,,,,,2,,,ChargePoint Network,https://www.chargepoint.com,GPS,40.719994,-74.228166,8/26/2026,346088,2026-08-26 02:37:11 UTC,,,,5/11/2024,,,,,J1772,US,,,,Public,,public,,,,,,,,,,,,,,,,,,,,FALSE,,,,,,,,,FALSE,
ELEC,"Somers Point, NJ - Tesla Supercharger",502 Shore Rd,,Somers Point,NJ,8244,,877-798-3752,E,,Public,24 hours daily. NACS partner enabled.,A D Debit M V,,,,,,8,,Tesla,https://www.tesla.com/supercharger,GPS,39.31908,-74.591524,6/18/2026,346183,2026-06-18 14:46:21 UTC,P,,,5/3/2024,,,,,TESLA,US,,,,Public,,public,,,GAS_STATION,,,,,,,,,,,,,,,,,FALSE,,,,,,,,LD,FALSE,
ELEC,"Woolwich Township, NJ - Tesla Supercharger",123 Paulsboro Rd,,Woolwich Township,NJ,8085,,877-798-3752,E,,Public,24 hours daily. NACS partner enabled.,A D Debit M V,,,,,,12,,Tesla,https://www.tesla.com/supercharger,GPS,39.760812,-75.303537,6/18/2026,346186,2026-06-18 14:46:21 UTC,P,,,5/16/2024,,,,,TESLA,US,,,,Public,,public,,,GAS_STATION,,,,,,,,,,,,,,,,,FALSE,,,,,,,,LD,FALSE,
ELEC,OLDE MILL INN 1 CT4K 1,225 US-202,,Bernards,NJ,7920,,888-758-4389,E,,Public,24 hours daily,,,,,,2,,,ChargePoint Network,https://www.chargepoint.com,GPS,40.731034,-74.539678,8/26/2026,346244,2026-08-26 02:37:31 UTC,,,,5/15/2024,,,,,J1772,US,,,,Public,,public,,,,,,,,,,,,,,,,,,,,FALSE,,,,,,,,,FALSE,
ELEC,Rossi Chevrolet Buick GMC,360 RTE 31 SOUTH,,WASHINGTON,NJ,7882,,866-816-7584,E,,Public,24 hours daily,,,,,,,2,,EV Connect,https://www.evconnect.com,GPS,40.732601,-74.974339,8/26/2026,346357,2026-08-26 03:51:14 UTC,,,,5/16/2024,,,,,J1772COMBO,US,,,,Public,,public,,,,,,,,,,,,,,,,,,,,FALSE,,,,,,,,,FALSE,
ELEC,DOKA KENILWORTH DOKA1,251 Monroe Avenue,Doka Parking Lot,Kenilworth,NJ,7033,,888-758-4389,E,,Public,24 hours daily,,,,,,2,,,ChargePoint Network,https://www.chargepoint.com,GPS,40.678417,-74.304665,8/26/2026,346597,2026-08-26 02:37:47 UTC,,,,5/21/2024,,,,,J1772,US,,,,Public,,public,,,,,,,,,,,,,,,,,,,,FALSE,,,,,,,,,FALSE,
ELEC,DOKA KENILWORTH DOKA3,251 Monroe Avenue,Doka Parking Lot,Kenilworth,NJ,7033,,888-758-4389,E,,Public,24 hours daily,,,,,,2,,,ChargePoint Network,https://www.chargepoint.com,GPS,40.67827,-74.304632,8/26/2026,346598,2026-08-26 02:37:47 UTC,,,,5/21/2024,,,,,J1772,US,,,,Public,,public,,,,,,,,,,,,,,,,,,,,FALSE,,,,,,,,,FALSE,
ELEC,DOKA KENILWORTH DOKA2,251 Monroe Ave,Doka Parking Lot,Kenilworth,NJ,7033,,888-758-4389,E,,Public,24 hours daily,,,,,,2,,,ChargePoint Network,https://www.chargepoint.com,GPS,40.67837,-74.304657,8/26/2026,346603,2026-08-26 02:37:49 UTC,,,,5/21/2024,,,,,J1772,US,,,,Public,,public,,,,,,,,,,,,,,,,,,,,FALSE,,,,,,,,,FALSE,
ELEC,BRICK CHURCH 4TH FLOOR,533 Main St,Garage level 4,East Orange,NJ,7018,,888-758-4389,E,,Public,24 hours daily,,,,,,2,,,ChargePoint Network,https://www.chargepoint.com,GPS,40.766866,-74.218492,8/26/2026,346772,2026-08-26 02:36:07 UTC,,,,5/24/2024,,,,,J1772,US,,,,Public,,public,,,,,,,,,,,,,,,,,,,,FALSE,,,,,,,,,FALSE,
ELEC,EWINGTOWNSHIP HOLLOWBROOK ST1,320 Hollowbrook Drive,,Ewing Township,NJ,8638,,888-758-4389,E,,Public,24 hours daily,,,,,,2,,,ChargePoint Network,https://www.chargepoint.com,GPS,40.26445,-74.770037,8/26/2026,346859,2026-08-26 02:37:40 UTC,,,,5/25/2024,,,,,J1772,US,,,,Public,,public,,,,,,,,,,,,,,,,,,,,FALSE,,,,,,,,,FALSE,
ELEC,EWINGTOWNSHIP EWING UPPER 1,2 Jake Garzio Drive,,Ewing Township,NJ,8628,,888-758-4389,E,,Public,24 hours daily,,,,,,2,,,ChargePoint Network,https://www.chargepoint.com,GPS,40.276898,-74.80254,8/26/2026,346860,2026-08-26 02:37:43 UTC,,,,5/25/2024,,,,,J1772,US,,,,Public,,public,,,,,,,,,,,,,,,,,,,,FALSE,,,,,,,,,FALSE,
ELEC,EWINGTOWNSHIP EWING LOWER 1,2 Jake Garzio Drive,,Ewing Township,NJ,8628,,888-758-4389,E,,Public,24 hours daily,,,,,,2,,,ChargePoint Network,https://www.chargepoint.com,GPS,40.275858,-74.802047,8/26/2026,346861,2026-08-26 02:37:43 UTC,,,,5/25/2024,,,,,J1772,US,,,,Public,,public,,,,,,,,,,,,,,,,,,,,FALSE,,,,,,,,,FALSE,
ELEC,TOYOTA VW TOYOTA,730 NJ-23,,Pequannock Township,NJ,7444,,888-758-4389,E,,Public,24 hours daily,,,,,,1,,,ChargePoint Network,https://www.chargepoint.com,GPS,40.975422,-74.289398,8/26/2026,346896,2026-08-26 02:05:15 UTC,,,,5/28/2024,,,,,J1772,US,,,,Public,,public,,,,,,,,,,,,,,,,,,,,FALSE,,,,,,,,,FALSE,
ELEC,CAP CENTER LIBRARY ST1,6301 Ocean Avenue,,Wildwood,NJ,8260,,888-758-4389,E,,Public,24 hours daily,,,,,,2,,,ChargePoint Network,https://www.chargepoint.com,GPS,38.973434,-74.829468,8/26/2026,347177,2026-08-26 02:38:18 UTC,,,,5/31/2024,,,,,J1772,US,,,,Public,,public,,,,,,,,,,,,,,,,,,,,FALSE,,,,,,,,,FALSE,
ELEC,CAP CENTER LIBRARY ST2,6301 Ocean Avenue,,Wildwood,NJ,8260,,888-758-4389,E,,Public,24 hours daily,,,,,,2,,,ChargePoint Network,https://www.chargepoint.com,GPS,38.973449,-74.82948,8/26/2026,347178,2026-08-26 02:38:18 UTC,,,,5/31/2024,,,,,J1772,US,,,,Public,,public,,,,,,,,,,,,,,,,,,,,FALSE,,,,,,,,,FALSE,
ELEC,Applegreen Electric - Connie Chung Service Area,1339 Broad St,,Bloomfield,NJ,7003,,888-557-7099,E,,Public,24 hours daily,ANDROID_PAY APPLE_PAY CREDIT D M V,,,,,,2,,APPLEGREEN,https://www.applegreenelectric.com,GPS,40.83628951,-74.18092306,3/12/2026,347237,2026-03-12 20:29:51 UTC,P,,,5/31/2024,,,,,CHADEMO J1772COMBO,US,,,,Public,,public,,,TRAVEL_CENTER,,,,,,,$0.64 per kWh,,,,,,,,,,FALSE,,,,,,,,LD,FALSE,
ELEC,St. Augustine Prep,611 Cedar Avenue,,Richland,NJ,8350,,888-998-2546,E,,Public,24 hours daily,,,,,,2,,,Blink Network,https://blinkcharging.com,GPS,39.50134767,-74.87485044,8/26/2026,347437,2026-08-26 00:41:59 UTC,,,,5/14/2024,,,,,J1772,US,,,,Public,,public,,,,,,,,,,,,,,,,,,,,FALSE,,,,,,,,,FALSE,
ELEC,POND ROAD SOUTH POND ROAD SOUTH,4331 U.S. 9,Next to Shake Shack,Freehold,NJ,7728,,888-758-4389,E,,Public,24 hours daily,,,,,,2,,,ChargePoint Network,https://www.chargepoint.com,GPS,40.280953,-74.292984,8/26/2026,347488,2026-08-26 02:38:31 UTC,,,,6/6/2024,,,,,J1772,US,,,,Public,,public,,,,,,,,,,,,,,,,,,,,FALSE,,,,,,,,,FALSE,
ELEC,EVIA Partridge Run,130 New Road,,Parsippany-Troy Hills,NJ,7054,,888-998-2546,E,,Public,24 hours daily,,,,,,2,,,Blink Network,https://blinkcharging.com,GPS,40.85580973,-74.3502549,8/26/2026,347676,2026-08-26 00:38:03 UTC,,,,5/9/2024,,,,,J1772,US,,,,Public,,public,,,,,,,,,,,,,,,,,,,,FALSE,,,,,,,,,FALSE,
ELEC,TWP OF BRICK DPSC PS 1,41 Drum Point Rd,Near Park Department Building & twin county soccer restrooms,Brick Township,NJ,8724,,888-758-4389,E,,Public,24 hours daily,,,,,,2,,,ChargePoint Network,https://www.chargepoint.com,GPS,40.040216,-74.138784,8/26/2026,347734,2026-08-26 02:08:14 UTC,,,,6/14/2024,,,,,J1772,US,,,,Public,,public,,,,,,,,,,,,,,,,,,,,FALSE,,,,,,,,,FALSE,
ELEC,TWP OF BRICK WINDWARD PS 1,265 Princeton Ave,In parking lot nearest to restrooms,Brick Township,NJ,8724,,888-758-4389,E,,Public,24 hours daily,,,,,,2,,,ChargePoint Network,https://www.chargepoint.com,GPS,40.058788,-74.110725,8/26/2026,347735,2026-08-26 02:08:16 UTC,,,,6/14/2024,,,,,J1772,US,,,,Public,,public,,,,,,,,,,,,,,,,,,,,FALSE,,,,,,,,,FALSE,
ELEC,MPCA MPCA ST1,467 Valley Street,Dedicated spots by entrance,Maplewood,NJ,7040,,888-758-4389,E,,Public,24 hours daily,,,,,,2,,,ChargePoint Network,https://www.chargepoint.com,GPS,40.736879,-74.266915,8/26/2026,347754,2026-08-26 02:35:25 UTC,,,,6/14/2024,,,,,J1772,US,,,,Public,,public,,,,,,,,,,,,,,,,,,,,FALSE,,,,,,,,,FALSE,
ELEC,MPCA MPCA ST2,467 Valley Street,Near entrance,Maplewood,NJ,7040,,888-758-4389,E,,Public,24 hours daily,,,,,,2,,,ChargePoint Network,https://www.chargepoint.com,GPS,40.736904,-74.266964,8/26/2026,347757,2026-08-26 02:36:06 UTC,,,,6/14/2024,,,,,J1772,US,,,,Public,,public,,,,,,,,,,,,,,,,,,,,FALSE,,,,,,,,,FALSE,
ELEC,Marlboro Medical Center,45 Route 520,,Englishtown,NJ,7726,,888-356-8911,E,,Public,24 hours daily,,,,,,6,,,FLO,https://www.flo.com,GPS,40.351778,-74.304339,8/26/2026,347918,2026-08-26 04:15:09 UTC,,,,6/14/2024,,,,,J1772,US,,,,Public,,public,,,,,,,,,,,,,,,,,,,,FALSE,,,,,,,,,FALSE,
ELEC,VENTNORDPWCORNW VENTNOR DC1,6500 Atlantic Avenue,Community center parking lot on S New Haven Ave,Ventnor City,NJ,8406,,888-758-4389,E,,Public,24 hours daily,,,,,,,1,,ChargePoint Network,https://www.chargepoint.com,GPS,39.33546,-74.482818,8/26/2026,347991,2026-08-26 02:38:57 UTC,,,,6/15/2024,,,,,CHADEMO J1772COMBO,US,,,,Public,,public,,,,,,,,,,,,,,,,,,,,FALSE,,,,,,,,,FALSE,
ELEC,VENTNORDPWCORNW VENTNOR DC2,6500 Atlantic Avenue,Community center parking lot on S New Haven Ave,Ventnor City,NJ,8406,,888-758-4389,E,,Public,24 hours daily,,,,,,,1,,ChargePoint Network,https://www.chargepoint.com,GPS,39.335536,-74.482879,8/26/2026,347992,2026-08-26 02:38:58 UTC,,,,6/15/2024,,,,,CHADEMO J1772COMBO,US,,,,Public,,public,,,,,,,,,,,,,,,,,,,,FALSE,,,,,,,,,FALSE,
ELEC,747 Valley,747 Valley St.,,Maplewood,NJ,7040,,888-998-2546,E,,Public,Mon: 6:00am-11:00pm; Tue: 6:00am-11:00pm; Wed: 6:00am-11:00pm; Thu: 6:00am-11:00pm; Fri: 6:00am-11:00pm; Sat: 6:00am-11:00pm; Sun: 6:00am-11:00pm,,,,,,4,,,Blink Network,https://blinkcharging.com,GPS,40.72267163,-74.28115437,8/26/2026,348101,2026-08-26 00:16:58 UTC,,,,4/29/2024,,,,,J1772,US,,,,Public,,public,,,,,,,,,,,,,,,,,,,,FALSE,,,,,,,,,FALSE,
ELEC,50 UNION AVENUE STATION 1,50 Union Ave,,Irvington,NJ,7111,,888-758-4389,E,,Public,Mon: 7:00am-9:30pm; Tue: 7:00am-9:30pm; Wed: 7:00am-9:30pm; Thu: 7:00am-9:30pm; Fri: 7:00am-9:30pm; Sat: 8:00am-4:00pm,,,,,,2,,,ChargePoint Network,https://www.chargepoint.com,GPS,40.724677,-74.230292,8/26/2026,348111,2026-08-26 02:15:06 UTC,,,,6/19/2024,,,,,J1772,US,,,,Public,,public,,,,,,,,,,,,,,,,,,,,FALSE,,,,,,,,,FALSE,
ELEC,50 UNION AVENUE STATION 2,50 Union Ave,,Irvington,NJ,7111,,888-758-4389,E,,Public,Mon: 7:00am-9:30pm; Tue: 7:00am-9:30pm; Wed: 7:00am-9:30pm; Thu: 7:00am-9:30pm; Fri: 7:00am-9:30pm; Sat: 8:00am-4:00pm,,,,,,2,,,ChargePoint Network,https://www.chargepoint.com,GPS,40.724677,-74.230271,8/26/2026,348120,2026-08-26 02:39:09 UTC,,,,6/19/2024,,,,,J1772,US,,,,Public,,public,,,,,,,,,,,,,,,,,,,,FALSE,,,,,,,,,FALSE,
ELEC,Eco Charge,245 Rt 35,,Eatontown,NJ,7724,,732-359-4472,E,,Public,24 hours daily,CREDIT D Debit M V,,,,,2,,,Non-Networked,,200-8,40.28623,-74.05031,7/11/2024,348211,2025-02-12 00:16:32 UTC,P,,,12/1/2023,,,,,J1772,US,,,,Public,,public,,,HOSPITAL,,,,,,,$0.39 per kWh,,,,,,,,,,FALSE,,,,,,,,LD,FALSE,
ELEC,Supercharged Entertainment,987 US 1,,Edison,NJ,8817,,888-385-6671,E,,Public - Credit card at all times,24 hours daily,A ACCOUNT_BALANCE ANDROID_PAY APPLE_PAY D M V,,,,,11,,,LOOP,https://loopglobal.com,GPS,40.51655,-74.37192,7/15/2026,348856,2026-07-15 18:47:09 UTC,P,,,6/15/2023,,,,,J1772,US,,,,Public - Carte de crédit en tout temps,,public,CREDIT_CARD_ALWAYS,,OTHER,,,,,,,$1 activation fee; $0.45 per kWh,,,,,,,,,,FALSE,,,,,,,,LD,FALSE,
ELEC,THOM JEFFERSON CH2B,1508 Bedford Ave,2 level of the parking garage,Cherry Hill,NJ,8002,,888-758-4389,E,,Public,24 hours daily,,,,,,2,,,ChargePoint Network,https://www.chargepoint.com,GPS,39.927214,-75.015099,8/26/2026,349018,2026-08-26 02:38:59 UTC,,,,6/22/2024,,,,,J1772,US,,,,Public,,public,,,,,,,,,,,,,,,,,,,,FALSE,,,,,,,,,FALSE,
ELEC,THOM JEFFERSON CH2C,1508 Bedford Ave,2nd floor of the parking garage,Cherry Hill,NJ,8002,,888-758-4389,E,,Public,24 hours daily,,,,,,2,,,ChargePoint Network,https://www.chargepoint.com,GPS,39.92678,-75.015814,8/26/2026,349019,2026-08-26 02:38:59 UTC,,,,6/22/2024,,,,,J1772,US,,,,Public,,public,,,,,,,,,,,,,,,,,,,,FALSE,,,,,,,,,FALSE,
ELEC,Continental Properties-Highgate @Livingston,100 Eisenhower Parkway,,Livingston,NJ,7039,,855-885-9571,E,,Public,24 hours daily,,,,,,6,,,OpConnect,https://opconnect-ev.com,GPS,40.785331,-74.352625,8/26/2026,349499,2026-08-26 03:46:27 UTC,,,,6/27/2024,,,,,J1772,US,,,,Public,,public,,,,,,,,,,,,,,,,,,,,FALSE,,,,,,,,,FALSE,
ELEC,CITY HALL LOTS CITY HALL LOTS2,103 West Montgomery Avenue,,Wildwood,NJ,8260,,888-758-4389,E,,Public,24 hours daily,,,,,,2,,,ChargePoint Network,https://www.chargepoint.com,GPS,38.98696,-74.821532,8/26/2026,349743,2026-08-26 02:39:33 UTC,,,,6/29/2024,,,,,J1772,US,,,,Public,,public,,,,,,,,,,,,,,,,,,,,FALSE,,,,,,,,,FALSE,
ELEC,CITY HALL LOTS CITY HALL LOTS,103 West Montgomery Avenue,,Wildwood,NJ,8260,,888-758-4389,E,,Public,24 hours daily,,,,,,2,,,ChargePoint Network,https://www.chargepoint.com,GPS,38.98696,-74.821532,8/26/2026,349744,2026-08-26 02:39:33 UTC,,,,6/29/2024,,,,,J1772,US,,,,Public,,public,,,,,,,,,,,,,,,,,,,,FALSE,,,,,,,,,FALSE,
ELEC,CFA 04947 PARAMUS #1,718 NJ-17,,Paramus,NJ,7652,,888-758-4389,E,,Public,24 hours daily,,,,,,1,,,ChargePoint Network,https://www.chargepoint.com,GPS,40.969329,-74.078635,8/26/2026,349813,2026-08-26 02:36:22 UTC,,,,7/2/2024,,,,,J1772,US,,,,Public,,public,,,,,,,,,,,,,,,,,,,,FALSE,,,,,,,,,FALSE,
ELEC,CFA 04947 PARAMUS #2,718 NJ-17,,Paramus,NJ,7652,,888-758-4389,E,,Public,24 hours daily,,,,,,2,,,ChargePoint Network,https://www.chargepoint.com,GPS,40.969281,-74.078571,8/26/2026,349816,2026-08-26 02:37:34 UTC,,,,7/2/2024,,,,,J1772,US,,,,Public,,public,,,,,,,,,,,,,,,,,,,,FALSE,,,,,,,,,FALSE,
ELEC,L703 CP6K,10 MacKay Ave,,Paramus,NJ,7652,,888-758-4389,E,,Public,24 hours daily,,,,,,2,,,ChargePoint Network,https://www.chargepoint.com,GPS,40.922823,-74.083268,8/26/2026,350157,2026-08-26 02:39:16 UTC,,,,7/9/2024,,,,,J1772,US,,,,Public,,public,,,,,,,,,,,,,,,,,,,,FALSE,,,,,,,,,FALSE,
ELEC,1700 Park Ave,1700 Park Ave,,Weehawken,NJ,7086,,866-816-7584,E,,Public,24 hours daily,,,,,,1,,,EV Connect,https://www.evconnect.com,GPS,40.758482,-74.027491,8/26/2026,350281,2026-08-26 03:52:33 UTC,,,,7/10/2024,,,,,J1772,US,,,,Public,,public,,,,,,,,,,,,,,,,,,,,FALSE,,,,,,,,,FALSE,
ELEC,LEXUS OF AC SVC STATION 2,3163 Fire Rd,,Egg Harbor Township,NJ,8234,,888-758-4389,E,,Public,24 hours daily,,,,,,1,,,ChargePoint Network,https://www.chargepoint.com,GPS,39.387963,-74.568122,8/26/2026,350403,2026-08-26 02:14:52 UTC,,,,7/12/2024,,,,,J1772,US,,,,Public,,public,,,,,,,,,,,,,,,,,,,,FALSE,,,,,,,,,FALSE,
ELEC,LEXUS OF AC STATION 1,3169 Fire Road,,Egg Harbor Township,NJ,8234,,888-758-4389,E,,Public,24 hours daily,,,,,,2,,,ChargePoint Network,https://www.chargepoint.com,GPS,39.387369,-74.568885,8/26/2026,350404,2026-08-26 02:28:23 UTC,,,,7/12/2024,,,,,J1772,US,,,,Public,,public,,,,,,,,,,,,,,,,,,,,FALSE,,,,,,,,,FALSE,
ELEC,ROWAN UNIV SOM AC LOT LEFT,40 Laurel Road,Front of building,Stratford,NJ,8084,,888-758-4389,E,,Public,24 hours daily,,,,,,1,,,ChargePoint Network,https://www.chargepoint.com,GPS,39.829859,-75.006639,8/26/2026,350572,2026-08-26 02:39:41 UTC,,,,7/16/2024,,,,,J1772,US,,,,Public,,public,,,,,,,,,,,,,,,,,,,,FALSE,,,,,,,,,FALSE,
ELEC,ROWAN UNIV SOM AC LOTRIGHT,40 Laurel Road,Front of Building,Stratford,NJ,8084,,888-758-4389,E,,Public,24 hours daily,,,,,,1,,,ChargePoint Network,https://www.chargepoint.com,GPS,39.829797,-75.006686,8/26/2026,350573,2026-08-26 02:39:42 UTC,,,,7/16/2024,,,,,J1772,US,,,,Public,,public,,,,,,,,,,,,,,,,,,,,FALSE,,,,,,,,,FALSE,
ELEC,Montgomery Place,2311 US Hwy 206,,Belle Mead,NJ,8502,,888-998-2546,E,,Public,24 hours daily,,,,,,8,,,Blink Network,https://blinkcharging.com,GPS,40.46050088,-74.65784413,8/26/2026,350604,2026-08-26 00:20:02 UTC,,,,7/16/2024,,,,,J1772,US,,,,Public,,public,,,,,,,,,,,,,,,,,,,,FALSE,,,,,,,,,FALSE,
ELEC,Garden Homes - 147 Columbia,147 Columbia Turnpike,,Florham,NJ,7932,,855-885-9571,E,,Public,24 hours daily,,,,,,4,,,OpConnect,https://opconnect-ev.com,GPS,40.7869985,-74.3884259,8/26/2026,350719,2026-08-26 03:46:28 UTC,,,,7/18/2024,,,,,J1772,US,,,,Public,,public,,,,,,,,,,,,,,,,,,,,FALSE,,,,,,,,,FALSE,
ELEC,SOMERSET COUNTY 46 EAST HIGH ST,46 East High Street,,Somerville,NJ,8876,,888-758-4389,E,,Public,24 hours daily,,,,,,2,,,ChargePoint Network,https://www.chargepoint.com,GPS,40.568996,-74.609078,8/26/2026,350884,2026-08-26 02:40:39 UTC,,,,7/20/2024,,,,,J1772,US,,,,Public,,public,,,,,,,,,,,,,,,,,,,,FALSE,,,,,,,,,FALSE,
ELEC,"Maple Shade, NJ - Route 38 East - Tesla Supercharger",600 Route 38 East,,Maple Shade,NJ,8052,,877-798-3752,E,,Public,24 hours daily. Open to all vehicles.,A D Debit M V,,,,,,12,,Tesla,https://www.tesla.com/supercharger,GPS,39.943413,-74.96941,6/18/2026,351246,2026-06-18 14:46:21 UTC,P,,,7/11/2024,,,,,J1772COMBO TESLA,US,,,,Public,,public,,,GAS_STATION,,,,,,,,,,,,,,,,,FALSE,,,,,,,,LD,FALSE,
ELEC,CITY HALL LOTS SOUTH CAR 1,4500 New Jersey Ave,,Wildwood,NJ,8260,,888-758-4389,E,,Public,24 hours daily,,,,,,,1,,ChargePoint Network,https://www.chargepoint.com,GPS,38.986225,-74.822514,8/26/2026,351345,2026-08-26 02:40:43 UTC,,,,7/23/2024,,,,,CHADEMO J1772COMBO,US,,,,Public,,public,,,,,,,,,,,,,,,,,,,,FALSE,,,,,,,,,FALSE,
ELEC,CITY HALL LOTS SOUTH CAR 2,4500 New Jersey Ave,,Wildwood,NJ,8260,,888-758-4389,E,,Public,24 hours daily,,,,,,,1,,ChargePoint Network,https://www.chargepoint.com,GPS,38.986186,-74.822543,8/26/2026,351346,2026-08-26 02:40:43 UTC,,,,7/23/2024,,,,,CHADEMO J1772COMBO,US,,,,Public,,public,,,,,,,,,,,,,,,,,,,,FALSE,,,,,,,,,FALSE,
ELEC,EASTMAN MGMT PLAZA 1-TOWER 2,354 Eisenhower Pkwy,Southeast corner of building,Livingston,NJ,7039,,888-758-4389,E,,Public,24 hours daily,,,,,,2,,,ChargePoint Network,https://www.chargepoint.com,GPS,40.808617,-74.336732,8/26/2026,351497,2026-08-26 02:40:50 UTC,,,,7/25/2024,,,,,J1772,US,,,,Public,,public,,,,,,,,,,,,,,,,,,,,FALSE,,,,,,,,,FALSE,
ELEC,EASTMAN MGMT PLAZA 1-TOWER 1,354 Eisenhower Parkway,Southeast corner of building,Livingston,NJ,7039,,888-758-4389,E,,Public,24 hours daily,,,,,,2,,,ChargePoint Network,https://www.chargepoint.com,GPS,40.808594,-74.336743,8/26/2026,351498,2026-08-26 02:40:50 UTC,,,,7/25/2024,,,,,J1772,US,,,,Public,,public,,,,,,,,,,,,,,,,,,,,FALSE,,,,,,,,,FALSE,
ELEC,DT&P HOBOKEN DC1,415 Newark St.,,Hoboken,NJ,7030,,888-758-4389,E,,Public,24 hours daily,,,,,,,1,,ChargePoint Network,https://www.chargepoint.com,GPS,40.737278,-74.036988,8/26/2026,351499,2026-08-26 02:40:51 UTC,,,,7/25/2024,,,,,CHADEMO J1772COMBO,US,,,,Public,,public,,,,,,,,,,,,,,,,,,,,FALSE,,,,,,,,,FALSE,
ELEC,DT&P HOBOKEN DC2,415 Newark St.,,Hoboken,NJ,7030,,888-758-4389,E,,Public,24 hours daily,,,,,,,1,,ChargePoint Network,https://www.chargepoint.com,GPS,40.737291,-74.036935,8/26/2026,351500,2026-08-26 02:40:51 UTC,,,,7/25/2024,,,,,CHADEMO J1772COMBO,US,,,,Public,,public,,,,,,,,,,,,,,,,,,,,FALSE,,,,,,,,,FALSE,
ELEC,County College of Morris,214 Center Grove Rd,,Randolph,NJ,7869,,833-611-5965,E,,Public,24 hours daily,,,,,,4,,,VIALYNK,https://www.lynkwell.com,GPS,40.85814,-74.58148,8/26/2026,351591,2026-08-26 04:47:22 UTC,,,,7/26/2024,,,,,J1772,US,,,,Public,,public,,,,,,,,,,,,,,,,,,,,FALSE,,,,,,,,,FALSE,
ELEC,124 Polk St,124 Polk St,,Newark,NJ,7105,,,E,,Public,24 hours daily,A ANDROID_PAY APPLE_PAY M V,,,,,1,,,EPIC_CHARGING,https://epiccharging.com,200-8,40.72867,-74.15581,6/12/2026,351601,2026-06-12 17:15:57 UTC,P,,,7/1/2024,,,,,J1772,US,,,,Public,,public,,,PARKING_LOT,,,,,,,$0.40 per kWh,,,,,,,,,,FALSE,,,,,,,,LD,FALSE,
ELEC,824 Marshall Ct c,824 Marshall Ct c,,Ventnor City,NJ,8406,,,E,,Private,24 hours daily,A ANDROID_PAY APPLE_PAY M V,,,,,1,,,EPIC_CHARGING,https://epiccharging.com,200-8,39.35253,-74.48433,6/12/2026,351621,2026-06-12 17:15:57 UTC,P,,,7/1/2024,,,,,J1772,US,,,,Privé,,private,,,PARKING_LOT,,,,,,,$0.45 per kWh,,,,,,,,,,,,,,,,,,LD,FALSE,
ELEC,THOM JEFFERSON CH2A,1508 Bedford Ave,Across from Stairway,Cherry Hill,NJ,8002,,888-758-4389,E,,Public,24 hours daily,,,,,,2,,,ChargePoint Network,https://www.chargepoint.com,GPS,39.926767,-75.015744,8/26/2026,351859,2026-08-26 02:31:58 UTC,,,,7/31/2024,,,,,J1772,US,,,,Public,,public,,,,,,,,,,,,,,,,,,,,FALSE,,,,,,,,,FALSE,
ELEC,EASTMAN MGMT PLAZA 2-TOWER 2,354 Eisenhower Parkway,Northeast corner of building,Livingston,NJ,7039,,888-758-4389,E,,Public,24 hours daily,,,,,,2,,,ChargePoint Network,https://www.chargepoint.com,GPS,40.809884,-74.336099,8/26/2026,351922,2026-08-26 02:41:04 UTC,,,,8/1/2024,,,,,J1772,US,,,,Public,,public,,,,,,,,,,,,,,,,,,,,FALSE,,,,,,,,,FALSE,
ELEC,EASTMAN MGMT PLAZA 2-TOWER 1,354 Eisenhower Pkwy,Northeast corner of building,Livingston,NJ,7039,,888-758-4389,E,,Public,24 hours daily,,,,,,2,,,ChargePoint Network,https://www.chargepoint.com,GPS,40.809778,-74.336192,8/26/2026,351923,2026-08-26 02:41:04 UTC,,,,8/1/2024,,,,,J1772,US,,,,Public,,public,,,,,,,,,,,,,,,,,,,,FALSE,,,,,,,,,FALSE,
ELEC,"Dunkin Donuts - Hope, NJ (DC)",484 Hope Blairstown Road,,Hope,NJ,7844,,888-998-2546,E,,Public,24 hours daily,,,,,,,4,,Blink Network,https://blinkcharging.com,GPS,40.92742372,-74.95870616,8/26/2026,351965,2026-08-26 00:34:55 UTC,,,,8/1/2024,,,,,CHADEMO J1772COMBO,US,,,,Public,,public,,,,,,,,,,,,,,,,,,,,FALSE,,,,,,,,,FALSE,
ELEC,Tower Sigma,276 Engle Street,,Englewood,NJ,7631,,888-998-2546,E,,Public,24 hours daily,,,,,,10,,,Blink Network,https://blinkcharging.com,GPS,40.90222491,-73.96950777,8/26/2026,352047,2026-08-26 00:39:36 UTC,,,,8/1/2024,,,,,J1772,US,,,,Public,,public,,,,,,,,,,,,,,,,,,,,FALSE,,,,,,,,,FALSE,
ELEC,Terrace Garden,55 Terrace Avenue,,Toms River,NJ,8753,,888-998-2546,E,,Public,24 hours daily,,,,,,2,,,Blink Network,https://blinkcharging.com,GPS,39.96104456,-74.19251976,8/26/2026,352048,2026-08-26 00:17:19 UTC,,,,8/2/2024,,,,,J1772,US,,,,Public,,public,,,,,,,,,,,,,,,,,,,,FALSE,,,,,,,,,FALSE,
ELEC,Tower Spring Gardens,851 Springfield Avenue,,Summit,NJ,7901,,888-998-2546,E,,Public,24 hours daily,,,,,,8,,,Blink Network,https://blinkcharging.com,GPS,40.71219222,-74.38840069,8/26/2026,352050,2026-08-26 00:26:13 UTC,,,,8/2/2024,,,,,J1772,US,,,,Public,,public,,,,,,,,,,,,,,,,,,,,FALSE,,,,,,,,,FALSE,
ELEC,Tower Omni 199,199 Howard Drive,,Bergenfield,NJ,7621,,888-998-2546,E,,Public,24 hours daily,,,,,,6,,,Blink Network,https://blinkcharging.com,GPS,40.91189375,-73.99202775,8/26/2026,352086,2026-08-26 00:34:51 UTC,,,,8/5/2024,,,,,J1772,US,,,,Public,,public,,,,,,,,,,,,,,,,,,,,FALSE,,,,,,,,,FALSE,
ELEC,Tower Omni 196,196 Howard Drive,,Bergenfield,NJ,7621,,888-998-2546,E,,Public,24 hours daily,,,,,,4,,,Blink Network,https://blinkcharging.com,GPS,40.91215439,-73.9914207,8/26/2026,352097,2026-08-26 00:29:03 UTC,,,,8/5/2024,,,,,J1772,US,,,,Public,,public,,,,,,,,,,,,,,,,,,,,FALSE,,,,,,,,,FALSE,
ELEC,Fette Ford,1137 US-46,,Clifton,NJ,7013,,888-717-4544,E,,Public,Mon: 9:00am-7:00pm; Tue: 9:00am-7:00pm; Wed: 9:00am-7:00pm; Thu: 9:00am-7:00pm; Fri: 9:00am-7:00pm; Sat: 9:00am-7:00pm,,,,,,4,4,,CHARGESMART_EV,https://chargesmartev.com,GPS,40.8695,-74.184505,8/26/2026,352119,2026-08-26 04:51:01 UTC,,,,8/6/2024,,,,,J1772 J1772COMBO,US,,,,Public,,public,,,,,,,,,,,,,,,,,,,,FALSE,,,,,,,,,FALSE,
ELEC,Lake St Apartments,313-315 Lake Street,,Newark,NJ,7104,,888-998-2546,E,,Public,24 hours daily,,,,,,2,,,Blink Network,https://blinkcharging.com,GPS,40.76158113,-74.17830255,8/26/2026,352186,2026-08-26 00:14:58 UTC,,,,7/24/2024,,,,,J1772,US,,,,Public,,public,,,,,,,,,,,,,,,,,,,,FALSE,,,,,,,,,FALSE,
ELEC,RUSSO PHASE 2,100 Antares Dr,,Woodbridge Township,NJ,7095,,888-758-4389,E,,Public,24 hours daily,,,,,,2,,,ChargePoint Network,https://www.chargepoint.com,GPS,40.544791,-74.298045,8/26/2026,352385,2026-08-26 02:39:19 UTC,,,,8/10/2024,,,,,J1772,US,,,,Public,,public,,,,,,,,,,,,,,,,,,,,FALSE,,,,,,,,,FALSE,
ELEC,RUSSO PHASE 2 #2,100 Antares Dr,,Woodbridge Township,NJ,7095,,888-758-4389,E,,Public,24 hours daily,,,,,,2,,,ChargePoint Network,https://www.chargepoint.com,GPS,40.544732,-74.298019,8/26/2026,352386,2026-08-26 02:39:20 UTC,,,,8/10/2024,,,,,J1772,US,,,,Public,,public,,,,,,,,,,,,,,,,,,,,FALSE,,,,,,,,,FALSE,
ELEC,UNIVERSE 1 HU ABB 2,1085 NJ-88,,Lakewood,NJ,8701,,888-758-4389,E,,Public,24 hours daily,,,,,,,1,,ChargePoint Network,https://www.chargepoint.com,GPS,40.084546,-74.173728,8/26/2026,352451,2026-08-26 02:36:12 UTC,,,,8/13/2024,,,,,J1772COMBO,US,,,,Public,,public,,,,,,,,,,,,,,,,,,,,FALSE,,,,,,,,,FALSE,
ELEC,UNIVERSE 1 HU ABB 1,1085 NJ-88,,Lakewood,NJ,8701,,888-758-4389,E,,Public,24 hours daily,,,,,,,1,,ChargePoint Network,https://www.chargepoint.com,GPS,40.084542,-74.173766,8/26/2026,352452,2026-08-26 02:36:12 UTC,,,,8/13/2024,,,,,J1772COMBO,US,,,,Public,,public,,,,,,,,,,,,,,,,,,,,FALSE,,,,,,,,,FALSE,
ELEC,SHELL UNIVERSITY SHEL,127 Easton Avenue,Station is in the front of the building,New Brunswick,NJ,8901,,888-758-4389,E,,Public,24 hours daily,,,,,,2,,,ChargePoint Network,https://www.chargepoint.com,GPS,40.499371,-74.452267,8/26/2026,352675,2026-08-26 02:41:51 UTC,,,,8/15/2024,,,,,J1772,US,,,,Public,,public,,,,,,,,,,,,,,,,,,,,FALSE,,,,,,,,,FALSE,
ELEC,Northern Highlands Regional High School,298 Hillside Ave,,Allendale,NJ,74010,,833-611-5965,E,,Public,24 hours daily,,,,,,,4,,VIALYNK,https://www.lynkwell.com,GPS,41.03491,-74.1431,8/26/2026,352946,2026-08-26 04:47:26 UTC,,,,8/16/2024,,,,,J1772COMBO,US,,,,Public,,public,,,,,,,,,,,,,,,,,,,,FALSE,,,,,,,,,FALSE,
ELEC,CIOCCA CADILLAC CIOCCA CADILLAC,340 Albany Ave,"Located outside, east side of vehicle showroom. The Chargers are available for use during business hours: 8:30 am - 7:00 pm Weekdays: 8:30 am - 5:00 pm Weekends. Closed Sundays.",Atlantic City,NJ,8401,,888-758-4389,E,,Public,24 hours daily,,,,,,,1,,ChargePoint Network,https://www.chargepoint.com,GPS,39.355191,-74.458671,8/26/2026,353081,2026-08-26 02:41:01 UTC,,,,8/20/2024,,,,,CHADEMO J1772COMBO,US,,,,Public,,public,,,,,,,,,,,,,,,,,,,,FALSE,,,,,,,,,FALSE,
ELEC,Mahwah Ford,55 Franklin Turnpike,,Mahwah,NJ,7430,,888-717-4544,E,,Public,24 hours daily,,,,,,6,6,,CHARGESMART_EV,https://chargesmartev.com,GPS,41.104009,-74.146425,8/26/2026,353126,2026-08-26 04:50:56 UTC,,,,8/20/2024,,,,,J1772 J1772COMBO,US,,,,Public,,public,,,,,,,,,,,,,,,,,,,,FALSE,,,,,,,,,FALSE,
ELEC,RI OEAN STATION 2,1613 NJ-35,,Ocean Township,NJ,7755,,888-758-4389,E,,Public,24 hours daily,,,,,,2,,,ChargePoint Network,https://www.chargepoint.com,GPS,40.254142,-74.038612,8/26/2026,353452,2026-08-26 02:39:09 UTC,,,,8/22/2024,,,,,J1772,US,,,,Public,,public,,,,,,,,,,,,,,,,,,,,FALSE,,,,,,,,,FALSE,
ELEC,RI OEAN STATION 1,1615 New Jersey 35,,Ocean Township,NJ,7712,,888-758-4389,E,,Public,24 hours daily,,,,,,2,,,ChargePoint Network,https://www.chargepoint.com,GPS,40.254054,-74.038558,8/26/2026,353453,2026-08-26 02:39:09 UTC,,,,8/22/2024,,,,,J1772,US,,,,Public,,public,,,,,,,,,,,,,,,,,,,,FALSE,,,,,,,,,FALSE,
ELEC,"Brick Township, NJ - Tesla Supercharger",535 NJ-70,,Brick Township,NJ,8723,,877-798-3752,E,,Public,24 hours daily. NACS partner enabled.,A D Debit M V,,,,,,8,,Tesla,https://www.tesla.com/supercharger,GPS,40.05618,-74.151613,6/18/2026,353784,2026-06-18 14:46:21 UTC,P,,,7/25/2024,,,,,TESLA,US,,,,Public,,public,,,GAS_STATION,,,,,,,,,,,,,,,,,FALSE,,,,,,,,LD,FALSE,
ELEC,"Mt Laurel Township, NJ - NJ-73 - Tesla Supercharger",915 NJ-73,,Mt Laurel Township,NJ,8054,,877-798-3752,E,,Public,24 hours daily. Open to all vehicles.,A D Debit M V,,,,,,40,,Tesla,https://www.tesla.com/supercharger,GPS,39.933893,-74.963378,6/18/2026,353824,2026-06-18 14:46:21 UTC,P,,,7/18/2024,,,,,J1772COMBO TESLA,US,,,,Public,,public,,,HOTEL,,,,,,,,,,,,,,,,,FALSE,,,,,,,,LD,FALSE,
ELEC,"Clinton, NJ - Tesla Supercharger",2 Bank St,,Clinton,NJ,8809,,877-798-3752,E,,Public,24 hours daily. Open to all vehicles.,A D Debit M V,,,,,,12,,Tesla,https://www.tesla.com/supercharger,GPS,40.633696,-74.937364,6/18/2026,353829,2026-06-18 14:46:21 UTC,P,,,7/26/2024,,,,,J1772COMBO TESLA,US,,,,Public,,public,,,RESTAURANT,,,,,,,,,,,,,,,,,FALSE,,,,,,,,LD,FALSE,
ELEC,THOM JEFFERSON WT-5,435 Hurffville - Cross Keys Road,,Washington Township,NJ,8080,,888-758-4389,E,,Public,24 hours daily,,,,,,2,,,ChargePoint Network,https://www.chargepoint.com,GPS,39.735817,-75.06707,8/26/2026,353952,2026-08-26 02:41:09 UTC,,,,8/27/2024,,,,,J1772,US,,,,Public,,public,,,,,,,,,,,,,,,,,,,,FALSE,,,,,,,,,FALSE,
ELEC,THOM JEFFERSON WT-1,435 Hurffville - Cross Keys Road,,Washington Township,NJ,8080,,888-758-4389,E,,Public,24 hours daily,,,,,,2,,,ChargePoint Network,https://www.chargepoint.com,GPS,39.73579,-75.06702,8/26/2026,353956,2026-08-26 02:41:19 UTC,,,,8/27/2024,,,,,J1772,US,,,,Public,,public,,,,,,,,,,,,,,,,,,,,FALSE,,,,,,,,,FALSE,
ELEC,THOM JEFFERSON WT-2,435 Hurffville - Cross Keys Road,,Washington Township,NJ,8080,,888-758-4389,E,,Public,24 hours daily,,,,,,2,,,ChargePoint Network,https://www.chargepoint.com,GPS,39.735786,-75.06703,8/26/2026,354037,2026-08-26 02:41:38 UTC,,,,8/28/2024,,,,,J1772,US,,,,Public,,public,,,,,,,,,,,,,,,,,,,,FALSE,,,,,,,,,FALSE,
ELEC,THOM JEFFERSON WT-4,435 Hurffville - Cross Keys Road,,Washington Township,NJ,8080,,888-758-4389,E,,Public,24 hours daily,,,,,,2,,,ChargePoint Network,https://www.chargepoint.com,GPS,39.73585,-75.06711,8/26/2026,354045,2026-08-26 02:41:49 UTC,,,,8/28/2024,,,,,J1772,US,,,,Public,,public,,,,,,,,,,,,,,,,,,,,FALSE,,,,,,,,,FALSE,
ELEC,LAZ Parking - 52 Headquarters Plaza Garage,52 Headquarters Plaza,,Morristown,NJ,7960,,855-223-5351,E,,Public,Mon: 6:00am-12:00am; Tue: 6:00am-12:00am; Wed: 6:00am-12:00am; Thu: 6:00am-12:00am; Fri: 6:00am-12:00am; Sat: 6:00am-12:00am; Sun: 6:00am-12:00am,A D M V,,,,,16,,,FLASH,https://www.flashparking.com/products/diversify-parking-revenue/ev-charging-as-a-revenue-stream/,GPS,40.80018656,-74.4814998,8/26/2026,354654,2026-08-26 03:58:54 UTC,,,,8/30/2024,,,,,J1772,US,,,,Public,,public,,,PUBLIC,,,,,,,,,,,,,,,,,FALSE,,,,,,,,,FALSE,
ELEC,"Ocean View, NJ - Tesla Supercharger",2500 Sea Isle Blvd Unit 1,,Ocean View,NJ,8230,,877-798-3752,E,,Public,24 hours daily. NACS partner enabled.,A D Debit M V,,,,,,12,,Tesla,https://www.tesla.com/supercharger,GPS,39.177099,-74.732408,6/18/2026,355057,2026-06-18 14:46:21 UTC,P,,,9/3/2024,,,,,TESLA,US,,,,Public,,public,,,GAS_STATION,,,,,,,,,,,,,,,,,FALSE,,,,,,,,LD,FALSE,
ELEC,Quality Auto Mall,55 NJ-17,,Rutherford,NJ,7070,,888-717-4544,E,,Public,24 hours daily,,,,,,4,4,,CHARGESMART_EV,https://chargesmartev.com,GPS,40.821369,-74.099723,8/26/2026,355244,2026-08-26 04:50:49 UTC,,,,9/10/2024,,,,,J1772 J1772COMBO,US,,,,Public,,public,,,,,,,,,,,,,,,,,,,,FALSE,,,,,,,,,FALSE,
ELEC,1915 Route 46,1915 Rte 46,,Parsippany,NJ,7054,,833-611-5965,E,,Public,24 hours daily,,,,,,2,,,VIALYNK,https://www.lynkwell.com,GPS,40.8677,-74.4144,8/26/2026,355544,2026-08-26 04:47:29 UTC,,,,9/12/2024,,,,,J1772,US,,,,Public,,public,,,,,,,,,,,,,,,,,,,,FALSE,,,,,,,,,FALSE,
ELEC,"Saddle Brook, NJ - Tesla Supercharger",419 Market St,,Saddle Brook,NJ,7663,,877-798-3752,E,,Public,24 hours daily. Open to all vehicles.,A D Debit M V,,,,,,8,,Tesla,https://www.tesla.com/supercharger,GPS,40.897226,-74.09751,6/18/2026,355556,2026-06-18 14:46:21 UTC,P,,,9/9/2024,,,,,J1772COMBO TESLA,US,,,,Public,,public,,,RESTAURANT,,,,,,,,,,,,,,,,,FALSE,,,,,,,,LD,FALSE,
ELEC,AD SUTTON WHSE EV CHARGER 2,55 School Ave,,Franklin Township,NJ,8873,,888-758-4389,E,,Public,Mon: 7:00am-8:00am; Tue: 7:00am-8:00am; Wed: 7:00am-8:00am; Thu: 7:00am-8:00am; Fri: 7:00am-8:00am,,,,,,1,,,ChargePoint Network,https://www.chargepoint.com,GPS,40.483378,-74.486882,8/26/2026,355713,2026-08-26 02:42:47 UTC,,,,9/14/2024,,,,,J1772,US,,,,Public,,public,,,,,,,,,,,,,,,,,,,,FALSE,,,,,,,,,FALSE,
ELEC,AD SUTTON WHSE EV CHARGER 3,55 School Ave,,Franklin Township,NJ,8873,,888-758-4389,E,,Public,Mon: 7:00am-8:00am; Tue: 7:00am-8:00am; Wed: 7:00am-8:00am; Thu: 7:00am-8:00am; Fri: 7:00am-8:00am,,,,,,1,,,ChargePoint Network,https://www.chargepoint.com,GPS,40.48421,-74.487,8/26/2026,355714,2026-08-26 02:42:47 UTC,,,,9/14/2024,,,,,J1772,US,,,,Public,,public,,,,,,,,,,,,,,,,,,,,FALSE,,,,,,,,,FALSE,
ELEC,AD SUTTON WHSE EV CHARGER 4,55 School Avenue,,Franklin Township,NJ,8873,,888-758-4389,E,,Public,Mon: 7:00am-8:00am; Tue: 7:00am-8:00am; Wed: 7:00am-8:00am; Thu: 7:00am-8:00am; Fri: 7:00am-8:00am,,,,,,1,,,ChargePoint Network,https://www.chargepoint.com,GPS,40.483388,-74.486985,8/26/2026,355715,2026-08-26 02:42:48 UTC,,,,9/14/2024,,,,,J1772,US,,,,Public,,public,,,,,,,,,,,,,,,,,,,,FALSE,,,,,,,,,FALSE,
ELEC,AD SUTTON WHSE EV CHARGER 1,55 School Avenue,,Franklin Township,NJ,8873,,888-758-4389,E,,Public,Mon: 7:00am-8:00am; Tue: 7:00am-8:00am; Wed: 7:00am-8:00am; Thu: 7:00am-8:00am; Fri: 7:00am-8:00am,,,,,,1,,,ChargePoint Network,https://www.chargepoint.com,GPS,40.483378,-74.486975,8/26/2026,355716,2026-08-26 02:42:48 UTC,,,,9/14/2024,,,,,J1772,US,,,,Public,,public,,,,,,,,,,,,,,,,,,,,FALSE,,,,,,,,,FALSE,
ELEC,"Simon Gloucester Premium Outlets (Blackwood, NJ)",100 Premium Outlets Dr,,Blackwood,NJ,8012,,833-632-2778,E,,Public,24 hours daily,,,,,,,6,,Electrify America,https://www.electrifyamerica.com,GPS,39.78357,-75.05113,8/26/2026,355721,2026-08-26 03:38:58 UTC,,,,9/14/2024,,,,,J1772COMBO,US,,,,Public,,public,,,,,,,,,,,,,,,,,,,,FALSE,,,,,,,,,FALSE,
ELEC,Unity Bank,64 Old Hwy 22,,Clinton,NJ,8809,,833-611-5965,E,,Public,24 hours daily,,,,,,,4,,VIALYNK,https://www.lynkwell.com,GPS,40.63735,-74.90231,8/26/2026,355739,2026-08-26 04:47:30 UTC,,,,9/14/2024,,,,,J1772COMBO,US,,,,Public,,public,,,,,,,,,,,,,,,,,,,,FALSE,,,,,,,,,FALSE,
ELEC,KEAN EAST CAMPUS #2,215 North Ave Lower Lot,,Hillside,NJ,7205,,888-758-4389,E,,Public,24 hours daily,,,,,,2,,,ChargePoint Network,https://www.chargepoint.com,GPS,40.680681,-74.223728,8/26/2026,355852,2026-08-26 02:43:07 UTC,,,,9/18/2024,,,,,J1772,US,,,,Public,,public,,,,,,,,,,,,,,,,,,,,FALSE,,,,,,,,,FALSE,
ELEC,KEAN EAST CAMPUS #1,215 North Ave. Lower Lot,,Hillside,NJ,7205,,888-758-4389,E,,Public,24 hours daily,,,,,,2,,,ChargePoint Network,https://www.chargepoint.com,GPS,40.680713,-74.223631,8/26/2026,355853,2026-08-26 02:43:07 UTC,,,,9/18/2024,,,,,J1772,US,,,,Public,,public,,,,,,,,,,,,,,,,,,,,FALSE,,,,,,,,,FALSE,
ELEC,KEAN EAST CAMPUS #3,215 North Ave Lower Lot,,Hillside,NJ,7205,,888-758-4389,E,,Public,24 hours daily,,,,,,2,,,ChargePoint Network,https://www.chargepoint.com,GPS,40.680641,-74.22382,8/26/2026,355854,2026-08-26 02:43:07 UTC,,,,9/18/2024,,,,,J1772,US,,,,Public,,public,,,,,,,,,,,,,,,,,,,,FALSE,,,,,,,,,FALSE,
ELEC,"Rockaway, NJ - Green Pond Road - Tesla Supercharger",14 Green Pond Rd,,Rockaway,NJ,7866,,877-798-3752,E,,Public,24 hours daily. NACS partner enabled.,A D Debit M V,,,,,,12,,Tesla,https://www.tesla.com/supercharger,GPS,40.910882,-74.50091,6/18/2026,356065,2026-06-18 14:46:21 UTC,P,,,9/12/2024,,,,,TESLA,US,,,,Public,,public,,,OTHER,,,,,,,,,,,,,,,,,FALSE,,,,,,,,LD,FALSE,
ELEC,Gentilini Ford - Level 2,555 John S Penn Boulevard,,Woodbine,NJ,8270,,888-998-2546,E,,Public,24 hours daily,,,,,,3,,,Blink Network,https://blinkcharging.com,GPS,39.2236531,-74.7853045,8/26/2026,356133,2026-08-26 00:48:19 UTC,,,,9/12/2024,,,,,J1772,US,,,,Public,,public,,,,,,,,,,,,,,,,,,,,FALSE,,,,,,,,,FALSE,
ELEC,Ramsey Chrysler Jeep,69 Spring Street,,Ramsey,NJ,7446,,888-998-2546,E,,Public,24 hours daily,,,,,,1,,,Blink Network,https://blinkcharging.com,GPS,41.07609,-74.14148,8/26/2026,356134,2026-08-26 00:24:55 UTC,,,,5/23/2023,,,,,J1772,US,,,,Public,,public,,,,,,,,,,,,,,,,,,,,FALSE,,,,,,,,,FALSE,
ELEC,Gentilini Ford - DCFC,555 John S Penn Boulevard,,Woodbine,NJ,8270,,888-998-2546,E,,Public,24 hours daily,,,,,,,4,,Blink Network,https://blinkcharging.com,GPS,39.2236531,-74.7853045,8/26/2026,356136,2026-08-26 00:51:15 UTC,,,,9/21/2024,,,,,J1772COMBO,US,,,,Public,,public,,,,,,,,,,,,,,,,,,,,FALSE,,,,,,,,,FALSE,
ELEC,Jetsonian Partners,305 Rio Grande Avenue,,Wildwood,NJ,8260,,888-998-2546,E,,Public,24 hours daily,,,,,,2,,,Blink Network,https://blinkcharging.com,GPS,38.98112,-74.820978,8/26/2026,356231,2026-08-26 00:10:55 UTC,,,,7/19/2022,,,,,J1772,US,,,,Public,,public,,,,,,,,,,,,,,,,,,,,FALSE,,,,,,,,,FALSE,
ELEC,MONTVALE MB II STATION 2,200 Market St,,Montvale,NJ,7645,,888-758-4389,E,,Public,24 hours daily,,,,,,2,,,ChargePoint Network,https://www.chargepoint.com,GPS,41.051033,-74.063027,8/26/2026,356341,2026-08-26 01:51:23 UTC,,,,9/25/2024,,,,,J1772,US,,,,Public,,public,,,,,,,,,,,,,,,,,,,,FALSE,,,,,,,,,FALSE,
ELEC,MONTVALE MB II STATION 1,200 Market St,,Montvale,NJ,7645,,888-758-4389,E,,Public,24 hours daily,,,,,,2,,,ChargePoint Network,https://www.chargepoint.com,GPS,41.051216,-74.06381,8/26/2026,356342,2026-08-26 01:51:23 UTC,,,,9/25/2024,,,,,J1772,US,,,,Public,,public,,,,,,,,,,,,,,,,,,,,FALSE,,,,,,,,,FALSE,
ELEC,MDA II PHILLIPS STATION 4,34 Philips Pkwy,,Montvale,NJ,7645,,888-758-4389,E,,Public,24 hours daily,,,,,,2,,,ChargePoint Network,https://www.chargepoint.com,GPS,41.049766,-74.056994,8/26/2026,356343,2026-08-26 02:26:15 UTC,,,,9/25/2024,,,,,J1772,US,,,,Public,,public,,,,,,,,,,,,,,,,,,,,FALSE,,,,,,,,,FALSE,
ELEC,MB4 CT4K STATION 1,400 Market Street,Handicap left/right,Montvale,NJ,7645,,888-758-4389,E,,Public,24 hours daily,,,,,,2,,,ChargePoint Network,https://www.chargepoint.com,GPS,41.052814,-74.063251,8/26/2026,356345,2026-08-26 02:38:40 UTC,,,,9/25/2024,,,,,J1772,US,,,,Public,,public,,,,,,,,,,,,,,,,,,,,FALSE,,,,,,,,,FALSE,
ELEC,MB4 CT4K STATION 2,400 Market Street,Parking 1st and 2nd spot,Montvale,NJ,7645,,888-758-4389,E,,Public,24 hours daily,,,,,,2,,,ChargePoint Network,https://www.chargepoint.com,GPS,41.052534,-74.063832,8/26/2026,356346,2026-08-26 02:38:40 UTC,,,,9/25/2024,,,,,J1772,US,,,,Public,,public,,,,,,,,,,,,,,,,,,,,FALSE,,,,,,,,,FALSE,
ELEC,MB4 CT4K STATION 4,400 Market Street,Parking 3rd and 4th spot,Montvale,NJ,7645,,888-758-4389,E,,Public,24 hours daily,,,,,,2,,,ChargePoint Network,https://www.chargepoint.com,GPS,41.052657,-74.063625,8/26/2026,356347,2026-08-26 02:38:41 UTC,,,,9/25/2024,,,,,J1772,US,,,,Public,,public,,,,,,,,,,,,,,,,,,,,FALSE,,,,,,,,,FALSE,
ELEC,MB4 CT4K STATION 5,400 Market St,Front 1st and 2nd left spot,Montvale,NJ,7645,,888-758-4389,E,,Public,24 hours daily,,,,,,2,,,ChargePoint Network,https://www.chargepoint.com,GPS,41.05276,-74.062467,8/26/2026,356348,2026-08-26 02:38:41 UTC,,,,9/25/2024,,,,,J1772,US,,,,Public,,public,,,,,,,,,,,,,,,,,,,,FALSE,,,,,,,,,FALSE,
ELEC,MB4 CT4K STATION 6,400 Market St,Front 5th and 6th spot,Montvale,NJ,7645,,888-758-4389,E,,Public,24 hours daily,,,,,,2,,,ChargePoint Network,https://www.chargepoint.com,GPS,41.052765,-74.062434,8/26/2026,356349,2026-08-26 02:38:41 UTC,,,,9/25/2024,,,,,J1772,US,,,,Public,,public,,,,,,,,,,,,,,,,,,,,FALSE,,,,,,,,,FALSE,
ELEC,MB4 CT4K STATION 7,400 Market St,Front 3rd and 4th spot,Montvale,NJ,7645,,888-758-4389,E,,Public,24 hours daily,,,,,,2,,,ChargePoint Network,https://www.chargepoint.com,GPS,41.052683,-74.062466,8/26/2026,356350,2026-08-26 02:38:42 UTC,,,,9/25/2024,,,,,J1772,US,,,,Public,,public,,,,,,,,,,,,,,,,,,,,FALSE,,,,,,,,,FALSE,
ELEC,MB4 CT4K STATION 3,400 Market St,,Montvale,NJ,7645,,888-758-4389,E,,Public,24 hours daily,,,,,,2,,,ChargePoint Network,https://www.chargepoint.com,GPS,41.053236,-74.06349,8/26/2026,356356,2026-08-26 02:41:27 UTC,,,,9/25/2024,,,,,J1772,US,,,,Public,,public,,,,,,,,,,,,,,,,,,,,FALSE,,,,,,,,,FALSE,
ELEC,Tower Lenox CPU LLC,500 Central Avenue,,Union City,NJ,7087,,888-998-2546,E,,Public,24 hours daily,,,,,,18,,,Blink Network,https://blinkcharging.com,GPS,40.75633331,-74.042753,8/26/2026,356386,2026-08-26 00:30:34 UTC,,,,9/25/2024,,,,,J1772,US,,,,Public,,public,,,,,,,,,,,,,,,,,,,,FALSE,,,,,,,,,FALSE,
ELEC,The Benjamin - Parking Lot,1 Franklin Ave,,Ridgewood,NJ,7450,,813-492-5220,E,,Public,24 hours daily,A ANDROID_PAY APPLE_PAY D M V,,,,,6,,,EVOKE,https://evokesystems.com,GPS,40.981522,-74.11927,6/12/2026,356871,2026-06-12 17:15:57 UTC,P,,,8/16/2023,,,,,J1772,US,,,,Public,,public,,,MULTI_UNIT_DWELLING,,,,,,,$2.50 initiation fee; $0.35 per kWh,,,,,,,,,,FALSE,,,,,,,,LD,FALSE,
ELEC,Eclipse Specialty & Emergency Pet Care - Rear Parking Lot,1 Papermill Dr,,Hanover,NJ,7981,,813-492-5220,E,,Public,24 hours daily,A ANDROID_PAY APPLE_PAY D M V,,,,,4,,,EVOKE,https://evokesystems.com,GPS,40.830188,-74.430882,6/12/2026,356872,2026-06-12 17:15:57 UTC,P,,,3/1/2024,,,,,J1772,US,,,,Public,,public,,,OFFICE_BLDG,,,,,,,$2.50 initiation fee; $0.30 per kWh; $5 per hour idle fee,,,,,,,,,,FALSE,,,,,,,,LD,FALSE,
ELEC,One Spring St - Garage 4th Floor,1 Spring St,,New Brunswick,NJ,8901,,813-492-5220,E,,Public,24 hours daily,A ANDROID_PAY APPLE_PAY D M V,,,,,7,,,EVOKE,https://evokesystems.com,GPS,40.495121,-74.444878,6/12/2026,356873,2026-06-12 17:15:57 UTC,P,,,5/22/2023,,,,,J1772,US,,,,Public,,public,,,MULTI_UNIT_DWELLING,,,,,,,$2 initiation fee; $0.24 per kWh; $10 per hour idle fee,,,,,,,,,,FALSE,,,,,,,,LD,FALSE,
ELEC,Overlook,11 Overlook Rd,,Summit,NJ,7901,,813-492-5220,E,,Public,24 hours daily,A ANDROID_PAY APPLE_PAY D M V,,,,,18,,,EVOKE,https://evokesystems.com,GPS,40.711924,-74.354656,6/12/2026,356893,2026-06-12 17:15:57 UTC,P,,,5/2/2024,,,,,J1772,US,,,,Public,,public,,,HOSPITAL,,,,,,,$0.75 initiation fee; $0.40 per kWh,,,,,,,,,,FALSE,,,,,,,,LD,FALSE,
ELEC,RWJ Somerset,110 Rehill Ave,,Somerville,NJ,8876,,813-492-5220,E,,Private,24 hours daily,A ANDROID_PAY APPLE_PAY D M V,,,,,8,,,EVOKE,https://evokesystems.com,GPS,40.56965,-74.595446,6/12/2026,356895,2026-06-12 17:15:57 UTC,P,,,4/29/2021,,,,,J1772,US,,,,Privé,,private,,,HOSPITAL,,,,,,,Free,,,,,,,,,,,,,,,,,,LD,FALSE,
ELEC,115 Tabor Road,115 Tabor Rd,,Morris Plains,NJ,7950,,813-492-5220,E,,Public,24 hours daily,A ANDROID_PAY APPLE_PAY D M V,,,,,19,,,EVOKE,https://evokesystems.com,GPS,40.83636,-74.476411,6/12/2026,356907,2026-06-12 17:15:57 UTC,P,,,11/11/2022,,,,,J1772,US,,,,Public,,public,,,OFFICE_BLDG,,,,,,,$0.40 per kWh,,,,,,,,,,FALSE,,,,,,,,LD,FALSE,
ELEC,120 Passaic Street - Parking Lot 1,120 Passaic St,,Hackensack,NJ,7601,,813-492-5220,E,,Public,24 hours daily,A ANDROID_PAY APPLE_PAY D M V,,,,,6,,,EVOKE,https://evokesystems.com,GPS,40.892611,-74.044249,6/12/2026,356912,2026-06-12 17:15:57 UTC,P,,,1/13/2024,,,,,J1772,US,,,,Public,,public,,,PARKING_LOT,,,,,,,$2 initiation fee; $0.35 per kWh; $30 per hour idle fee,,,,,,,,,,FALSE,,,,,,,,LD,FALSE,
ELEC,The Aspire - Garage 2nd Floor,135 Somerset St,,New Brunswick,NJ,8901,,813-492-5220,E,,Public,24 hours daily,A ANDROID_PAY APPLE_PAY D M V,,,,,5,,,EVOKE,https://evokesystems.com,GPS,40.497168,-74.449174,6/12/2026,356921,2026-06-12 17:15:57 UTC,P,,,6/23/2023,,,,,J1772,US,,,,Public,,public,,,MULTI_UNIT_DWELLING,,,,,,,$2 initiation fee; $0.24 per kWh; $10 per hour idle fee,,,,,,,,,,FALSE,,,,,,,,LD,FALSE,
ELEC,The Arbol - Garage - Ground Floor,227 Orange St,,Newark,NJ,7103,,813-492-5220,E,,Public,24 hours daily,A ANDROID_PAY APPLE_PAY D M V,,,,,4,,,EVOKE,https://evokesystems.com,GPS,40.7483259,-74.1785377,6/12/2026,356963,2026-06-12 17:15:57 UTC,P,,,5/17/2024,,,,,J1772,US,,,,Public,,public,,,MULTI_UNIT_DWELLING,,,,,,,Free,,,,,,,,,,FALSE,,,,,,,,LD,FALSE,
ELEC,One Hudson Park Condo - Resident Parking,235 Old River Rd,,Edgewater,NJ,7020,,813-492-5220,E,,Public,24 hours daily,A ANDROID_PAY APPLE_PAY D M V,,,,,2,,,EVOKE,https://evokesystems.com,GPS,40.808576,-73.990631,6/12/2026,356968,2026-06-12 17:15:57 UTC,P,,,4/5/2023,,,,,J1772,US,,,,Public,,public,,,MULTI_UNIT_DWELLING,,,,,,,$1 initiation fee; $0.30 per kWh; $3 per hour idle fee,,,,,,,,,,FALSE,,,,,,,,LD,FALSE,
ELEC,299 AHS Laboratory - Parking Lot,299 Madison Ave,,Morristown,NJ,7960,,813-492-5220,E,,Public,24 hours daily,A ANDROID_PAY APPLE_PAY D M V,,,,,8,,,EVOKE,https://evokesystems.com,GPS,40.784115,-74.453021,6/12/2026,356985,2026-06-12 17:15:57 UTC,P,,,11/30/2023,,,,,J1772,US,,,,Public,,public,,,HOSPITAL,,,,,,,$0.75 initiation fee; $0.40 per kWh,,,,,,,,,,FALSE,,,,,,,,LD,FALSE,
ELEC,Gil-Bar Berkeley Heights - Parking Lot,321 Snyder Ave,,Berkeley Heights,NJ,7922,,813-492-5220,E,,Public,24 hours daily,A ANDROID_PAY APPLE_PAY D M V,,,,,2,1,,EVOKE,https://evokesystems.com,GPS,40.681007,-74.431642,6/12/2026,356998,2026-06-12 17:15:57 UTC,P,,,8/4/2023,,,,,CHADEMO J1772 J1772COMBO,US,,,,Public,,public,,,OFFICE_BLDG,,,,,,,$0.35 per kWh,,,,,,,,,,FALSE,,,,,,,,LD,FALSE,
ELEC,Goldberg Realty Main Office - Parking Lot,33 Clinton Rd,,West Caldwell,NJ,7006,,813-492-5220,E,,Public,24 hours daily,A ANDROID_PAY APPLE_PAY D M V,,,,,2,,,EVOKE,https://evokesystems.com,GPS,40.85152,-74.29334,6/12/2026,357003,2026-06-12 17:15:57 UTC,P,,,7/19/2023,,,,,J1772,US,,,,Public,,public,,,OFFICE_BLDG,,,,,,,$0.35 per kWh; $2 per hour idle fee,,,,,,,,,,FALSE,,,,,,,,LD,FALSE,
ELEC,Barclays Whippany Garage 300,"400 Jefferson Park, Bldg 300",,Hanover,NJ,7981,,813-492-5220,E,,Private,8am-8pm M-F,A ANDROID_PAY APPLE_PAY D M V,,,,,65,,,EVOKE,https://evokesystems.com,GPS,40.814056,-74.439605,6/12/2026,357022,2026-06-12 17:15:57 UTC,P,,,3/14/2024,,,,,J1772,US,,,,Privé,,private,,,OFFICE_BLDG,,,,,,,$0.50 initiation fee; $0.16 per kWh,,,,,,,,,,,,,,,,,,LD,FALSE,
ELEC,The NoMa - NOMA Garage,45 N Maple Ave,,Ridgewood,NJ,7450,,813-492-5220,E,,Public,24 hours daily,A ANDROID_PAY APPLE_PAY D M V,,,,,4,,,EVOKE,https://evokesystems.com,GPS,40.97945,-74.11256,6/12/2026,357039,2026-06-12 17:15:57 UTC,P,,,12/7/2022,,,,,J1772,US,,,,Public,,public,,,RETAIL,,,,,,,Free,,,,,,,,,,FALSE,,,,,,,,LD,FALSE,
ELEC,Central Medical Supply - Parking Lot,52 E Centre St,,Nutley,NJ,7110,,813-492-5220,E,,Public,24 hours daily,A ANDROID_PAY APPLE_PAY D M V,,,,,2,,,EVOKE,https://evokesystems.com,GPS,40.808754,-74.142575,6/12/2026,357052,2026-06-12 17:15:57 UTC,P,,,6/22/2023,,,,,J1772,US,,,,Public,,public,,,OFFICE_BLDG,,,,,,,Free,,,,,,,,,,FALSE,,,,,,,,LD,FALSE,
ELEC,61 S Paramus Office - Parking Lot,61 S Paramus Rd,,Paramus,NJ,7652,,813-492-5220,E,,Public,24 hours daily,A ANDROID_PAY APPLE_PAY D M V,,,,,5,,,EVOKE,https://evokesystems.com,GPS,40.922245,-74.086812,6/12/2026,357077,2026-06-12 17:15:57 UTC,P,,,8/16/2023,,,,,J1772,US,,,,Public,,public,,,MULTI_UNIT_DWELLING,,,,,,,$2.50 initiation fee; $0.35 per kWh,,,,,,,,,,FALSE,,,,,,,,LD,FALSE,
ELEC,670 N Beers St - ASG HQ,670 N Beers St,,Holmdel,NJ,7733,,813-492-5220,E,,Public,24 hours daily,A ANDROID_PAY APPLE_PAY D M V,,,,,2,2,,EVOKE,https://evokesystems.com,GPS,40.4090329,-74.1967216,6/12/2026,357087,2026-06-12 17:15:57 UTC,P,,,6/20/2024,,,,,CHADEMO J1772 J1772COMBO,US,,,,Public,,public,,,OFFICE_BLDG,,,,,,,$0.35 per kWh; $0.50 per hour idle fee,,,,,,,,,,FALSE,,,,,,,,LD,TRUE,
ELEC,ICONIQ 777 McCarter - Iconiq Garage 2nd Floor,777 McCarter Hwy,,Newark,NJ,7102,,813-492-5220,E,,Public,24 hours daily,A ANDROID_PAY APPLE_PAY D M V,,,,,8,,,EVOKE,https://evokesystems.com,GPS,40.733906,-74.166803,6/12/2026,357098,2026-06-12 17:15:57 UTC,P,,,7/20/2023,,,,,J1772,US,,,,Public,,public,,,MULTI_UNIT_DWELLING,,,,,,,$2 initiation fee; $0.24 per kWh; $10 per hour idle fee,,,,,,,,,,FALSE,,,,,,,,LD,FALSE,
ELEC,Formosa Plastics Corporate HQ NJ - Formosa Plastics,9 Peach Tree Hill Rd,,Livingston,NJ,7039,,813-492-5220,E,,Private,24 hours daily,A ANDROID_PAY APPLE_PAY D M V,,,,,10,,,EVOKE,https://evokesystems.com,GPS,40.770328,-74.361964,6/12/2026,357115,2026-06-12 17:15:57 UTC,P,,,2/27/2024,,,,,J1772,US,,,,Privé,,private,,,OFFICE_BLDG,,,,,,,Free,,,,,,,,,,,,,,,,,,LD,FALSE,
ELEC,Chilton,97 West Pkwy,,Pequannock Township,NJ,7444,,813-492-5220,E,,Public,24 hours daily,A ANDROID_PAY APPLE_PAY D M V,,,,,8,,,EVOKE,https://evokesystems.com,GPS,40.9584113,-74.3093863,6/12/2026,357122,2026-06-12 17:15:57 UTC,P,,,6/14/2024,,,,,J1772,US,,,,Public,,public,,,HOSPITAL,,,,,,,$0.75 initiation fee; $0.40 per kWh,,,,,,,,,,FALSE,,,,,,,,LD,FALSE,
ELEC,Anserve Inc.,1250 New Jersey 23,,Butler,NJ,7405,,888-998-2546,E,,Public,24 hours daily,,,,,,2,,,Blink Network,https://blinkcharging.com,GPS,40.99147818,-74.34145419,8/26/2026,357284,2026-08-26 00:50:43 UTC,,,,9/30/2024,,,,,J1772,US,,,,Public,,public,,,,,,,,,,,,,,,,,,,,FALSE,,,,,,,,,FALSE,
ELEC,LEXUS OF AC SERVICE SUPER C,3163 Atlantic 651,,Egg Harbor Township,NJ,8234,,888-758-4389,E,,Public,24 hours daily,,,,,,,1,,ChargePoint Network,https://www.chargepoint.com,GPS,39.388198,-74.567826,8/26/2026,357319,2026-08-26 02:28:24 UTC,,,,10/2/2024,,,,,CHADEMO J1772COMBO,US,,,,Public,,public,,,,,,,,,,,,,,,,,,,,FALSE,,,,,,,,,FALSE,
ELEC,CFA 04899 STATION 2,1180 US-46,,Parsippany-Troy Hills,NJ,7054,,888-758-4389,E,,Public,24 hours daily,,,,,,2,,,ChargePoint Network,https://www.chargepoint.com,GPS,40.863456,-74.388491,8/26/2026,357323,2026-08-26 02:35:35 UTC,,,,10/2/2024,,,,,J1772,US,,,,Public,,public,,,,,,,,,,,,,,,,,,,,FALSE,,,,,,,,,FALSE,
ELEC,CFA 04899 STATION 1,1180 US-46,,Parsippany-Troy Hills,NJ,7054,,888-758-4389,E,,Public,24 hours daily,,,,,,1,,,ChargePoint Network,https://www.chargepoint.com,GPS,40.863471,-74.388574,8/26/2026,357324,2026-08-26 02:35:36 UTC,,,,10/2/2024,,,,,J1772,US,,,,Public,,public,,,,,,,,,,,,,,,,,,,,FALSE,,,,,,,,,FALSE,
ELEC,WEXFORD CSN-01697120,100 DORCHESTER DR,,Lumberton,NJ,8048,,888-758-4389,E,,Public,24 hours daily,,,,,,1,,,ChargePoint Network,https://www.chargepoint.com,GPS,39.976431,-74.763047,8/26/2026,357465,2026-08-26 02:39:09 UTC,,,,10/4/2024,,,,,J1772,US,,,,Public,,public,,,,,,,,,,,,,,,,,,,,FALSE,,,,,,,,,FALSE,
ELEC,WEXFORD CSN-01697121,100 DORCHESTER DR,,Lumberton,NJ,8048,,888-758-4389,E,,Public,24 hours daily,,,,,,1,,,ChargePoint Network,https://www.chargepoint.com,GPS,39.976325,-74.763026,8/26/2026,357466,2026-08-26 02:39:09 UTC,,,,10/4/2024,,,,,J1772,US,,,,Public,,public,,,,,,,,,,,,,,,,,,,,FALSE,,,,,,,,,FALSE,
ELEC,L701 CP6 - STATION 1,1504 U.S. 1,,North Brunswick Township,NJ,8902,,888-758-4389,E,,Public,Mon: 8:00am-8:00pm; Tue: 8:00am-8:00pm; Wed: 8:00am-8:00pm; Thu: 8:00am-8:00pm; Fri: 8:00am-8:00pm; Sat: 8:00am-7:00pm,,,,,,1,,,ChargePoint Network,https://www.chargepoint.com,GPS,40.455875,-74.478138,8/26/2026,357480,2026-08-26 02:43:39 UTC,,,,10/4/2024,,,,,J1772,US,,,,Public,,public,,,,,,,,,,,,,,,,,,,,FALSE,,,,,,,,,FALSE,
ELEC,NBPA ADMIN LEVEL 2,4225 Bergen Turnpike,,North Bergen,NJ,7047,,888-758-4389,E,,Public,24 hours daily,,,,,,2,,,ChargePoint Network,https://www.chargepoint.com,GPS,40.78185,-74.033657,8/26/2026,357508,2026-08-26 02:44:32 UTC,,,,10/4/2024,,,,,J1772,US,,,,Public,,public,,,,,,,,,,,,,,,,,,,,FALSE,,,,,,,,,FALSE,
ELEC,UAL EMPLOYEE 737 LOT STN 2,1 International Way,UAL EMPLOYEE LOT - RESTRICTED ACCESS - EMPLOYEES ONLY,Newark,NJ,7114,,888-758-4389,E,,Public,24 hours daily,,,,,,2,,,ChargePoint Network,https://www.chargepoint.com,GPS,40.70439,-74.185667,8/26/2026,357563,2026-08-26 01:07:04 UTC,,,,10/5/2024,,,,,J1772,US,,,,Public,,public,,,,,,,,,,,,,,,,,,,,FALSE,,,,,,,,,FALSE,
ELEC,UAL EMPLOYEE 737 LOT STN 3,1 International Way,UAL EMPLOYEE LOT - RESTRICTED ACCESS - EMPLOYEES ONLY,Newark,NJ,7114,,888-758-4389,E,,Public,24 hours daily,,,,,,2,,,ChargePoint Network,https://www.chargepoint.com,GPS,40.704349,-74.185698,8/26/2026,357564,2026-08-26 01:23:31 UTC,,,,10/5/2024,,,,,J1772,US,,,,Public,,public,,,,,,,,,,,,,,,,,,,,FALSE,,,,,,,,,FALSE,
ELEC,L701 CP6 - STATION 2,1504 U.S. 1,,North Brunswick Township,NJ,8902,,888-758-4389,E,,Public,Mon: 8:00am-8:00pm; Tue: 8:00am-8:00pm; Wed: 8:00am-8:00pm; Thu: 8:00am-8:00pm; Fri: 8:00am-8:00pm; Sat: 8:00am-7:00pm,,,,,,1,,,ChargePoint Network,https://www.chargepoint.com,GPS,40.455886,-74.478105,8/26/2026,357569,2026-08-26 02:43:39 UTC,,,,10/5/2024,,,,,J1772,US,,,,Public,,public,,,,,,,,,,,,,,,,,,,,FALSE,,,,,,,,,FALSE,
ELEC,L701 CP6 - STATION 3,1504 U.S. 1,,North Brunswick Township,NJ,8902,,888-758-4389,E,,Public,Mon: 8:00am-8:00pm; Tue: 8:00am-8:00pm; Wed: 8:00am-8:00pm; Thu: 8:00am-8:00pm; Fri: 8:00am-8:00pm; Sat: 8:00am-7:00pm,,,,,,1,,,ChargePoint Network,https://www.chargepoint.com,GPS,40.455882,-74.478068,8/26/2026,357570,2026-08-26 02:43:39 UTC,,,,10/5/2024,,,,,J1772,US,,,,Public,,public,,,,,,,,,,,,,,,,,,,,FALSE,,,,,,,,,FALSE,
ELEC,L701 CP6 - STATION 4,1504 U.S. 1,,North Brunswick Township,NJ,8902,,888-758-4389,E,,Public,Mon: 8:00am-8:00pm; Tue: 8:00am-8:00pm; Wed: 8:00am-8:00pm; Thu: 8:00am-8:00pm; Fri: 8:00am-8:00pm; Sat: 8:00am-7:00pm,,,,,,1,,,ChargePoint Network,https://www.chargepoint.com,GPS,40.455892,-74.47803,8/26/2026,357571,2026-08-26 02:43:39 UTC,,,,10/5/2024,,,,,J1772,US,,,,Public,,public,,,,,,,,,,,,,,,,,,,,FALSE,,,,,,,,,FALSE,
ELEC,L701 CP6 - STATION 5,1504 U.S. 1,,North Brunswick Township,NJ,8902,,888-758-4389,E,,Public,Mon: 8:00am-8:00pm; Tue: 8:00am-8:00pm; Wed: 8:00am-8:00pm; Thu: 8:00am-8:00pm; Fri: 8:00am-8:00pm; Sat: 8:00am-7:00pm,,,,,,1,,,ChargePoint Network,https://www.chargepoint.com,GPS,40.455905,-74.477997,8/26/2026,357572,2026-08-26 02:43:40 UTC,,,,10/5/2024,,,,,J1772,US,,,,Public,,public,,,,,,,,,,,,,,,,,,,,FALSE,,,,,,,,,FALSE,
ELEC,30 Court Street,30 Court Street,,Morristown,NJ,7960,,888-998-2546,E,,Public,24 hours daily,,,,,,4,,,Blink Network,https://blinkcharging.com,GPS,40.7965779,-74.484466,8/26/2026,357691,2026-08-26 00:47:16 UTC,,,,12/9/2019,,,,,J1772,US,,,,Public,,public,,,,,,,,,,,,,,,,,,,,FALSE,,,,,,,,,FALSE,
ELEC,Palmyra Cove Nature Park - Series,1335 New Jersey 73,,Palmyra,NJ,8065,,888-998-2546,E,,Public,Mon: 8:00am-4:00pm; Tue: 8:00am-4:00pm; Wed: 8:00am-4:00pm; Thu: 8:00am-4:00pm; Fri: 8:00am-4:00pm; Sat: 8:00am-4:00pm; Sun: 8:00am-4:00pm,,,,,,4,,,Blink Network,https://blinkcharging.com,GPS,40.00808673,-75.04146131,8/26/2026,357737,2026-08-26 00:28:46 UTC,,,,10/9/2024,,,,,J1772,US,,,,Public,,public,,,,,,,,,,,,,,,,,,,,FALSE,,,,,,,,,FALSE,
ELEC,MERCERCOUNTYNJ ADMIN DC 1,640 S Broad St,,Trenton,NJ,8611,,888-758-4389,E,,Public,24 hours daily,,,,,,,1,,ChargePoint Network,https://www.chargepoint.com,GPS,40.207745,-74.75468,8/26/2026,357744,2026-08-26 02:34:12 UTC,,,,10/10/2024,,,,,CHADEMO J1772COMBO,US,,,,Public,,public,,,,,,,,,,,,,,,,,,,,FALSE,,,,,,,,,FALSE,
ELEC,MERCERCOUNTYNJ ADMIN DC2,640 S Broad St,,Trenton,NJ,8611,,888-758-4389,E,,Public,24 hours daily,,,,,,,1,,ChargePoint Network,https://www.chargepoint.com,GPS,40.207758,-74.754708,8/26/2026,357745,2026-08-26 02:34:12 UTC,,,,10/10/2024,,,,,CHADEMO J1772COMBO,US,,,,Public,,public,,,,,,,,,,,,,,,,,,,,FALSE,,,,,,,,,FALSE,
ELEC,MERCERCOUNTYNJ ARENA DC1,80 Hamilton Avenue,,Trenton,NJ,8611,,888-758-4389,E,,Public,24 hours daily,,,,,,,1,,ChargePoint Network,https://www.chargepoint.com,GPS,40.213685,-74.756737,8/26/2026,357749,2026-08-26 02:40:11 UTC,,,,10/10/2024,,,,,CHADEMO J1772COMBO,US,,,,Public,,public,,,,,,,,,,,,,,,,,,,,FALSE,,,,,,,,,FALSE,
ELEC,MERCERCOUNTYNJ ARENA DC2,80 Hamilton Avenue,,Trenton,NJ,8611,,888-758-4389,E,,Public,24 hours daily,,,,,,,1,,ChargePoint Network,https://www.chargepoint.com,GPS,40.213614,-74.756721,8/26/2026,357750,2026-08-26 02:40:11 UTC,,,,10/10/2024,,,,,CHADEMO J1772COMBO,US,,,,Public,,public,,,,,,,,,,,,,,,,,,,,FALSE,,,,,,,,,FALSE,
ELEC,COMMUNITY CNTR COMMUNITY CTR 1,100 Mount Laurel Road,Side door,Mount Laurel Township,NJ,8054,,888-758-4389,E,,Public,24 hours daily,,,,,,2,,,ChargePoint Network,https://www.chargepoint.com,GPS,39.959004,-74.925345,8/26/2026,357755,2026-08-26 02:41:33 UTC,,,,10/10/2024,,,,,J1772,US,,,,Public,,public,,,,,,,,,,,,,,,,,,,,FALSE,,,,,,,,,FALSE,
ELEC,Advanced Auto Parts,1515 Rt 23S,,Butler,NJ,7405,,888-356-8911,E,,Public,24 hours daily,,,,,,2,,,FLO,https://www.flo.com,GPS,41.004017,-74.358172,8/26/2026,357813,2026-08-26 04:15:19 UTC,,,,10/10/2024,,,,,J1772,US,,,,Public,,public,,,,,,,,,,,,,,,,,,,,FALSE,,,,,,,,,FALSE,
ELEC,Gentilini Chevrolet,500 John S Penn Boulevard,,Woodbine,NJ,8270,,888-998-2546,E,,Public,24 hours daily,,,,,,1,,,Blink Network,https://blinkcharging.com,GPS,39.224273,-74.787483,8/26/2026,357828,2026-08-26 00:27:11 UTC,,,,10/10/2024,,,,,J1772,US,,,,Public,,public,,,,,,,,,,,,,,,,,,,,FALSE,,,,,,,,,FALSE,
ELEC,Burlington County Bridge - DCFC,1208 Market Street,,Palmyra,NJ,8065,,888-998-2546,E,,Public,24 hours daily,,,,,,,4,,Blink Network,https://blinkcharging.com,GPS,40.00566,-75.03655,8/26/2026,357916,2026-08-26 00:46:49 UTC,,,,10/11/2024,,,,,CHADEMO J1772COMBO,US,,,,Public,,public,,,,,,,,,,,,,,,,,,,,FALSE,,,,,,,,,FALSE,
ELEC,CISEV MARLBORO CLUB,93 Tennent Rd The Place,,Marlboro,NJ,7751,,888-758-4389,E,,Public,24 hours daily,,,,,,2,,,ChargePoint Network,https://www.chargepoint.com,GPS,40.376672,-74.254202,8/26/2026,357935,2026-08-26 02:44:35 UTC,,,,10/12/2024,,,,,J1772,US,,,,Public,,public,,,,,,,,,,,,,,,,,,,,FALSE,,,,,,,,,FALSE,
ELEC,Holman Ford of Maple Shade,571 NJ-38,,Maple Shade,NJ,8052,,888-357-1009,E,,Public,Mon: 8:00am-7:00pm; Tue: 8:00am-7:00pm; Wed: 8:00am-7:00pm; Thu: 8:00am-7:00pm; Fri: 8:00am-7:00pm; Sat: 8:00am-5:00pm,A ANDROID_PAY APPLE_PAY CREDIT D Debit M V,,,,,,2,,FORD_CHARGE,https://www.ford.com/support/category/electric-vehicle/charging/public-charging/,GPS,39.943652,-74.975807,8/26/2026,358291,2026-08-26 05:26:38 UTC,,,,3/1/2024,,,,,J1772COMBO,US,,,,Public,,public,,,PUBLIC,,,,,,,,,,,,,,,,,FALSE,,,,,,,,,FALSE,
ELEC,Renault Winery & Resort - Tesla Destination,72 S Bremen Ave,,Egg Harbor City,NJ,8215,,877-798-3752,E,,Public,,,,,,,2,,,Tesla Destination,https://www.tesla.com/destination-charging,GPS,39.518538,-74.636831,7/1/2024,358585,2025-05-06 21:10:23 UTC,P,,,,,,,,J1772 TESLA,US,,,,Public,,public,,,,,,,,,,,,,,,,,,,,,,,,,,,,,FALSE,
ELEC,Wick Corporate Center - Tesla Destination,100 Woodbridge Center Dr,,Woodbridge,NJ,7095,,877-798-3752,E,,Private,,,,,,,7,,,Tesla Destination,https://www.tesla.com/destination-charging,GPS,40.553242,-74.300179,7/1/2024,358606,2025-05-06 21:10:23 UTC,P,,,,,,,,J1772 TESLA,US,,,,Privé,,private,,,,,,,,,,,,,,,,,,,,,,,,,,,,,FALSE,
ELEC,NJIT-STPG Park Garage - Tesla Destination,42 Wilsey Street Wilsey St,,Newark,NJ,7103,,877-798-3752,E,,Private,,,,,,,8,,,Tesla Destination,https://www.tesla.com/destination-charging,GPS,40.743067,-74.182128,7/1/2024,358608,2025-02-12 00:16:32 UTC,P,,,7/1/2024,,,,,J1772 TESLA,US,,,,Privé,,private,,,,,,,,,,,,,,,,,,,,,,,,,,,,,FALSE,
ELEC,Embassy Suites by Hilton Berkeley Heights - Tesla Destination,250 Connell Dr,,Berkeley Heights,NJ,7922,,877-798-3752,E,,Public,,,,,,,3,,,Tesla Destination,https://www.tesla.com/destination-charging,GPS,40.66293,-74.417432,7/1/2024,358800,2025-02-12 00:16:32 UTC,P,,,7/1/2024,,,,,TESLA,US,,,,Public,,public,,,,,,,,,,,,,,,,,,,,,,,,,,,,,FALSE,
ELEC,Avalon Bay - Princeton Circle - Tesla Destination,100 Thanet Cir,,Princeton,NJ,8540,,877-798-3752,E,,Private,,,,,,,10,,,Tesla Destination,https://www.tesla.com/destination-charging,GPS,40.36978,-74.652779,7/1/2024,358851,2025-05-06 21:10:23 UTC,P,,,,,,,,J1772 TESLA,US,,,,Privé,,private,,,,,,,,,,,,,,,,,,,,,,,,,,,,,FALSE,
ELEC,Naavi Realty - Tesla Destination,1134 NJ-73,,Mt. Laurel Township,NJ,8054,,877-798-3752,E,,Public,,,,,,,6,,,Tesla Destination,https://www.tesla.com/destination-charging,GPS,39.925405,-74.952874,7/1/2024,358966,2025-06-09 19:21:51 UTC,P,,,7/1/2024,,,,,J1772 TESLA,US,,,,Public,,public,,,,,,,,,,,,,,,,,,,,,,,,,,,,,FALSE,
ELEC,Bell Works - Tesla Destination,101 Crawfords Corner Rd,,Holmdel,NJ,7733,,877-798-3752,E,,Public,,,,,,,5,,,Tesla Destination,https://www.tesla.com/destination-charging,GPS,40.364179,-74.166064,7/1/2024,359199,2025-05-06 21:10:23 UTC,P,,,,,,,,J1772 TESLA,US,,,,Public,,public,,,,,,,,,,,,,,,,,,,,,,,,,,,,,FALSE,
ELEC,UBS Financial Services - Tesla Destination,1200  Harbor Blvd,,Weehawken,NJ,7086,,877-798-3752,E,,Private,,,,,,,50,,,Tesla Destination,https://www.tesla.com/destination-charging,GPS,40.760562,-74.023132,7/1/2024,359227,2025-02-12 00:16:32 UTC,P,,,7/1/2024,,,,,J1772 TESLA,US,,,,Privé,,private,,,,,,,,,,,,,,,,,,,,,,,,,,,,,FALSE,
ELEC,West Orange Dog Park - Tesla Destination,4000 Executive Dr,,West Orange,NJ,7052,,877-798-3752,E,,Public,,,,,,,4,,,Tesla Destination,https://www.tesla.com/destination-charging,GPS,40.795394,-74.258007,7/1/2024,359294,2025-05-06 21:10:23 UTC,P,,,,,,,,J1772 TESLA,US,,,,Public,,public,,,,,,,,,,,,,,,,,,,,,,,,,,,,,FALSE,
ELEC,25 Mountainview - Tesla Destination,25 Mountainview Blvd,,Bernards,NJ,7920,,877-798-3752,E,,Public,,,,,,,6,,,Tesla Destination,https://www.tesla.com/destination-charging,GPS,40.644394,-74.577359,7/1/2024,359726,2025-02-12 00:16:32 UTC,P,,,7/1/2024,,,,,TESLA,US,,,,Public,,public,,,,,,,,,,,,,,,,,,,,,,,,,,,,,FALSE,
ELEC,Littleman Parking 2 12th Street - Tesla Destination,2 12th St,,Hoboken,NJ,7030,,877-798-3752,E,,Public,,,,,,,4,,,Tesla Destination,https://www.tesla.com/destination-charging,GPS,40.750728,-74.024441,7/1/2024,359784,2025-02-12 00:16:32 UTC,P,,,7/1/2024,,,,,TESLA,US,,,,Public,,public,,,,,,,,,,,,,,,,,,,,,,,,,,,,,FALSE,
ELEC,The Park Building 100 - Tesla Destination,100 Connell Dr.,,Berkeley Heights,NJ,7922,,877-798-3752,E,,Private,,,,,,,32,,,Tesla Destination,https://www.tesla.com/destination-charging,GPS,40.666111,-74.411955,7/1/2024,359826,2025-02-12 00:16:32 UTC,P,,,7/1/2024,,,,,J1772 TESLA,US,,,,Privé,,private,,,,,,,,,,,,,,,,,,,,,,,,,,,,,FALSE,
ELEC,"Merck - Rahway, NJ - Tesla Destination",90 E Scott Ave,,Rahway,NJ,7065,,877-798-3752,E,,Private,,,,,,,36,,,Tesla Destination,https://www.tesla.com/destination-charging,GPS,40.612291,-74.267287,7/1/2024,359848,2025-02-12 00:16:32 UTC,P,,,7/1/2024,,,,,J1772 TESLA,US,,,,Privé,,private,,,,,,,,,,,,,,,,,,,,,,,,,,,,,FALSE,
ELEC,"Kingsbridge Road, Fairfield",8 Kingsbridge Road,,Fairfield,NJ,7004,,800-636-0986,E,,Public,,,,,,,12,,,CHARGELAB,https://chargelab.co,GPS,40.879737,-74.26926,8/26/2026,359990,2026-08-26 05:35:23 UTC,,,,10/17/2024,,,,,J1772,US,,,,Public,,public,,,,,,,,,,,,,,,,,,,,FALSE,,,,,,,,,FALSE,
ELEC,Monroe Park,625 Spotswood Englishtown Road,,Monroe Township,NJ,8831,,800-636-0986,E,,Public,,,,,,,4,,,CHARGELAB,https://chargelab.co,GPS,40.329927,-74.375602,8/26/2026,360224,2026-08-26 05:35:44 UTC,,,,10/17/2024,,,,,J1772,US,,,,Public,,public,,,,,,,,,,,,,,,,,,,,FALSE,,,,,,,,,FALSE,
ELEC,1 Bergen County Plaza,1 Bergen County Plaza,,Hackensack,NJ,7601,,800-636-0986,E,,Public,,,,,,,7,,,CHARGELAB,https://chargelab.co,GPS,40.87652,-74.042138,8/26/2026,360361,2026-08-26 05:35:25 UTC,,,,10/20/2024,,,,,J1772,US,,,,Public,,public,,,,,,,,,,,,,,,,,,,,FALSE,,,,,,,,,FALSE,
ELEC,Garden Homes - North Brunswick,2300 US Route 1,,North Brunswick,NJ,8902,,855-885-9571,E,,Public,24 hours daily,,,,,,10,,,OpConnect,https://opconnect-ev.com,GPS,40.438582,-74.504857,8/26/2026,360486,2026-08-26 03:46:32 UTC,,,,10/22/2024,,,,,J1772,US,,,,Public,,public,,,,,,,,,,,,,,,,,,,,FALSE,,,,,,,,,FALSE,
ELEC,RUSSO PH 2 STATION 1,150 River Street,,Hackensack,NJ,7601,,888-758-4389,E,,Public,24 hours daily,,,,,,2,,,ChargePoint Network,https://www.chargepoint.com,GPS,40.881128,-74.038432,8/26/2026,360563,2026-08-26 02:36:47 UTC,,,,10/23/2024,,,,,J1772,US,,,,Public,,public,,,,,,,,,,,,,,,,,,,,FALSE,,,,,,,,,FALSE,
ELEC,RUSSO PH 2 STATION 2,150 River Street,Garage ground level,Hackensack,NJ,7601,,888-758-4389,E,,Public,24 hours daily,,,,,,2,,,ChargePoint Network,https://www.chargepoint.com,GPS,40.881382,-74.038425,8/26/2026,360564,2026-08-26 02:36:47 UTC,,,,10/23/2024,,,,,J1772,US,,,,Public,,public,,,,,,,,,,,,,,,,,,,,FALSE,,,,,,,,,FALSE,
ELEC,RUSSO PH 2 STATION 3,150 River St,Garage ground level,Hackensack,NJ,7601,,888-758-4389,E,,Public,24 hours daily,,,,,,2,,,ChargePoint Network,https://www.chargepoint.com,GPS,40.881829,-74.039694,8/26/2026,360574,2026-08-26 02:44:15 UTC,,,,10/23/2024,,,,,J1772,US,,,,Public,,public,,,,,,,,,,,,,,,,,,,,FALSE,,,,,,,,,FALSE,
ELEC,RUSSO PH 2 STATION 4,150 River St,Garage ground level,Hackensack,NJ,7601,,888-758-4389,E,,Public,24 hours daily,,,,,,2,,,ChargePoint Network,https://www.chargepoint.com,GPS,40.88188,-74.039909,8/26/2026,360575,2026-08-26 02:44:15 UTC,,,,10/23/2024,,,,,J1772,US,,,,Public,,public,,,,,,,,,,,,,,,,,,,,FALSE,,,,,,,,,FALSE,
ELEC,RHYTHM HOA STATION 1,204 7th Avenue,,Asbury Park,NJ,7712,,888-758-4389,E,,Public,24 hours daily,,,,,,1,,,ChargePoint Network,https://www.chargepoint.com,GPS,40.226861,-74.000111,8/26/2026,360654,2026-08-26 02:45:23 UTC,,,,10/24/2024,,,,,J1772,US,,,,Public,,public,,,,,,,,,,,,,,,,,,,,FALSE,,,,,,,,,FALSE,
ELEC,Heritage Arms Condominium Association,364 Ridgewood Ave,,Ridgewood,NJ,7450,,800-636-0986,E,,Public,,,,,,,4,,,CHARGELAB,https://chargelab.co,GPS,40.977763,-74.111774,8/26/2026,360690,2026-08-26 05:35:23 UTC,,,,10/24/2024,,,,,J1772,US,,,,Public,,public,,,,,,,,,,,,,,,,,,,,FALSE,,,,,,,,,FALSE,
ELEC,DUNKIN PARAMUS BMD PARAMUS LLC,137 South Dr,Dunkin Donuts,Paramus,NJ,7652,,888-758-4389,E,,Public,24 hours daily,,,,,,1,,,ChargePoint Network,https://www.chargepoint.com,GPS,40.911013,-74.071041,8/26/2026,360821,2026-08-26 02:45:24 UTC,,,,10/26/2024,,,,,J1772,US,,,,Public,,public,,,,,,,,,,,,,,,,,,,,FALSE,,,,,,,,,FALSE,
ELEC,Joe Heidt Motors,515 New Jersey 17,,Ramsey,NJ,7446,,888-998-2546,E,,Public,24 hours daily,,,,,,,1,,Blink Network,https://blinkcharging.com,GPS,41.05634252,-74.1215644,8/26/2026,360885,2026-08-26 00:04:32 UTC,,,,10/19/2024,,,,,J1772COMBO,US,,,,Public,,public,,,,,,,,,,,,,,,,,,,,FALSE,,,,,,,,,FALSE,
ELEC,Audi - Jack Daniels Motors,180 Rte 4 Paramus,,Paramus,NJ,7652,,888-998-2546,E,,Public,24 hours daily,,,,,,,6,,Blink Network,https://blinkcharging.com,GPS,40.92444985,-74.08757614,8/26/2026,360984,2026-08-26 00:16:21 UTC,,,,10/29/2024,,,,,J1772COMBO,US,,,,Public,,public,,,,,,,,,,,,,,,,,,,,FALSE,,,,,,,,,FALSE,
ELEC,Garden Homes - Lofts at Princeton,100 Lofts Dr,,West Windsor,NJ,8540,,855-885-9571,E,,Public,24 hours daily,,,,,,41,,,OpConnect,https://opconnect-ev.com,GPS,40.311658,-74.6578602,8/26/2026,361100,2026-08-26 03:46:33 UTC,,,,10/31/2024,,,,,J1772,US,,,,Public,,public,,,,,,,,,,,,,,,,,,,,FALSE,,,,,,,,,FALSE,
ELEC,SENIOR SENIOR CTR 1,12 Halsey Reed Road,,Monroe Township,NJ,8831,,888-758-4389,E,,Public,24 hours daily,,,,,,2,,,ChargePoint Network,https://www.chargepoint.com,GPS,40.287904,-74.474953,8/26/2026,361170,2026-08-26 02:45:34 UTC,,,,11/1/2024,,,,,J1772,US,,,,Public,,public,,,,,,,,,,,,,,,,,,,,FALSE,,,,,,,,,FALSE,
ELEC,"Hazlet, NJ - Tesla Supercharger",1413 NJ-36,,Hazlet,NJ,7730,,877-798-3752,E,,Public,24 hours daily. NACS partner enabled.,A D Debit M V,,,,,,8,,Tesla,https://www.tesla.com/supercharger,GPS,40.429297,-74.190212,6/18/2026,361246,2026-06-18 14:46:21 UTC,P,,,10/24/2024,,,,,TESLA,US,,,,Public,,public,,,GAS_STATION,,,,,,,,,,,,,,,,,FALSE,,,,,,,,LD,FALSE,
ELEC,"Pennsauken Township, NJ - Tesla Supercharger",2290 Clement Ave,,Pennsauken Township,NJ,8030,,877-798-3752,E,,Public,24 hours daily. Open to all vehicles.,A D Debit M V,,,,,,8,,Tesla,https://www.tesla.com/supercharger,GPS,39.964107,-75.050821,6/18/2026,361248,2026-06-18 14:46:21 UTC,P,,,10/24/2024,,,,,J1772COMBO TESLA,US,,,,Public,,public,,,GAS_STATION,,,,,,,,,,,,,,,,,FALSE,,,,,,,,LD,FALSE,
ELEC,Nielsen Ford - DCFC,375 Route 23,,Sussex,NJ,7461,,888-998-2546,E,,Public,24 hours daily,,,,,,,4,,Blink Network,https://blinkcharging.com,GPS,41.19900105,-74.5936686,8/26/2026,361270,2026-08-26 00:12:59 UTC,,,,9/23/2024,,,,,J1772COMBO,US,,,,Public,,public,,,,,,,,,,,,,,,,,,,,FALSE,,,,,,,,,FALSE,
ELEC,MERIDIAN WALK MERIDIN EV1,3150 Vivaldi Road,,Princeton,NJ,8540,,888-758-4389,E,,Public,24 hours daily,,,,,,2,,,ChargePoint Network,https://www.chargepoint.com,GPS,40.307043,-74.662071,8/26/2026,361696,2026-08-26 02:43:07 UTC,,,,11/5/2024,,,,,J1772,US,,,,Public,,public,,,,,,,,,,,,,,,,,,,,FALSE,,,,,,,,,FALSE,
ELEC,MERIDIAN WALK MERIDIN EV2,3150 Vivaldi Road,,Princeton,NJ,8540,,888-758-4389,E,,Public,24 hours daily,,,,,,2,,,ChargePoint Network,https://www.chargepoint.com,GPS,40.307029,-74.661329,8/26/2026,361697,2026-08-26 02:43:07 UTC,,,,11/5/2024,,,,,J1772,US,,,,Public,,public,,,,,,,,,,,,,,,,,,,,FALSE,,,,,,,,,FALSE,
ELEC,L708 PL202X1B 1,1101 US-9,,Old Bridge,NJ,8857,,888-758-4389,E,,Public,24 hours daily,,,,,,,2,,ChargePoint Network,https://www.chargepoint.com,GPS,40.448365,-74.298499,8/26/2026,361726,2026-08-26 02:46:22 UTC,,,,11/5/2024,,,,,J1772COMBO,US,,,,Public,,public,,,,,,,,,,,,,,,,,,,,FALSE,,,,,,,,,FALSE,
ELEC,Borough Parking Lot North Central Avenue,26 North Central Avenue,,Ramsey,NJ,7446,,888-356-8911,E,,Public,24 hours daily,,,,,,4,,,FLO,https://www.flo.com,GPS,41.058285,-74.143612,8/26/2026,361739,2026-08-26 04:15:22 UTC,,,,11/5/2024,,,,,J1772,US,,,,Public,,public,,,,,,,,,,,,,,,,,,,,FALSE,,,,,,,,,FALSE,
ELEC,2 Bergen County Plaza,2 Bergen County Plaza,,Hackensack,NJ,7601,,800-636-0986,E,,Public,,,,,,,8,,,CHARGELAB,https://chargelab.co,GPS,40.87798,-74.042119,8/26/2026,361748,2026-08-26 05:35:25 UTC,,,,11/5/2024,,,,,J1772,US,,,,Public,,public,,,,,,,,,,,,,,,,,,,,FALSE,,,,,,,,,FALSE,
ELEC,Borough Parking Lot North Central Avenue - Fast Chargers,26 North Central Avenue,,Ramsey,NJ,7446,,888-356-8911,E,,Public,24 hours daily,,,,,,,2,,FLO,https://www.flo.com,GPS,41.058285,-74.143612,8/26/2026,361817,2026-08-26 04:15:22 UTC,,,,11/6/2024,,,,,CHADEMO J1772COMBO,US,,,,Public,,public,,,,,,,,,,,,,,,,,,,,FALSE,,,,,,,,,FALSE,
ELEC,HARDENBERG ST RCINJ 3,21 Division Street,,New Brunswick,NJ,8901,,888-758-4389,E,,Public,24 hours daily,,,,,,2,,,ChargePoint Network,https://www.chargepoint.com,GPS,40.496356,-74.451443,8/26/2026,367617,2026-08-26 02:44:52 UTC,,,,11/7/2024,,,,,J1772,US,,,,Public,,public,,,,,,,,,,,,,,,,,,,,FALSE,,,,,,,,,FALSE,
ELEC,HARDENBERG ST RCINJ 2,21 Division Street,,New Brunswick,NJ,8901,,888-758-4389,E,,Public,24 hours daily,,,,,,2,,,ChargePoint Network,https://www.chargepoint.com,GPS,40.496293,-74.451543,8/26/2026,367618,2026-08-26 02:44:53 UTC,,,,11/7/2024,,,,,J1772,US,,,,Public,,public,,,,,,,,,,,,,,,,,,,,FALSE,,,,,,,,,FALSE,
ELEC,HARDENBERG ST RCINJ 1,21 Division Street,,New Brunswick,NJ,8901,,888-758-4389,E,,Public,24 hours daily,,,,,,1,,,ChargePoint Network,https://www.chargepoint.com,GPS,40.496556,-74.450214,8/26/2026,367619,2026-08-26 02:44:53 UTC,,,,11/7/2024,,,,,J1772,US,,,,Public,,public,,,,,,,,,,,,,,,,,,,,FALSE,,,,,,,,,FALSE,
ELEC,NBPA ADMIN DCFC,4225 Bergen Turnpike,,North Bergen,NJ,7047,,888-758-4389,E,,Public,24 hours daily,,,,,,,1,,ChargePoint Network,https://www.chargepoint.com,GPS,40.781881,-74.033688,8/26/2026,367710,2026-08-26 02:46:34 UTC,,,,11/8/2024,,,,,J1772COMBO TESLA,US,,,,Public,,public,,,,,,,,,,,,,,,,,,,,FALSE,,,,,,,,,FALSE,
ELEC,"Monmouth Junction, NJ - Tesla Supercharger",4196 US-1,,Monmouth Junction,NJ,8852,,877-798-3752,E,,Public,24 hours daily. NACS partner enabled.,A D Debit M V,,,,,,12,,Tesla,https://www.tesla.com/supercharger,GPS,40.382328,-74.575303,6/18/2026,367747,2026-06-18 14:46:21 UTC,P,,,10/31/2024,,,,,TESLA,US,,,,Public,,public,,,SHOPPING_CENTER,,,,,,,,,,,,,,,,,FALSE,,,,,,,,LD,FALSE,
ELEC,"Logan Township, NJ - Tesla Supercharger",2971 US-322,,Logan Township,NJ,8085,,877-798-3752,E,,Public,24 hours daily. NACS partner enabled.,A D Debit M V,,,,,,8,,Tesla,https://www.tesla.com/supercharger,GPS,39.796883,-75.345802,6/18/2026,367753,2026-06-18 14:46:21 UTC,P,,,11/6/2024,,,,,TESLA,US,,,,Public,,public,,,GAS_STATION,,,,,,,,,,,,,,,,,FALSE,,,,,,,,LD,FALSE,
ELEC,Causeway Ford,375 NJ-72,,Stafford Township,NJ,8050,,888-717-4544,E,,Public,24 hours daily,,,,,,,4,,CHARGESMART_EV,https://chargesmartev.com,GPS,39.701156,-74.270336,8/26/2026,367817,2026-08-26 04:51:28 UTC,,,,11/9/2024,,,,,J1772COMBO,US,,,,Public,,public,,,,,,,,,,,,,,,,,,,,FALSE,,,,,,,,,FALSE,
ELEC,Tinton Falls,1470 Shafto Road,,Tinton Falls,NJ,7712,,800-636-0986,E,,Public,,,,,,,4,,,CHARGELAB,https://chargelab.co,GPS,40.274039,-74.077352,8/26/2026,367818,2026-08-26 05:35:23 UTC,,,,11/9/2024,,,,,J1772,US,,,,Public,,public,,,,,,,,,,,,,,,,,,,,FALSE,,,,,,,,,FALSE,
ELEC,Starbucks,146 South St,,Freehold,NJ,7728,,833-611-5965,E,,Public,24 hours daily,,,,,,4,,,VIALYNK,https://www.lynkwell.com,GPS,40.25043,-74.27441,8/26/2026,367892,2026-08-26 04:47:36 UTC,,,,11/13/2024,,,,,J1772,US,,,,Public,,public,,,,,,,,,,,,,,,,,,,,FALSE,,,,,,,,,FALSE,
ELEC,687 Rt 1,687 Rt 1,,Edison,NJ,88170,,833-611-5965,E,,Public,24 hours daily,,,,,,6,,,VIALYNK,https://www.lynkwell.com,GPS,40.50949,-74.39011,8/26/2026,367893,2026-08-26 04:47:36 UTC,,,,11/13/2024,,,,,J1772,US,,,,Public,,public,,,,,,,,,,,,,,,,,,,,FALSE,,,,,,,,,FALSE,
ELEC,"Millville, NJ - Tesla Supercharger",2105 N 2nd St,,Millville,NJ,8332,,877-798-3752,E,,Public,24 hours daily. NACS partner enabled.,A D Debit M V,,,,,,12,,Tesla,https://www.tesla.com/supercharger,GPS,39.420871,-75.03852,6/18/2026,368030,2026-06-18 14:46:21 UTC,P,,,11/19/2024,,,,,TESLA,US,,,,Public,,public,,,GAS_STATION,,,,,,,,,,,,,,,,,FALSE,,,,,,,,LD,FALSE,
ELEC,US GAS WILLIAMSTOWNDC3,170 South Black Horse Pike,Near Propane Tank,Monroe,NJ,8094,,888-758-4389,E,,Public,24 hours daily,,,,,,,1,,ChargePoint Network,https://www.chargepoint.com,GPS,39.686656,-74.989281,8/26/2026,371415,2026-08-26 02:46:38 UTC,,,,11/16/2024,,,,,CHADEMO J1772COMBO,US,,,,Public,,public,,,,,,,,,,,,,,,,,,,,FALSE,,,,,,,,,FALSE,
ELEC,OKCC MUNICIPAL ST1,100 Community Drive,,Montgomery,NJ,8558,,888-758-4389,E,,Public,24 hours daily,,,,,,2,,,ChargePoint Network,https://www.chargepoint.com,GPS,40.417536,-74.656398,8/26/2026,371434,2026-08-26 02:46:47 UTC,,,,11/16/2024,,,,,J1772,US,,,,Public,,public,,,,,,,,,,,,,,,,,,,,FALSE,,,,,,,,,FALSE,
ELEC,OKCC MUNICIPAL ST2,100 Community Drive,,Montgomery,NJ,8558,,888-758-4389,E,,Public,24 hours daily,,,,,,2,,,ChargePoint Network,https://www.chargepoint.com,GPS,40.417536,-74.656335,8/26/2026,371435,2026-08-26 02:46:47 UTC,,,,11/16/2024,,,,,J1772,US,,,,Public,,public,,,,,,,,,,,,,,,,,,,,FALSE,,,,,,,,,FALSE,
ELEC,30 Terminal Ave,30 Terminal Ave,,Clark,NJ,7066,,866-816-7584,E,,Public,24 hours daily,,,,,,4,,,EV Connect,https://www.evconnect.com,GPS,40.632192,-74.315655,8/26/2026,371483,2026-08-26 03:52:23 UTC,,,,11/17/2024,,,,,J1772,US,,,,Public,,public,,,,,,,,,,,,,,,,,,,,FALSE,,,,,,,,,FALSE,
ELEC,Tower Ivy 23,23 Howard Drive,,Bergenfield,NJ,7621,,888-998-2546,E,,Public,24 hours daily,,,,,,6,,,Blink Network,https://blinkcharging.com,GPS,40.91253944,-73.99467976,8/26/2026,371631,2026-08-26 00:48:11 UTC,,,,8/5/2024,,,,,J1772,US,,,,Public,,public,,,,,,,,,,,,,,,,,,,,FALSE,,,,,,,,,FALSE,
ELEC,Gentilini Chevrolet - DCFC,500 John S Penn Boulevard,,Woodbine,NJ,8270,,888-998-2546,E,,Public,24 hours daily,,,,,,,2,,Blink Network,https://blinkcharging.com,GPS,39.224684,-74.787352,8/26/2026,371632,2026-08-26 00:28:46 UTC,,,,10/23/2024,,,,,J1772COMBO,US,,,,Public,,public,,,,,,,,,,,,,,,,,,,,FALSE,,,,,,,,,FALSE,
ELEC,Tower Ivy,8 Howard Drive,,Bergenfield,NJ,7621,,888-998-2546,E,,Public,24 hours daily,,,,,,4,,,Blink Network,https://blinkcharging.com,GPS,40.91217458,-73.99554769,8/26/2026,371633,2026-08-26 00:54:46 UTC,,,,8/5/2024,,,,,J1772,US,,,,Public,,public,,,,,,,,,,,,,,,,,,,,FALSE,,,,,,,,,FALSE,
ELEC,HARDENBERG ST DUAL CHARGER 4,18 Hardenberg St.,,New Brunswick,NJ,8901,,888-758-4389,E,,Public,24 hours daily,,,,,,2,,,ChargePoint Network,https://www.chargepoint.com,GPS,40.496502,-74.45117,8/26/2026,371649,2026-08-26 02:44:53 UTC,,,,11/20/2024,,,,,J1772,US,,,,Public,,public,,,,,,,,,,,,,,,,,,,,FALSE,,,,,,,,,FALSE,
ELEC,HARDENBERG ST DUAL CHARGER 3,18 Hardenberg St.,,New Brunswick,NJ,8901,,888-758-4389,E,,Public,24 hours daily,,,,,,2,,,ChargePoint Network,https://www.chargepoint.com,GPS,40.496646,-74.45113,8/26/2026,371650,2026-08-26 02:44:53 UTC,,,,11/20/2024,,,,,J1772,US,,,,Public,,public,,,,,,,,,,,,,,,,,,,,FALSE,,,,,,,,,FALSE,
ELEC,HARDENBERG ST DUAL CHARGER 5,18 Hardenberg St.,,New Brunswick,NJ,8901,,888-758-4389,E,,Public,24 hours daily,,,,,,2,,,ChargePoint Network,https://www.chargepoint.com,GPS,40.496457,-74.451282,8/26/2026,371651,2026-08-26 02:44:53 UTC,,,,11/20/2024,,,,,J1772,US,,,,Public,,public,,,,,,,,,,,,,,,,,,,,FALSE,,,,,,,,,FALSE,
ELEC,"Pennsville, NJ - Tesla Supercharger",251 N Broadway,,Pennsville Township,NJ,8070,,877-798-3752,E,,Public,24 hours daily. NACS partner enabled.,A D Debit M V,,,,,,16,,Tesla,https://www.tesla.com/supercharger,GPS,39.667682,-75.50739,6/18/2026,371840,2026-06-18 14:46:21 UTC,P,,,11/19/2024,,,,,TESLA,US,,,,Public,,public,,,SHOPPING_CENTER,,,,,,,,,,,,,,,,,FALSE,,,,,,,,LD,FALSE,
ELEC,Plainfield,825 U.S. 22,,Plainfield,NJ,7060,,888-998-2546,E,,Public,24 hours daily,,,,,,2,,,Blink Network,https://blinkcharging.com,GPS,40.607424,-74.4355472,8/26/2026,371906,2026-08-26 00:31:52 UTC,,,,11/25/2024,,,,,J1772,US,,,,Public,,public,,,,,,,,,,,,,,,,,,,,FALSE,,,,,,,,,FALSE,
ELEC,"Matthijssen, Inc.",5 Saddle Rd,,Cedar Knolls,NJ,7927,,800-845-2200,E,,Public,8am-5pm M-F,CREDIT Debit,,,,,4,,,AMPUP,https://ampup.io,200-8,40.815,-74.46536,12/10/2024,371914,2025-02-12 00:16:32 UTC,P,,,11/1/2024,,,,,J1772,US,,,,Public,,public,,,OFFICE_BLDG,,,,,,,$0.36 per kWh,,,,,,,,,,FALSE,,,,,,,,LD,FALSE,
ELEC,Cadillac Of Mahwah,319 ROUTE 17 NORTH,,MAHWAH,NJ,7430,,866-816-7584,E,,Public,24 hours daily,,,,,,,2,,EV Connect,https://www.evconnect.com,GPS,41.088093,-74.152164,8/26/2026,372109,2026-08-26 03:50:50 UTC,,,,11/28/2024,,,,,J1772COMBO,US,,,,Public,,public,,,,,,,,,,,,,,,,,,,,FALSE,,,,,,,,,FALSE,
ELEC,Honda of Hackettstown,48 US-46,,Hackettstown,NJ,7840,,833-611-5965,E,,Public,24 hours daily,,,,,,,4,,VIALYNK,https://www.lynkwell.com,GPS,40.84578,-74.81228,8/26/2026,372301,2026-08-26 04:47:38 UTC,,,,12/4/2024,,,,,CHADEMO J1772COMBO,US,,,,Public,,public,,,,,,,,,,,,,,,,,,,,FALSE,,,,,,,,,FALSE,
ELEC,Acura of Ramsey,65 NJ-17,,Ramsey,NJ,7445,,833-611-5965,P,12/4/2024,PLANNED - not yet accessible (Public),24 hours daily,,,,,,,4,,VIALYNK,https://www.lynkwell.com,GPS,41.04466,-74.11638,8/26/2026,372302,2026-08-26 04:47:38 UTC,,,,12/4/2024,,,,,J1772COMBO,US,,,,PRÉVU - pas encore accessible (Public),,public,,,,,,,,,,,,,,,,,,,,FALSE,,,,,,,,,FALSE,
ELEC,"Paramus, NJ - Route 4 - Tesla Supercharger",175 Rte 4,,Paramus,NJ,7652,,877-798-3752,E,,Public,24 hours daily. Open to all vehicles.,A D Debit M V,,,,,,12,,Tesla,https://www.tesla.com/supercharger,GPS,40.925622,-74.087724,6/18/2026,372601,2026-06-18 14:46:21 UTC,P,,,11/20/2024,,,,,J1772COMBO TESLA,US,,,,Public,,public,,,RESTAURANT,,,,,,,,,,,,,,,,,FALSE,,,,,,,,LD,FALSE,
ELEC,6 Bay Avenue Bahrs Landing,6 Bay Avenue,,Highlands,NJ,7732,,800-636-0986,E,,Public,,,,,,,1,,,CHARGELAB,https://chargelab.co,GPS,40.397386,-73.98131,8/26/2026,372663,2026-08-26 05:35:26 UTC,,,,12/7/2024,,,,,J1772,US,,,,Public,,public,,,,,,,,,,,,,,,,,,,,FALSE,,,,,,,,,FALSE,
ELEC,HYUNDAI DELIVER FRONT LOT,405 NJ-72,,Stafford Township,NJ,8050,,888-758-4389,E,,Public,"Mon: 12:00am-9:00am, 7:00pm-11:59pm; Tue: 12:00am-9:00am, 7:00pm-11:59pm; Wed: 12:00am-9:00am, 7:00pm-11:59pm; Thu: 12:00am-9:00am, 7:00pm-11:59pm; Fri: 12:00am-9:00am, 7:00pm-11:59pm; Sat: 12:00am-9:00am, 7:00pm-11:59pm; Sun: 12:00am-9:00am, 7:00pm-11:59pm",,,,,,,1,,ChargePoint Network,https://www.chargepoint.com,GPS,39.700702,-74.271424,8/26/2026,372760,2026-08-26 02:48:10 UTC,,,,12/11/2024,,,,,CHADEMO J1772COMBO,US,,,,Public,,public,,,,,,,,,,,,,,,,,,,,FALSE,,,,,,,,,FALSE,
ELEC,TOM'S FORD L2 CHARGEPOINT #3,200 New Jersey 35,,Keyport,NJ,7735,,888-758-4389,E,,Public,24 hours daily,,,,,,2,,,ChargePoint Network,https://www.chargepoint.com,GPS,40.424459,-74.200095,8/26/2026,372816,2026-08-26 02:46:02 UTC,,,,12/12/2024,,,,,J1772,US,,,,Public,,public,,,,,,,,,,,,,,,,,,,,FALSE,,,,,,,,,FALSE,
ELEC,TOM'S FORD L2 CHARGEPOINT #2,200 New Jersey 35,,Keyport,NJ,7735,,888-758-4389,E,,Public,24 hours daily,,,,,,2,,,ChargePoint Network,https://www.chargepoint.com,GPS,40.424439,-74.200161,8/26/2026,372817,2026-08-26 02:46:02 UTC,,,,12/12/2024,,,,,J1772,US,,,,Public,,public,,,,,,,,,,,,,,,,,,,,FALSE,,,,,,,,,FALSE,
ELEC,STARR POWER STATION 1,199 Railroad Ave,Parking Lot,East Rutherford,NJ,7073,,888-758-4389,E,,Public,24 hours daily,,,,,,2,,,ChargePoint Network,https://www.chargepoint.com,GPS,40.829541,-74.100535,8/26/2026,372985,2026-08-26 02:48:19 UTC,,,,12/14/2024,,,,,J1772,US,,,,Public,,public,,,,,,,,,,,,,,,,,,,,FALSE,,,,,,,,,FALSE,
ELEC,Union Crescent Plaza,2255 Springfield Ave,,Vauxhall,NJ,7088,,877-455-3833,E,,Public,24 hours daily,,,,,,,4,,eVgo Network,https://www.evgo.com,GPS,40.717784,-74.286287,8/25/2026,373077,2026-08-25 23:57:08 UTC,,,,12/14/2024,,,,,CHADEMO J1772COMBO,US,,,,Public,,public,,,,,,,,,,,,,,,,,,,,FALSE,,,,,,,,,FALSE,
ELEC,The Shoppes at Cinnaminson,127 Route 130 S,,Cinnaminson,NJ,8077,,877-455-3833,E,,Public,24 hours daily,,,,,,,4,,eVgo Network,https://www.evgo.com,GPS,39.989147,-75.00851,8/25/2026,373094,2026-08-25 23:57:15 UTC,,,,12/14/2024,,,,,CHADEMO J1772COMBO,US,,,,Public,,public,,,,,,,,,,,,,,,,,,,,FALSE,,,,,,,,,FALSE,
ELEC,Middletown Plaza,1447 Route 35,,Middletown,NJ,7748,,877-455-3833,E,,Public,24 hours daily,,,,,,,4,,eVgo Network,https://www.evgo.com,GPS,40.402442,-74.123529,8/25/2026,373105,2026-08-25 23:57:19 UTC,,,,12/14/2024,,,,,CHADEMO J1772COMBO,US,,,,Public,,public,,,,,,,,,,,,,,,,,,,,FALSE,,,,,,,,,FALSE,
ELEC,Wawa Plainfield #8464,1470 South Ave,,Plainfield,NJ,7062,,877-455-3833,E,,Public,24 hours daily,,,,,,,6,,eVgo Network,https://www.evgo.com,GPS,40.63457,-74.392739,8/25/2026,373108,2026-08-25 23:57:20 UTC,,,,12/14/2024,,,,,CHADEMO J1772COMBO,US,,,,Public,,public,,,,,,,,,,,,,,,,,,,,FALSE,,,,,,,,,FALSE,
ELEC,Wawa Parsippany #8302,350 New Road,,Parsippany,NJ,7054,,877-455-3833,E,,Public,24 hours daily,,,,,,,4,,eVgo Network,https://www.evgo.com,GPS,40.8496785,-74.3509217,8/25/2026,373116,2026-08-25 23:57:22 UTC,,,,12/14/2024,,,,,CHADEMO J1772COMBO,US,,,,Public,,public,,,,,,,,,,,,,,,,,,,,FALSE,,,,,,,,,FALSE,
ELEC,Target North Bergen #T1865,7101 Tonnelle Ave,,North Bergen,NJ,7047,,877-455-3833,E,,Public,24 hours daily,,,,,,,14,,eVgo Network,https://www.evgo.com,GPS,40.80238,-74.02072,8/25/2026,373125,2026-08-25 23:57:26 UTC,,,,12/14/2024,,,,,J1772COMBO TESLA,US,,,,Public,,public,,,,,,,,,,,,,,,,,,,,FALSE,,,,,,,,,FALSE,
ELEC,Metropolitan Center,1 Meadowlands Plaza,,East Rutherford,NJ,7073,,833-611-5965,E,,Public,24 hours daily,,,,,,4,,,VIALYNK,https://www.lynkwell.com,GPS,40.80625,-74.07767,8/26/2026,374050,2026-08-26 04:47:40 UTC,,,,12/18/2024,,,,,J1772,US,,,,Public,,public,,,,,,,,,,,,,,,,,,,,FALSE,,,,,,,,,FALSE,
ELEC,TOM'S FORD L2 CHARGEPOINT #1,200 New Jersey 35,,Keyport,NJ,7735,,888-758-4389,E,,Public,24 hours daily,,,,,,2,,,ChargePoint Network,https://www.chargepoint.com,GPS,40.424484,-74.200019,8/26/2026,374233,2026-08-26 02:48:14 UTC,,,,12/20/2024,,,,,J1772,US,,,,Public,,public,,,,,,,,,,,,,,,,,,,,FALSE,,,,,,,,,FALSE,
ELEC,"Elizabeth, NJ - Spring Street - Tesla Supercharger",595 Spring St,,Elizabeth,NJ,7201,,877-798-3752,E,,Public,24 hours daily. Open to all vehicles.,A D Debit M V,,,,,,12,,Tesla,https://www.tesla.com/supercharger,GPS,40.672537,-74.199508,6/18/2026,374342,2026-06-18 14:46:21 UTC,P,,,12/12/2024,,,,,J1772COMBO TESLA,US,,,,Public,,public,,,GAS_STATION,,,,,,,,,,,,,,,,,FALSE,,,,,,,,LD,FALSE,
ELEC,Wawa Elizabeth #8320,595 Spring St,,Elizabeth,NJ,7201,,877-455-3833,E,,Public,24 hours daily,,,,,,,4,,eVgo Network,https://www.evgo.com,GPS,40.6736218,-74.2002317,8/25/2026,374358,2026-08-25 23:59:14 UTC,,,,12/20/2024,,,,,CHADEMO J1772COMBO,US,,,,Public,,public,,,,,,,,,,,,,,,,,,,,FALSE,,,,,,,,,FALSE,
ELEC,Raising Canes - Store 1028,695 Delsea Drive,,Glassboro,NJ,8028,,888-998-2546,E,,Public,24 hours daily,,,,,,2,,,Blink Network,https://blinkcharging.com,GPS,39.71945158,-75.11494638,8/26/2026,374626,2026-08-26 00:40:26 UTC,,,,12/27/2024,,,,,J1772,US,,,,Public,,public,,,,,,,,,,,,,,,,,,,,FALSE,,,,,,,,,FALSE,
ELEC,BURLINGTON EV EV1-BLD4,700 John F Kennedy Way,"Building 4, 1",Burlington,NJ,8016,,888-758-4389,E,,Public,24 hours daily,,,,,,2,,,ChargePoint Network,https://www.chargepoint.com,GPS,40.043894,-74.877607,8/26/2026,374633,2026-08-26 02:48:48 UTC,,,,12/28/2024,,,,,J1772,US,,,,Public,,public,,,,,,,,,,,,,,,,,,,,FALSE,,,,,,,,,FALSE,
ELEC,BURLINGTON EV EV3-BLD1,700 John F Kennedy Way,"Building 1, 3",Burlington,NJ,8016,,888-758-4389,E,,Public,24 hours daily,,,,,,2,,,ChargePoint Network,https://www.chargepoint.com,GPS,40.044218,-74.876696,8/26/2026,374634,2026-08-26 02:48:49 UTC,,,,12/28/2024,,,,,J1772,US,,,,Public,,public,,,,,,,,,,,,,,,,,,,,FALSE,,,,,,,,,FALSE,
ELEC,BURLINGTON EV EV2-BLD1,700 John F Kennedy Way,"Building 1, 2",Burlington,NJ,8016,,888-758-4389,E,,Public,24 hours daily,,,,,,2,,,ChargePoint Network,https://www.chargepoint.com,GPS,40.044079,-74.87641,8/26/2026,374635,2026-08-26 02:48:49 UTC,,,,12/28/2024,,,,,J1772,US,,,,Public,,public,,,,,,,,,,,,,,,,,,,,FALSE,,,,,,,,,FALSE,
ELEC,BURLINGTON EV EV1-BLD1,700 John F Kennedy Way,"Building 1, 1",Burlington,NJ,8016,,888-758-4389,E,,Public,24 hours daily,,,,,,2,,,ChargePoint Network,https://www.chargepoint.com,GPS,40.043789,-74.876426,8/26/2026,374636,2026-08-26 02:48:49 UTC,,,,12/28/2024,,,,,J1772,US,,,,Public,,public,,,,,,,,,,,,,,,,,,,,FALSE,,,,,,,,,FALSE,
ELEC,BURLINGTON EV EV2-BLD4,700 John F Kennedy Way,"Building 4, 2",Burlington,NJ,8016,,888-758-4389,T,8/23/2026,TEMPORARILY UNAVAILABLE (Public),24 hours daily,,,,,,2,,,ChargePoint Network,https://www.chargepoint.com,GPS,40.045269,-74.877486,8/26/2026,374637,2026-08-26 02:48:49 UTC,,,,12/28/2024,,,,,J1772,US,,,,TEMPORAIREMENT SUSPENDU (Public),,public,,,,,,,,,,,,,,,,,,,,FALSE,,,,,,,,,FALSE,
ELEC,ESSEX COUNTY ZOO DC 3,560 Northfield Ave Behind first Parking deck,#NAME?,West Orange,NJ,7052,,888-758-4389,E,,Public,24 hours daily,,,,,,,1,,ChargePoint Network,https://www.chargepoint.com,GPS,40.768298,-74.282429,8/26/2026,374843,2026-08-26 02:49:10 UTC,,,,1/3/2025,,,,,CHADEMO J1772COMBO,US,,,,Public,,public,,,,,,,,,,,,,,,,,,,,FALSE,,,,,,,,,FALSE,
ELEC,ESSEX COUNTY ZOO DC 4,560 Northfield Ave Behind first Parking deck,#NAME?,West Orange,NJ,7052,,888-758-4389,E,,Public,24 hours daily,,,,,,,1,,ChargePoint Network,https://www.chargepoint.com,GPS,40.768635,-74.280876,8/26/2026,374845,2026-08-26 02:49:11 UTC,,,,1/3/2025,,,,,CHADEMO J1772COMBO,US,,,,Public,,public,,,,,,,,,,,,,,,,,,,,FALSE,,,,,,,,,FALSE,
ELEC,200 Crossing Blvd,200 Crossing Blvd,,Bridgewater,NJ,8807,,833-611-5965,E,,Public,24 hours daily,,,,,,4,,,VIALYNK,https://www.lynkwell.com,GPS,40.58316,-74.61186,8/26/2026,374867,2026-08-26 04:47:43 UTC,,,,1/3/2025,,,,,J1772,US,,,,Public,,public,,,,,,,,,,,,,,,,,,,,FALSE,,,,,,,,,FALSE,
ELEC,400 Crossing Blvd,400 Crossing Blvd,,Bridgewater,NJ,8807,,833-611-5965,E,,Public,24 hours daily,,,,,,4,,,VIALYNK,https://www.lynkwell.com,GPS,40.58319,-74.61001,8/26/2026,374868,2026-08-26 04:47:43 UTC,,,,1/3/2025,,,,,J1772,US,,,,Public,,public,,,,,,,,,,,,,,,,,,,,FALSE,,,,,,,,,FALSE,
ELEC,"Gloucester City, NJ - Tesla Supercharger",1200 Crescent Blvd,,Gloucester City,NJ,8030,,877-798-3752,E,,Public,24 hours daily. Open to Teslas only.,A D Debit M V,,,,,,8,,Tesla,https://www.tesla.com/supercharger,GPS,39.885883,-75.106826,6/18/2026,374989,2026-06-18 14:46:21 UTC,P,,,12/30/2024,,,,,TESLA,US,,,,Public,,public,,,GAS_STATION,,,,,,,,,,,,,,,,,FALSE,,,,,,,,LD,FALSE,
ELEC,"Kearny, NJ - Harrison Avenue - Tesla Supercharger",220 Harrison Avenue,,Kearny,NJ,7032,,877-798-3752,E,,Public,24 hours daily. Open to all vehicles.,A D Debit M V,,,,,,16,,Tesla,https://www.tesla.com/supercharger,GPS,40.748039,-74.135379,6/18/2026,374990,2026-06-18 14:46:21 UTC,P,,,12/31/2024,,,,,J1772COMBO TESLA,US,,,,Public,,public,,,SHOPPING_CENTER,,,,,,,,,,,,,,,,,FALSE,,,,,,,,LD,FALSE,
ELEC,Stay-N-Charge - Super 8 by Wyndham Pennsville/Wilmington,413 N Broadway,,Pennsville Township,NJ,8070,,855-387-5847,E,,Public,24 hours daily,ACCOUNT_BALANCE ANDROID_PAY APPLE_PAY CREDIT,,,,,2,,,STAY_N_CHARGE,https://www.stayncharge.com,GPS,39.67835,-75.49713,11/13/2025,375261,2026-02-02 23:16:24 UTC,P,,,8/11/2024,,,,,J1772,US,,,,Public,,public,,,HOTEL,,,,,,,$0.45 per kWh,,,,,,,,,,FALSE,,,,,,,,LD,FALSE,
ELEC,Parkside Apartments 2024 1,847 Harned Street,,Perth Amboy,NJ,8861,,888-998-2546,E,,Public,24 hours daily,,,,,,8,,,Blink Network,https://blinkcharging.com,GPS,40.53237537,-74.28442967,8/26/2026,375345,2026-08-26 00:37:32 UTC,,,,8/6/2024,,,,,J1772,US,,,,Public,,public,,,,,,,,,,,,,,,,,,,,FALSE,,,,,,,,,FALSE,
ELEC,MOUNT LAUREL CHARGER 3,123 Creek Rd,,Mount Laurel Township,NJ,8054,,888-758-4389,E,,Public,24 hours daily,,,,,,1,,,ChargePoint Network,https://www.chargepoint.com,GPS,39.9819,-74.861694,8/26/2026,375501,2026-08-26 02:03:17 UTC,,,,1/14/2025,,,,,J1772,US,,,,Public,,public,,,,,,,,,,,,,,,,,,,,FALSE,,,,,,,,,FALSE,
ELEC,MOUNT LAUREL CHARGER 1,123 Creek Rd,,Mount Laurel Township,NJ,8054,,888-758-4389,E,,Public,24 hours daily,,,,,,1,,,ChargePoint Network,https://www.chargepoint.com,GPS,39.981815,-74.861664,8/26/2026,375502,2026-08-26 02:03:17 UTC,,,,1/14/2025,,,,,J1772,US,,,,Public,,public,,,,,,,,,,,,,,,,,,,,FALSE,,,,,,,,,FALSE,
ELEC,MOUNT LAUREL CHARGER 2,123 Creek Rd,,Mount Laurel Township,NJ,8054,,888-758-4389,E,,Public,24 hours daily,,,,,,1,,,ChargePoint Network,https://www.chargepoint.com,GPS,39.981865,-74.86169,8/26/2026,375503,2026-08-26 02:03:17 UTC,,,,1/14/2025,,,,,J1772,US,,,,Public,,public,,,,,,,,,,,,,,,,,,,,FALSE,,,,,,,,,FALSE,
ELEC,MOUNT LAUREL CHARGER 4,123 Creek Rd,,Mount Laurel Township,NJ,8054,,888-758-4389,E,,Public,24 hours daily,,,,,,1,,,ChargePoint Network,https://www.chargepoint.com,GPS,39.981926,-74.86169,8/26/2026,375504,2026-08-26 02:03:17 UTC,,,,1/14/2025,,,,,J1772,US,,,,Public,,public,,,,,,,,,,,,,,,,,,,,FALSE,,,,,,,,,FALSE,
ELEC,EV 01 EV 03 STATION2,570 Washington Blvd,,Jersey City,NJ,7310,,888-758-4389,E,,Public,Mon: 5:00am-11:59pm; Tue: 5:00am-11:59pm; Wed: 5:00am-11:59pm; Thu: 5:00am-11:59pm; Fri: 5:00am-11:59pm,,,,,,,1,,ChargePoint Network,https://www.chargepoint.com,GPS,40.728475,-74.033944,8/26/2026,375599,2026-08-26 02:49:51 UTC,,,,1/15/2025,,,,,CHADEMO J1772COMBO,US,,,,Public,,public,,,,,,,,,,,,,,,,,,,,FALSE,,,,,,,,,FALSE,
ELEC,SENIOR COMMUNITY CTR,120 Monmouth Rd,Community Center,Monroe Township,NJ,8831,,888-758-4389,E,,Public,24 hours daily,,,,,,2,,,ChargePoint Network,https://www.chargepoint.com,GPS,40.36958,-74.379273,8/26/2026,375676,2026-08-26 02:46:56 UTC,,,,1/16/2025,,,,,J1772,US,,,,Public,,public,,,,,,,,,,,,,,,,,,,,FALSE,,,,,,,,,FALSE,
ELEC,FPC N JOHNSTON ST1,1 North Johnston Avenue,,Hamilton Township,NJ,8609,,888-758-4389,E,,Public,24 hours daily,,,,,,1,,,ChargePoint Network,https://www.chargepoint.com,GPS,40.232262,-74.734227,8/26/2026,375720,2026-08-26 02:49:40 UTC,,,,1/16/2025,,,,,J1772,US,,,,Public,,public,,,,,,,,,,,,,,,,,,,,FALSE,,,,,,,,,FALSE,
ELEC,SENIOR LIBRARY ST1,4 Municipal Plaza,,Jamesburg,NJ,8831,,888-758-4389,E,,Public,24 hours daily,,,,,,2,,,ChargePoint Network,https://www.chargepoint.com,GPS,40.327719,-74.442686,8/26/2026,375727,2026-08-26 02:49:55 UTC,,,,1/16/2025,,,,,J1772,US,,,,Public,,public,,,,,,,,,,,,,,,,,,,,FALSE,,,,,,,,,FALSE,
ELEC,Janssen Pharmaceuticals - Titusville,1125 Bear Tavern Road,,Titusville,NJ,8560,,888-998-2546,E,,Public,24 hours daily,,,,,,2,,,Blink Network,https://blinkcharging.com,GPS,40.293539,-74.84841,8/26/2026,375968,2026-08-26 00:41:20 UTC,,,,9/22/2022,,,,,J1772,US,,,,Public,,public,,,,,,,,,,,,,,,,,,,,FALSE,,,,,,,,,FALSE,
ELEC,LEXUS OF AC SVC STATION 1,3163 Fire Rd,,Egg Harbor Township,NJ,8234,,888-758-4389,E,,Public,24 hours daily,,,,,,1,,,ChargePoint Network,https://www.chargepoint.com,GPS,39.387955,-74.568165,8/26/2026,375981,2026-08-26 02:14:52 UTC,,,,1/22/2025,,,,,J1772,US,,,,Public,,public,,,,,,,,,,,,,,,,,,,,FALSE,,,,,,,,,FALSE,
ELEC,EV 01 EV 03 STATION1,570 Washington Blvd,,Jersey City,NJ,7310,,888-758-4389,E,,Public,24 hours daily,,,,,,,1,,ChargePoint Network,https://www.chargepoint.com,GPS,40.728462,-74.033917,8/26/2026,376103,2026-08-26 02:49:51 UTC,,,,1/23/2025,,,,,CHADEMO J1772COMBO,US,,,,Public,,public,,,,,,,,,,,,,,,,,,,,FALSE,,,,,,,,,FALSE,
ELEC,Unlmtd Real Estate,"510  Grand Avenue, Palisades",,New Jersey,NJ,7650,,949-945-2000,E,,Public,24 hours daily,,,,,,8,,,EVGATEWAY,https://evgateway.com,GPS,40.8546624,-73.9996805,8/26/2026,376431,2026-08-26 04:56:26 UTC,,,,1/28/2025,,,,,J1772,US,,,,Public,,public,,,,,,,,,,,,,,,,,,,,FALSE,,,,,,,,,FALSE,
ELEC,331 Elmora,331 Elmora Ave,,Elizabeth,NJ,7208,,917-274-7217,E,,Public,24 hours daily,,,,,,4,,,EVIUM,https://www.eviumcharging.com,GPS,40.6667296,-74.2337588,8/26/2026,376537,2026-08-26 04:57:23 UTC,,,,1/28/2025,,,,,J1772,US,,,,Public,,public,,,,,,,,,,,,,,,,,,,,FALSE,,,,,,,,,FALSE,
ELEC,"One Holtec Drive Group, LLC",1 Holtec Dr suite g100,,Marlton,NJ,8053,,949-945-2000,E,,Public,24 hours daily,,,,,,4,,,EVGATEWAY,https://evgateway.com,GPS,39.9019303,-74.9369118,8/26/2026,376592,2026-08-26 04:57:10 UTC,,,,1/28/2025,,,,,J1772,US,,,,Public,,public,,,,,,,,,,,,,,,,,,,,FALSE,,,,,,,,,FALSE,
ELEC,The Cove at Riverwinds,370 Grove Ave,,West Deptford,NJ,8086,,949-945-2000,E,,Public,24 hours daily,,,,,,6,,,EVGATEWAY,https://evgateway.com,GPS,39.8515775,-75.188736,8/26/2026,376605,2026-08-26 04:56:15 UTC,,,,1/28/2025,,,,,J1772,US,,,,Public,,public,,,,,,,,,,,,,,,,,,,,FALSE,,,,,,,,,FALSE,
ELEC,ESSEX COUNTY RIKER HILL DC1,276 Beaufort Ave,,Livingston,NJ,7039,,888-758-4389,E,,Public,24 hours daily,,,,,,,1,,ChargePoint Network,https://www.chargepoint.com,GPS,40.81021,-74.32722,8/26/2026,377454,2026-08-26 02:50:38 UTC,,,,1/30/2025,,,,,CHADEMO J1772COMBO,US,,,,Public,,public,,,,,,,,,,,,,,,,,,,,FALSE,,,,,,,,,FALSE,
ELEC,Kenvue Brands LLC,1 Kenvue Way,,Summit,NJ,7901,,888-998-2546,E,,Public,24 hours daily,,,,,,28,,,Blink Network,https://blinkcharging.com,GPS,40.71019496,-74.3438812,8/26/2026,377527,2026-08-26 00:47:46 UTC,,,,3/9/2022,,,,,J1772,US,,,,Public,,public,,,,,,,,,,,,,,,,,,,,FALSE,,,,,,,,,FALSE,
ELEC,L709 EXPP PL,100 Bloomfield Avenue,,Verona,NJ,7044,,888-758-4389,E,,Public,24 hours daily,,,,,,,2,,ChargePoint Network,https://www.chargepoint.com,GPS,40.825886,-74.232465,8/26/2026,378060,2026-08-26 02:43:41 UTC,,,,2/6/2025,,,,,J1772COMBO,US,,,,Public,,public,,,,,,,,,,,,,,,,,,,,FALSE,,,,,,,,,FALSE,
ELEC,Paul Miller Toyota Service Center,189 Route 46 E,,Parsippany,NJ,7054,,888-717-4544,E,,Public,24 hours daily,,,,,,,2,,CHARGESMART_EV,https://chargesmartev.com,GPS,40.858063,-74.354888,8/26/2026,378093,2026-08-26 04:51:28 UTC,,,,2/6/2025,,,,,J1772COMBO,US,,,,Public,,public,,,,,,,,,,,,,,,,,,,,FALSE,,,,,,,,,FALSE,
ELEC,Clinton Honda,1511 US-22,,Annadale,NJ,8801,,888-998-2546,E,,Public,24 hours daily,,,,,,,4,,Blink Network,https://blinkcharging.com,GPS,40.642256,-74.862372,8/26/2026,378884,2026-08-26 00:10:47 UTC,,,,2/1/2024,,,,,J1772COMBO,US,,,,Public,,public,,,,,,,,,,,,,,,,,,,,FALSE,,,,,,,,,FALSE,
ELEC,Kenvue Brands,199 Grandview Road,,Montgomery,NJ,8558,,888-998-2546,E,,Public,24 hours daily,,,,,,5,,,Blink Network,https://blinkcharging.com,GPS,40.432503,-74.704758,8/26/2026,379717,2026-08-26 00:17:14 UTC,,,,3/9/2022,,,,,J1772,US,,,,Public,,public,,,,,,,,,,,,,,,,,,,,FALSE,,,,,,,,,FALSE,
ELEC,Clinton Acura,1756 New Jersey 31,,Clinton,NJ,8809,,888-998-2546,E,,Public,24 hours daily,,,,,,,2,,Blink Network,https://blinkcharging.com,GPS,40.65474,-74.911116,8/26/2026,380226,2026-08-26 00:21:11 UTC,,,,2/7/2025,,,,,J1772COMBO,US,,,,Public,,public,,,,,,,,,,,,,,,,,,,,FALSE,,,,,,,,,FALSE,
ELEC,210 Moore LLC,217 Moore Street,,Hackensack,NJ,7601,,888-998-2546,E,,Public,24 hours daily,,,,,,4,,,Blink Network,https://blinkcharging.com,GPS,40.884627,-74.040815,8/26/2026,380604,2026-08-26 00:25:45 UTC,,,,10/11/2021,,,,,J1772,US,,,,Public,,public,,,,,,,,,,,,,,,,,,,,FALSE,,,,,,,,,FALSE,
ELEC,Copperwood in Princeton,300 Bunn Drive,,Princeton,NJ,8540,,888-998-2546,E,,Public,24 hours daily,,,,,,4,,,Blink Network,https://blinkcharging.com,GPS,40.3756515,-74.6542584,8/26/2026,381343,2026-08-26 00:30:59 UTC,,,,6/22/2022,,,,,J1772,US,,,,Public,,public,,,,,,,,,,,,,,,,,,,,FALSE,,,,,,,,,FALSE,
ELEC,Ciocca Chevrolet of Flemington,211 U.S. 202,,Flemington,NJ,8822,,888-998-2546,E,,Public,24 hours daily,,,,,,,2,,Blink Network,https://blinkcharging.com,GPS,40.48615117,-74.86413346,8/26/2026,382572,2026-08-26 00:43:52 UTC,,,,2/7/2025,,,,,J1772COMBO,US,,,,Public,,public,,,,,,,,,,,,,,,,,,,,FALSE,,,,,,,,,FALSE,
ELEC,Route 22 Honda,1480 North Broad Street,,Hillside,NJ,7205,,888-998-2546,E,,Public,Mon: 7:00am-5:00pm; Tue: 7:00am-5:00pm; Wed: 7:00am-5:00pm; Thu: 7:00am-5:00pm; Fri: 7:00am-5:00pm; Sat: 8:00am-3:00pm; Sun: 12:00am-12:00am,,,,,,1,2,,Blink Network,https://blinkcharging.com,GPS,40.69947361,-74.21554438,8/26/2026,382793,2026-08-26 00:45:22 UTC,,,,12/13/2023,,,,,J1772 J1772COMBO,US,,,,Public,,public,,,,,,,,,,,,,,,,,,,,FALSE,,,,,,,,,FALSE,
ELEC,"Latitude East Owner, LLC",389-399 Interpace Parkway,,Parsippany,NJ,7054,,888-998-2546,E,,Public,24 hours daily,,,,,,5,,,Blink Network,https://blinkcharging.com,GPS,40.8704879,-74.4517853,8/26/2026,383313,2026-08-26 00:51:19 UTC,,,,12/5/2019,,,,,J1772,US,,,,Public,,public,,,,,,,,,,,,,,,,,,,,FALSE,,,,,,,,,FALSE,
ELEC,Raising Canes - Store 1001,5241 New Jersey 42,,Washington Township,NJ,8012,,888-998-2546,E,,Public,24 hours daily,,,,,,2,,,Blink Network,https://blinkcharging.com,GPS,39.75354538,-75.04735609,8/26/2026,383656,2026-08-26 00:54:26 UTC,,,,2/6/2025,,,,,J1772,US,,,,Public,,public,,,,,,,,,,,,,,,,,,,,FALSE,,,,,,,,,FALSE,
ELEC,Garden Homes - Metro Park Associates,33 S Wood Ave,,Iselin,NJ,8830,,855-885-9571,E,,Public,24 hours daily,,,,,,6,,,OpConnect,https://opconnect-ev.com,GPS,40.5650203,-74.3288045,8/26/2026,383731,2026-08-26 03:46:39 UTC,,,,2/7/2025,,,,,J1772,US,,,,Public,,public,,,,,,,,,,,,,,,,,,,,FALSE,,,,,,,,,FALSE,
ELEC,Garden Homes - Lakeside at Briant Park,103 Briant Park Dr.,,Springfield,NJ,7081,,855-885-9571,E,,Public,24 hours daily,,,,,,4,,,OpConnect,https://opconnect-ev.com,GPS,40.7155434,-74.3328877,8/26/2026,383733,2026-08-26 03:46:39 UTC,,,,2/7/2025,,,,,J1772,US,,,,Public,,public,,,,,,,,,,,,,,,,,,,,FALSE,,,,,,,,,FALSE,
ELEC,DG 1 DESIGNER 2,11 Executive Ave,,Edison,NJ,8817,,888-758-4389,E,,Public,Mon: 6:00am-5:00pm; Tue: 6:00am-5:00pm; Wed: 6:00am-5:00pm; Thu: 6:00am-5:00pm; Fri: 6:00am-5:00pm,,,,,,2,,,ChargePoint Network,https://www.chargepoint.com,GPS,40.496034,-74.371024,8/26/2026,383803,2026-08-26 02:42:58 UTC,,,,2/8/2025,,,,,J1772,US,,,,Public,,public,,,,,,,,,,,,,,,,,,,,FALSE,,,,,,,,,FALSE,
ELEC,DG 1 DESIGNER 1,11 Executive Ave,,Edison,NJ,8817,,888-758-4389,E,,Public,Mon: 6:00am-5:00pm; Tue: 6:00am-5:00pm; Wed: 6:00am-5:00pm; Thu: 6:00am-5:00pm; Fri: 6:00am-5:00pm,,,,,,1,,,ChargePoint Network,https://www.chargepoint.com,GPS,40.496051,-74.371024,8/26/2026,383807,2026-08-26 02:48:16 UTC,,,,2/8/2025,,,,,J1772,US,,,,Public,,public,,,,,,,,,,,,,,,,,,,,FALSE,,,,,,,,,FALSE,
ELEC,DG 1 DESIGNER 3,11 Executive Avenue,,Edison,NJ,8817,,888-758-4389,E,,Public,Mon: 6:00am-5:00pm; Tue: 6:00am-5:00pm; Wed: 6:00am-5:00pm; Thu: 6:00am-5:00pm; Fri: 6:00am-5:00pm,,,,,,2,,,ChargePoint Network,https://www.chargepoint.com,GPS,40.496899,-74.372563,8/26/2026,383848,2026-08-26 02:51:11 UTC,,,,2/8/2025,,,,,J1772,US,,,,Public,,public,,,,,,,,,,,,,,,,,,,,FALSE,,,,,,,,,FALSE,
ELEC,James Fenimore Cooper Service Plaza,1400 NJ Turnpike,"NJ Turnpike Northbound (Mile Marker 39) (between Interchanges 4 and 5, Mount Laurel, Burlington County",Mt. Laurel Township,NJ,8054,,888-557-7099,E,,Public,24 hours daily,A ANDROID_PAY APPLE_PAY CREDIT D V,,,,,,4,,APPLEGREEN,https://www.applegreenelectric.com,GPS,39.980769,-74.887187,3/12/2026,384161,2026-03-12 20:29:51 UTC,P,,,12/26/2024,,,,,J1772COMBO,US,,,,Public,,public,,,TRAVEL_CENTER,,,,,,,$0.58 per kWh,,,,,,,,,,FALSE,,,,,,,,LD,FALSE,
ELEC,Walt Whitman Service Plaza,700 NJ Turnpike,NJ Turnpike Northbound (Mile Marker 39) (between Interchanges 4 and 5 Mount Laurel Burlington County,Cherry Hill,NJ,8034,,877-798-3752,E,,Public,24 hours daily,A ANDROID_PAY APPLE_PAY CREDIT D V,,,,,,8,,APPLEGREEN,https://www.applegreenelectric.com,GPS,39.886485,-75.002073,3/12/2026,384162,2026-03-12 20:29:51 UTC,P,,,12/19/2024,,,,,J1772COMBO,US,,,,Public,,public,,,TRAVEL_CENTER,,,,,,,$0.58 per kWh,,,,,,,,,,FALSE,,,,,,,,LD,FALSE,
ELEC,Larry Doby Brookdale North Service Plaza,Garden State Pkwy,"GSP Turnpike Northbound (Mile Marker 153) (between exits 151 and 153A, Essex County",Bloomfield,NJ,7003,,888-557-7099,E,,Public,24 hours daily,A ANDROID_PAY APPLE_PAY CREDIT D V,,,,,,2,,APPLEGREEN,https://www.applegreenelectric.com,200-9,40.839402,-74.178958,3/12/2026,384163,2026-03-12 20:29:51 UTC,P,,,12/27/2024,,,,,J1772COMBO,US,,,,Public,,public,,,TRAVEL_CENTER,,,,,,,$0.55 per kWh,,,,,,,,,,FALSE,,,,,,,,LD,FALSE,
ELEC,Woodrow Wilson Service Plaza,75 New Jersey Turnpike,"NJ Turnpike Northbound (Mile Marker 58) (between Interchanges 7 and 7A Hamilton Township, Mercer County)",Hamilton Township,NJ,8620,,888-557-7100,E,,Public,24 hours daily,A ANDROID_PAY APPLE_PAY CREDIT D V,,,,,,4,,APPLEGREEN,https://www.applegreenelectric.com,GPS,40.175659,-74.629991,3/12/2026,384164,2026-03-12 20:29:51 UTC,P,,,1/29/2025,,,,,J1772COMBO,US,,,,Public,,public,,,TRAVEL_CENTER,,,,,,,$0.58 per kWh,,,,,,,,,,FALSE,,,,,,,,LD,FALSE,
ELEC,Vince Lombardi Service Plaza,116 E New Jersey Turnpike,"NJ Turnpike Bidirectional (Mile Marker 116) (Ridgefield Borough, Bergen County)",Ridgefield,NJ,7657,,888-557-7101,E,,Public,24 hours daily,A ANDROID_PAY APPLE_PAY CREDIT D V,,,,,,8,,APPLEGREEN,https://www.applegreenelectric.com,GPS,40.822714,-74.031079,3/12/2026,384165,2026-03-12 20:29:51 UTC,P,,,1/31/2025,,,,,J1772COMBO,US,,,,Public,,public,,,TRAVEL_CENTER,,,,,,,$0.58 per kWh,,,,,,,,,,FALSE,,,,,,,,LD,FALSE,
ELEC,JFK Library - Piscataway Township,500 Hoes Ln,,Piscataway,NJ,8854,,866-816-7584,T,8/4/2026,TEMPORARILY UNAVAILABLE (Public),Mon: 10:00am-9:00pm; Tue: 10:00am-9:00pm; Wed: 10:00am-9:00pm; Thu: 10:00am-9:00pm; Fri: 10:00am-5:00pm; Sat: 10:00am-5:00pm; Sun: 1:00pm-5:00pm,,,,,,6,,,EV Connect,https://www.evconnect.com,GPS,40.536473,-74.471677,8/26/2026,384441,2026-08-26 03:52:58 UTC,,,,2/15/2025,,,,,J1772,US,,,,TEMPORAIREMENT SUSPENDU (Public),,public,,,,,,,,,,,,,,,,,,,,FALSE,,,,,,,,,FALSE,
ELEC,RED BANK MARINE PARK,1 UNION ST,,Red Bank,NJ,7701,,888-758-4389,E,,Public,24 hours daily,,,,,,2,,,ChargePoint Network,https://www.chargepoint.com,GPS,40.353324,-74.065732,8/26/2026,384632,2026-08-26 02:50:32 UTC,,,,2/20/2025,,,,,J1772,US,,,,Public,,public,,,,,,,,,,,,,,,,,,,,FALSE,,,,,,,,,FALSE,
ELEC,OR VOLVO STN 7 PRIVATE,731 US-1,NOT FOR THE PUBLIC,Edison,NJ,8817,,888-758-4389,E,,Public,24 hours daily,,,,,,1,,,ChargePoint Network,https://www.chargepoint.com,GPS,40.51114,-74.387093,8/26/2026,384856,2026-08-26 02:11:50 UTC,,,,2/23/2025,,,,,J1772,US,,,,Public,,public,,,,,,,,,,,,,,,,,,,,FALSE,,,,,,,,,FALSE,
ELEC,OR VOLVO STN 8 PRIVATE,731 US-1,NOT FOR THE PUBLIC,Edison,NJ,8817,,888-758-4389,E,,Public,24 hours daily,,,,,,1,,,ChargePoint Network,https://www.chargepoint.com,GPS,40.511146,-74.387164,8/26/2026,384857,2026-08-26 02:11:50 UTC,,,,2/23/2025,,,,,J1772,US,,,,Public,,public,,,,,,,,,,,,,,,,,,,,FALSE,,,,,,,,,FALSE,
ELEC,OR VOLVO STN 10 PRIVATE,731 US-1,NOT FOR THE PUBLIC,Edison,NJ,8817,,888-758-4389,E,,Public,24 hours daily,,,,,,1,,,ChargePoint Network,https://www.chargepoint.com,GPS,40.511143,-74.387215,8/26/2026,384858,2026-08-26 02:11:50 UTC,,,,2/23/2025,,,,,J1772,US,,,,Public,,public,,,,,,,,,,,,,,,,,,,,FALSE,,,,,,,,,FALSE,
ELEC,ChargeSmart EV - Midstate Mall,300 NJ-18,,East Brunswick,NJ,8816,,888-717-4544,E,,Public,24 hours daily,,,,,,,8,,CHARGESMART_EV,https://chargesmartev.com,GPS,40.455742,-74.397759,8/26/2026,387129,2026-08-26 04:51:26 UTC,,,,3/1/2025,,,,,J1772COMBO TESLA,US,,,,Public,,public,,,,,,,,,,,,,,,,,,,,FALSE,,,,,,,,,FALSE,
ELEC,ChargeSmart EV - Old Bridge Turnpike,300 NJ 18,,East Brunswick,NJ,8816,,888-717-4544,E,,Public,24 hours daily,,,,,,,8,,CHARGESMART_EV,https://chargesmartev.com,GPS,40.457264,-74.394368,8/26/2026,387130,2026-08-26 04:51:33 UTC,,,,3/1/2025,,,,,J1772COMBO TESLA,US,,,,Public,,public,,,,,,,,,,,,,,,,,,,,FALSE,,,,,,,,,FALSE,
ELEC,Joyce Parking,179 Chelsea Ave,,Long Branch,NJ,7740,,855-223-5351,E,,Public,24 hours daily,A D M V,,,,,1,,,FLASH,https://www.flashparking.com/products/diversify-parking-revenue/ev-charging-as-a-revenue-stream/,GPS,40.30103869,-73.98679428,8/26/2026,387146,2026-08-26 03:59:03 UTC,,,,3/2/2025,,,,,J1772,US,,,,Public,,public,,,MULTI_UNIT_DWELLING,,,,,,,,,,,,,,,,,FALSE,,,,,,,,,FALSE,
ELEC,SignPros,1215 Black Horse Pike,,Glendora,NJ,8029,,888-356-8911,E,,Public,24 hours daily,,,,,,2,,,FLO,https://www.flo.com,GPS,39.8430586,-75.0708708,8/26/2026,387423,2026-08-26 04:15:33 UTC,,,,3/7/2025,,,,,J1772,US,,,,Public,,public,,,,,,,,,,,,,,,,,,,,FALSE,,,,,,,,,FALSE,
ELEC,Edgewater Park Weimann Field,400 Delanco Road,,Edgewater Park,NJ,8010,,888-356-8911,E,,Public,24 hours daily,,,,,,4,,,FLO,https://www.flo.com,GPS,40.047469,-74.916476,8/26/2026,387546,2026-08-26 04:15:33 UTC,,,,3/8/2025,,,,,J1772,US,,,,Public,,public,,,,,,,,,,,,,,,,,,,,FALSE,,,,,,,,,FALSE,
ELEC,Edgewater Park Municipal Building,400 Delanco Road,,Edgewater Park,NJ,8010,,888-356-8911,E,,Public,24 hours daily,,,,,,4,,,FLO,https://www.flo.com,GPS,40.046324,-74.918091,8/26/2026,387547,2026-08-26 04:15:34 UTC,,,,3/8/2025,,,,,J1772,US,,,,Public,,public,,,,,,,,,,,,,,,,,,,,FALSE,,,,,,,,,FALSE,
ELEC,Edgewater Park Memorial Field,744 Cooper Street,,Edgewater Park,NJ,8010,,888-356-8911,E,,Public,24 hours daily,,,,,,4,,,FLO,https://www.flo.com,GPS,40.060007,-74.913848,8/26/2026,387588,2026-08-26 04:15:34 UTC,,,,3/11/2025,,,,,J1772,US,,,,Public,,public,,,,,,,,,,,,,,,,,,,,FALSE,,,,,,,,,FALSE,
ELEC,Larson Ford,1150 Ocean Avenue,,Lakewood,NJ,8701,,888-717-4544,E,,Public,24 hours daily,,,,,,6,6,,CHARGESMART_EV,https://chargesmartev.com,GPS,40.082796,-74.171672,8/26/2026,387683,2026-08-26 04:50:55 UTC,,,,3/12/2025,,,,,J1772 J1772COMBO,US,,,,Public,,public,,,,,,,,,,,,,,,,,,,,FALSE,,,,,,,,,FALSE,
ELEC,Paul Miller Toyota L2,189 Route 46 E,,Parsippany,NJ,7054,,888-717-4544,E,,Public,Mon: 7:00am-8:00pm; Tue: 7:00am-8:00pm; Wed: 7:00am-8:00pm; Thu: 7:00am-8:00pm; Fri: 7:00am-8:00pm; Sat: 7:00am-8:00pm,,,,,,1,,,CHARGESMART_EV,https://chargesmartev.com,GPS,40.857784,-74.355254,8/26/2026,387685,2026-08-26 04:51:32 UTC,,,,3/12/2025,,,,,J1772,US,,,,Public,,public,,,,,,,,,,,,,,,,,,,,FALSE,,,,,,,,,FALSE,
ELEC,40 SOUTH STATION 1,40 South Ave,,Fanwood,NJ,7023,,888-758-4389,E,,Public,24 hours daily,,,,,,2,,,ChargePoint Network,https://www.chargepoint.com,GPS,40.635857,-74.390638,8/26/2026,388022,2026-08-26 02:53:03 UTC,,,,3/19/2025,,,,,J1772,US,,,,Public,,public,,,,,,,,,,,,,,,,,,,,FALSE,,,,,,,,,FALSE,
ELEC,40 SOUTH STATION 2,40 South Ave,Station 2,Fanwood,NJ,7023,,888-758-4389,E,,Public,24 hours daily,,,,,,2,,,ChargePoint Network,https://www.chargepoint.com,GPS,40.635889,-74.390467,8/26/2026,388023,2026-08-26 02:53:03 UTC,,,,3/19/2025,,,,,J1772,US,,,,Public,,public,,,,,,,,,,,,,,,,,,,,FALSE,,,,,,,,,FALSE,
ELEC,FPC N UNION ST1,243 North Union Street,,Lambertville,NJ,8530,,888-758-4389,E,,Public,24 hours daily,,,,,,1,,,ChargePoint Network,https://www.chargepoint.com,GPS,40.375748,-74.948778,8/26/2026,388275,2026-08-26 02:53:03 UTC,,,,3/22/2025,,,,,J1772,US,,,,Public,,public,,,,,,,,,,,,,,,,,,,,FALSE,,,,,,,,,FALSE,
ELEC,FPC E STATE ST2,1800 East State Street,,Hamilton Township,NJ,8609,,888-758-4389,E,,Public,24 hours daily,,,,,,1,,,ChargePoint Network,https://www.chargepoint.com,GPS,40.235386,-74.73026,8/26/2026,388285,2026-08-26 02:53:11 UTC,,,,3/22/2025,,,,,J1772,US,,,,Public,,public,,,,,,,,,,,,,,,,,,,,FALSE,,,,,,,,,FALSE,
ELEC,FPC E STATE ST1,1800 East State Street,,Hamilton Township,NJ,8609,,888-758-4389,E,,Public,24 hours daily,,,,,,1,,,ChargePoint Network,https://www.chargepoint.com,GPS,40.235445,-74.7302,8/26/2026,388286,2026-08-26 02:53:11 UTC,,,,3/22/2025,,,,,J1772,US,,,,Public,,public,,,,,,,,,,,,,,,,,,,,FALSE,,,,,,,,,FALSE,
ELEC,201 NJ 17,201 NJ-17,,Rutherford,NJ,7070,,917-274-7217,E,,Public,24 hours daily,,,,,,2,4,,EVIUM,https://www.eviumcharging.com,GPS,40.8576993,-74.1756134,8/26/2026,388641,2026-08-26 04:56:54 UTC,,,,3/25/2025,,,,,J1772 J1772COMBO,US,,,,Public,,public,,,,,,,,,,,,,,,,,,,,FALSE,,,,,,,,,FALSE,
ELEC,CFA 03880 #03880 STATION,317 New Jersey 18,This location is in the parking lot for Chick-fil-A East Brunswick,East Brunswick,NJ,8816,,888-758-4389,E,,Public,24 hours daily,,,,,,2,,,ChargePoint Network,https://www.chargepoint.com,GPS,40.450446,-74.399163,8/26/2026,388750,2026-08-26 02:53:43 UTC,,,,3/27/2025,,,,,J1772,US,,,,Public,,public,,,,,,,,,,,,,,,,,,,,FALSE,,,,,,,,,FALSE,
ELEC,NJDEP STATEPARK HOPATCONG ST1,260 Lakeside Boulevard,-Only available 8am to 4:30 PM for the Public,Roxbury Township,NJ,7850,,888-758-4389,E,,Public,Mon: 8:00am-4:30pm; Tue: 8:00am-4:30pm; Wed: 8:00am-4:30pm; Thu: 8:00am-4:30pm; Fri: 8:00am-4:30pm; Sat: 8:00am-4:30pm; Sun: 8:00am-4:30pm,,,,,,2,,,ChargePoint Network,https://www.chargepoint.com,GPS,40.916412,-74.663672,8/26/2026,389000,2026-08-26 02:53:48 UTC,,,,4/1/2025,,,,,J1772,US,,,,Public,,public,,,,,,,,,,,,,,,,,,,,FALSE,,,,,,,,,FALSE,
ELEC,NJDEP STATEPARK HOPATCONG ST2,260 Lakeside Boulevard,-Only available 8am to 4:30 PM for the Public,Roxbury Township,NJ,7850,,888-758-4389,E,,Public,Mon: 8:00am-4:30pm; Tue: 8:00am-4:30pm; Wed: 8:00am-4:30pm; Thu: 8:00am-4:30pm; Fri: 8:00am-4:30pm; Sat: 8:00am-4:30pm; Sun: 8:00am-4:30pm,,,,,,2,,,ChargePoint Network,https://www.chargepoint.com,GPS,40.916357,-74.663626,8/26/2026,389001,2026-08-26 02:53:48 UTC,,,,4/1/2025,,,,,J1772,US,,,,Public,,public,,,,,,,,,,,,,,,,,,,,FALSE,,,,,,,,,FALSE,
ELEC,Raritan Valley Community College EV Chargers - Workforce Training Center,118 Lamington Rd,,Branchburg,NJ,8876,,908-526-1200,E,,Public,24 hours daily,,,,,,4,,,SWTCH,https://swtchenergy.com,200-8,40.61111421,-74.69276796,6/6/2025,389419,2026-02-02 23:16:24 UTC,P,,,3/20/2025,,,,,J1772,US,,,,Public,,public,,,COLLEGE_CAMPUS,,,,,,,$0.12 per kWh; $5.00 loitering fee per hour after vehicle is fully charged,,,,,,,,,,FALSE,,,,,,,,LD,FALSE,
ELEC,Raritan Valley Community College EV Chargers - West Building,118 Lamington Rd,,Branchburg,NJ,8876,,908-526-1200,E,,Public,24 hours daily,,,,,,4,,,SWTCH,https://swtchenergy.com,200-8,40.60993729,-74.68974243,5/12/2025,389420,2026-02-02 23:16:24 UTC,P,,,3/20/2025,,,,,J1772,US,,,,Public,,public,,,COLLEGE_CAMPUS,,,,,,,$0.12 per kWh; $5.00 loitering fee per hour after vehicle is fully charged,,,,,,,,,,FALSE,,,,,,,,LD,FALSE,
ELEC,AAF L2 - STATION 1,520 River St,LEFT SIDE OF BUILDING UNDER OVERHANG,Hackensack,NJ,7601,,888-758-4389,E,,Public,24 hours daily,,,,,,1,,,ChargePoint Network,https://www.chargepoint.com,GPS,40.895145,-74.037366,8/26/2026,389783,2026-08-26 02:54:21 UTC,,,,4/11/2025,,,,,J1772,US,,,,Public,,public,,,,,,,,,,,,,,,,,,,,FALSE,,,,,,,,,FALSE,
ELEC,AAF L2 - STATION 2,520 River St,RIGHT SIDE OF BUILDING,Hackensack,NJ,7601,,888-758-4389,E,,Public,24 hours daily,,,,,,1,,,ChargePoint Network,https://www.chargepoint.com,GPS,40.894692,-74.037926,8/26/2026,389784,2026-08-26 02:54:22 UTC,,,,4/11/2025,,,,,J1772,US,,,,Public,,public,,,,,,,,,,,,,,,,,,,,FALSE,,,,,,,,,FALSE,
ELEC,AAF L2 - STATION 3,520 River St,FRONT OF LOT,Hackensack,NJ,7601,,888-758-4389,E,,Public,24 hours daily,,,,,,1,,,ChargePoint Network,https://www.chargepoint.com,GPS,40.894689,-74.038109,8/26/2026,389785,2026-08-26 02:54:22 UTC,,,,4/11/2025,,,,,J1772,US,,,,Public,,public,,,,,,,,,,,,,,,,,,,,FALSE,,,,,,,,,FALSE,
ELEC,Garden Homes - Skyline Ridge,100 Wilson Road,,Springfield,NJ,7081,,855-885-9571,E,,Public,24 hours daily,,,,,,8,,,OpConnect,https://opconnect-ev.com,GPS,40.7091796,-74.3287613,8/26/2026,389808,2026-08-26 03:46:40 UTC,,,,4/11/2025,,,,,J1772,US,,,,Public,,public,,,,,,,,,,,,,,,,,,,,FALSE,,,,,,,,,FALSE,
ELEC,HAMPTON1 HAMPTON3,5800 New Jersey 42,The station is in the back of the building,Washington Township,NJ,8012,,888-758-4389,E,,Public,24 hours daily,,,,,,2,,,ChargePoint Network,https://www.chargepoint.com,GPS,39.762514,-75.046444,8/26/2026,389874,2026-08-26 02:47:19 UTC,,,,4/13/2025,,,,,J1772,US,,,,Public,,public,,,,,,,,,,,,,,,,,,,,FALSE,,,,,,,,,FALSE,
ELEC,HAMPTON1 HAMPTON2,5800 New Jersey 42,The station is in the back of the building,Washington Township,NJ,8012,,888-758-4389,E,,Public,24 hours daily,,,,,,2,,,ChargePoint Network,https://www.chargepoint.com,GPS,39.762483,-75.04643,8/26/2026,389875,2026-08-26 02:47:19 UTC,,,,4/13/2025,,,,,J1772,US,,,,Public,,public,,,,,,,,,,,,,,,,,,,,FALSE,,,,,,,,,FALSE,
ELEC,HAMPTON1 HAMPTON4,5800 New Jersey 42,The station is in the back of the building,Washington Township,NJ,8012,,888-758-4389,E,,Public,24 hours daily,,,,,,2,,,ChargePoint Network,https://www.chargepoint.com,GPS,39.762437,-75.046405,8/26/2026,389876,2026-08-26 02:47:19 UTC,,,,4/13/2025,,,,,J1772,US,,,,Public,,public,,,,,,,,,,,,,,,,,,,,FALSE,,,,,,,,,FALSE,
ELEC,HAMPTON1 HAMPTON5,5800 New Jersey 42,The station is in the back of the building,Washington Township,NJ,8012,,888-758-4389,E,,Public,24 hours daily,,,,,,2,,,ChargePoint Network,https://www.chargepoint.com,GPS,39.7623,-75.046398,8/26/2026,389877,2026-08-26 02:47:19 UTC,,,,4/13/2025,,,,,J1772,US,,,,Public,,public,,,,,,,,,,,,,,,,,,,,FALSE,,,,,,,,,FALSE,
ELEC,Honda of Hackettstown,48 U.S. 46,,Hackettstown,NJ,7840,,888-998-2546,E,,Public,24 hours daily,,,,,,5,,,Blink Network,https://blinkcharging.com,GPS,40.845935,-74.81159,8/26/2026,390031,2026-08-26 00:35:01 UTC,,,,4/16/2025,,,,,J1772,US,,,,Public,,public,,,,,,,,,,,,,,,,,,,,FALSE,,,,,,,,,FALSE,
ELEC,Isles - Perry Street Headquarters,265 Allen Street,,Trenton,NJ,8618,,888-356-8911,E,,Public,24 hours daily,,,,,,,2,,FLO,https://www.flo.com,GPS,40.2247727,-74.7609776,8/26/2026,390187,2026-08-26 04:15:37 UTC,,,,4/18/2025,,,,,CHADEMO J1772COMBO,US,,,,Public,,public,,,,,,,,,,,,,,,,,,,,FALSE,,,,,,,,,FALSE,
ELEC,"Bellmawr, NJ - Tesla Supercharger",12 S Black Horse Pike,,Bellmawr,NJ,8031,,877-798-3752,E,,Public,24 hours daily. Open to all vehicles.,A D Debit M V,,,,,,8,,Tesla,https://www.tesla.com/supercharger,GPS,39.865597,-75.079665,6/18/2026,390330,2026-06-18 14:46:21 UTC,P,,,2/13/2025,,,,,J1772COMBO TESLA,US,,,,Public,,public,,,GAS_STATION,,,,,,,,,,,,,,,,,FALSE,,,,,,,,LD,FALSE,
ELEC,"Harrison, NJ - Tesla Supercharger",450 Bergen St,,Harrison,NJ,7029,,877-798-3752,E,,Public,24 hours daily. Open to all vehicles.,A D Debit M V,,,,,,12,,Tesla,https://www.tesla.com/supercharger,GPS,40.743411,-74.154278,6/18/2026,390334,2026-06-18 14:46:21 UTC,P,,,2/18/2025,,,,,J1772COMBO TESLA,US,,,,Public,,public,,,SHOPPING_CENTER,,,,,,,,,,,,,,,,,FALSE,,,,,,,,LD,FALSE,
ELEC,Toms Ford,200 NJ-35,,Keyport,NJ,7735,,888-357-1009,E,,Public,24 hours daily,A ANDROID_PAY APPLE_PAY CREDIT D Debit M V,,,,,,4,,FORD_CHARGE,https://www.ford.com/support/category/electric-vehicle/charging/public-charging/,GPS,40.424423,-74.200214,8/26/2026,390490,2026-08-26 05:27:19 UTC,,,,12/5/2024,,,,,J1772COMBO,US,,,,Public,,public,,,PUBLIC,,,,,,,,,,,,,,,,,FALSE,,,,,,,,,FALSE,
ELEC,"Teaneck, NJ - Tesla Supercharger",500 Frank W Burr Blvd,,Teaneck,NJ,7666,,877-798-3752,E,,Public,24 hours daily. Open to all vehicles.,A D Debit M V,,,,,,20,,Tesla,https://www.tesla.com/supercharger,GPS,40.870689,-74.004883,6/18/2026,390492,2026-06-18 14:46:21 UTC,P,,,3/17/2025,,,,,J1772COMBO TESLA,US,,,,Public,,public,,,OFFICE_BLDG,,,,,,,,,,,,,,,,,FALSE,,,,,,,,LD,FALSE,
ELEC,"Paramus, NJ - Bergen Town Center - Tesla Supercharger",1 Bergen Town Center,,Paramus,NJ,7652,,877-798-3752,E,,Public,24 hours daily. Open to all vehicles.,A D Debit M V,,,,,,16,,Tesla,https://www.tesla.com/supercharger,GPS,40.912748,-74.057515,6/18/2026,390531,2026-06-18 14:46:21 UTC,P,,,4/16/2025,,,,,J1772COMBO TESLA,US,,,,Public,,public,,,SHOPPING_CENTER,,,,,,,,,,,,,,,,,FALSE,,,,,,,,LD,FALSE,
ELEC,Piscataway YMCA,520 Hoes Ln,,Piscataway,NJ,8854,,866-816-7584,T,8/1/2026,TEMPORARILY UNAVAILABLE (Public),Mon: 5:30am-10:00pm; Tue: 5:30am-10:00pm; Wed: 5:30am-10:00pm; Thu: 5:30am-10:00pm; Fri: 5:30am-10:00pm; Sat: 7:00am-4:00pm; Sun: 7:00am-4:00pm,,,,,,10,,,EV Connect,https://www.evconnect.com,GPS,40.535236,-74.47022,8/26/2026,390580,2026-08-26 03:53:10 UTC,,,,4/22/2025,,,,,J1772,US,,,,TEMPORAIREMENT SUSPENDU (Public),,public,,,,,,,,,,,,,,,,,,,,FALSE,,,,,,,,,FALSE,
ELEC,ATL. HIGHLANDS PIER LOT ST3,9 First Avenue,,Atlantic Highlands,NJ,7716,,888-758-4389,E,,Public,24 hours daily,,,,,,2,,,ChargePoint Network,https://www.chargepoint.com,GPS,40.416625,-74.036727,8/26/2026,390619,2026-08-26 02:55:15 UTC,,,,4/23/2025,,,,,J1772,US,,,,Public,,public,,,,,,,,,,,,,,,,,,,,FALSE,,,,,,,,,FALSE,
ELEC,ATL. HIGHLANDS PIER LOT ST 2,9 First Ave,,Atlantic Highlands,NJ,7716,,888-758-4389,E,,Public,24 hours daily,,,,,,2,,,ChargePoint Network,https://www.chargepoint.com,GPS,40.416527,-74.036734,8/26/2026,390620,2026-08-26 02:55:15 UTC,,,,4/23/2025,,,,,J1772,US,,,,Public,,public,,,,,,,,,,,,,,,,,,,,FALSE,,,,,,,,,FALSE,
ELEC,ATL. HIGHLANDS PIER LOT ST1,9 First Avenue,,Atlantic Highlands,NJ,7716,,888-758-4389,E,,Public,24 hours daily,,,,,,2,,,ChargePoint Network,https://www.chargepoint.com,GPS,40.416522,-74.036752,8/26/2026,390621,2026-08-26 02:55:15 UTC,,,,4/23/2025,,,,,J1772,US,,,,Public,,public,,,,,,,,,,,,,,,,,,,,FALSE,,,,,,,,,FALSE,
ELEC,BUHLER CJDR EXPP PL2000,2 Bayview Avenue,BACK OF PARKING LOT,Hazlet,NJ,7730,,888-758-4389,E,,Public,24 hours daily,,,,,,,2,,ChargePoint Network,https://www.chargepoint.com,GPS,40.421739,-74.191963,8/26/2026,390624,2026-08-26 02:55:17 UTC,,,,4/23/2025,,,,,J1772COMBO,US,,,,Public,,public,,,,,,,,,,,,,,,,,,,,FALSE,,,,,,,,,FALSE,
ELEC,MCDONALD'S EASTON 01,940 Easton Avenue,,Franklin Township,NJ,8873,,888-758-4389,E,,Public,24 hours daily,,,,,,2,,,ChargePoint Network,https://www.chargepoint.com,GPS,40.51325,-74.487144,8/26/2026,390626,2026-08-26 02:55:17 UTC,,,,4/23/2025,,,,,J1772,US,,,,Public,,public,,,,,,,,,,,,,,,,,,,,FALSE,,,,,,,,,FALSE,
ELEC,MCDONALD'S PARAMUS 02,828 New Jersey 17,,Paramus,NJ,7652,,888-758-4389,E,,Public,24 hours daily,,,,,,1,,,ChargePoint Network,https://www.chargepoint.com,GPS,40.976234,-74.08138,8/26/2026,390631,2026-08-26 02:55:18 UTC,,,,4/23/2025,,,,,J1772,US,,,,Public,,public,,,,,,,,,,,,,,,,,,,,FALSE,,,,,,,,,FALSE,
ELEC,MCDONALD'S PARAMUS 01,828 New Jersey 17,,Paramus,NJ,7652,,888-758-4389,E,,Public,24 hours daily,,,,,,1,,,ChargePoint Network,https://www.chargepoint.com,GPS,40.97614,-74.08149,8/26/2026,390632,2026-08-26 02:55:18 UTC,,,,4/23/2025,,,,,J1772,US,,,,Public,,public,,,,,,,,,,,,,,,,,,,,FALSE,,,,,,,,,FALSE,
ELEC,The Gleason,7 W Parker Avenue,,Maplewood,NJ,7040,,888-998-2546,E,,Public,24 hours daily,,,,,,7,,,Blink Network,https://blinkcharging.com,GPS,40.73648288,-74.26820235,8/26/2026,390879,2026-08-26 00:49:34 UTC,,,,4/25/2025,,,,,J1772 TESLA,US,,,,Public,,public,,,,,,,,,,,,,,,,,,,,FALSE,,,,,,,,,FALSE,
ELEC,123 MAIN 123 MAIN ST,123 Main St,Parking lot,Flemington,NJ,8822,,888-758-4389,E,,Public,Mon: 8:00am-5:00pm; Tue: 8:00am-5:00pm; Wed: 8:00am-5:00pm; Thu: 8:00am-5:00pm; Fri: 8:00am-5:00pm; Sat: 8:00am-5:00pm; Sun: 8:00am-5:00pm,,,,,,2,,,ChargePoint Network,https://www.chargepoint.com,GPS,40.508971,-74.859017,8/26/2026,391536,2026-08-26 02:55:45 UTC,,,,5/1/2025,,,,,J1772,US,,,,Public,,public,,,,,,,,,,,,,,,,,,,,FALSE,,,,,,,,,FALSE,
ELEC,Lester Glenn Ford,900 NJ-35,,Ocean Township,NJ,7712,,888-717-4544,E,,Public,24 hours daily,,,,,,4,4,,CHARGESMART_EV,https://chargesmartev.com,GPS,40.232768,-74.039116,8/26/2026,391679,2026-08-26 04:50:55 UTC,,,,5/2/2025,,,,,J1772 J1772COMBO,US,,,,Public,,public,,,,,,,,,,,,,,,,,,,,FALSE,,,,,,,,,FALSE,
ELEC,Piscataway Twp - Sterling Village,1 Sterling Dr,Sterling Dr. and Skiles Ave. Located in parking lot of the Sterling vIllage housing complex.,Piscataway,NJ,8854,,732-562-2300,E,,Public,24 hours daily,,,,,,4,,,EV Connect,https://www.evconnect.com,GPS,40.53685299,-74.47409809,6/6/2025,395307,2026-02-02 23:16:24 UTC,LG,,,5/1/2025,,,,,J1772,US,,,,Public,,public,,,MULTI_UNIT_DWELLING,,,,,,,"8am-5pm first hour free, normal EV Connect pricing outside of business hours",,,,,,,,,,FALSE,,,,,,,,MD,FALSE,
ELEC,Piscataway Twp - Westergard Library,20 Murray Ave,Murray Ave & stelton Rd Located in library parking lot,Piscataway,NJ,8854,,732-562-2300,P,6/1/2025,PLANNED - not yet accessible (Public),24 hours daily,,,,,,2,,,EV Connect,https://www.evconnect.com,GPS,40.56862101,-74.4572057,6/6/2025,395309,2026-02-02 23:16:24 UTC,LG,,,6/1/2025,,,,,J1772,US,,,,PRÉVU - pas encore accessible (Public),,public,,,LIBRARY,,,,,,,"8am-5pm first hour free, normal EV Connect pricing outside of business hours",,,,,,,,,,FALSE,,,,,,,,MD,FALSE,
ELEC,Piscataway Twp - Public Safety,555 Sidney Rd,Sidney Rd. & Hoes Ln. Location in parking lot on north side of Public Safety building.,Piscataway,NJ,8854,,732-562-2300,P,11/1/2025,PLANNED - not yet accessible (Public),24 hours daily,,,,,,6,,,EV Connect,https://www.evconnect.com,GPS,40.53986204,-74.46969932,6/6/2025,395310,2026-02-02 23:16:24 UTC,LG,,,,,,,,J1772,US,,,,PRÉVU - pas encore accessible (Public),,public,,,STATE_GOV,,,,,,,"8am-5pm first hour free, normal EV Connect pricing outside of business hours",,,,,,,,,,FALSE,,,,,,,,MD,FALSE,
ELEC,Millbrook Manor,2 Sawmill Rd,,Brick Township,NJ,8724,,949-945-2000,T,7/10/2026,TEMPORARILY UNAVAILABLE (Public),24 hours daily,,,,,,6,,,EVGATEWAY,https://evgateway.com,GPS,40.1095853,-74.1165542,8/26/2026,395364,2026-08-26 04:57:31 UTC,,,,5/10/2025,,,,,J1772,US,,,,TEMPORAIREMENT SUSPENDU (Public),,public,,,,,,,,,,,,,,,,,,,,FALSE,,,,,,,,,FALSE,
ELEC,Clarion Hotel,815 Route 37W,,Toms River,NJ,8755,,949-945-2000,E,,Public,24 hours daily,,,,,,6,,,EVGATEWAY,https://evgateway.com,GPS,39.9701038,-74.2373918,8/26/2026,395365,2026-08-26 04:57:39 UTC,,,,5/10/2025,,,,,J1772,US,,,,Public,,public,,,,,,,,,,,,,,,,,,,,FALSE,,,,,,,,,FALSE,
ELEC,STDNEWBRUNSWICK STATION 2,90 New St,,New Brunswick,NJ,8901,,888-758-4389,E,,Public,24 hours daily,,,,,,2,,,ChargePoint Network,https://www.chargepoint.com,GPS,40.492172,-74.4441,8/26/2026,395715,2026-08-26 01:37:40 UTC,,,,5/16/2025,,,,,J1772,US,,,,Public,,public,,,,,,,,,,,,,,,,,,,,FALSE,,,,,,,,,FALSE,
ELEC,CCNB CCNB PAD,2416 U.S. 1,Retail Pad,North Brunswick Township,NJ,8902,,888-758-4389,E,,Public,24 hours daily,,,,,,2,,,ChargePoint Network,https://www.chargepoint.com,GPS,40.442428,-74.504251,8/26/2026,395720,2026-08-26 02:54:15 UTC,,,,5/16/2025,,,,,J1772,US,,,,Public,,public,,,,,,,,,,,,,,,,,,,,FALSE,,,,,,,,,FALSE,
ELEC,CCNB CCNB FREDDY'S,2516 U.S. 1,Freddy's,North Brunswick Township,NJ,8902,,888-758-4389,E,,Public,24 hours daily,,,,,,2,,,ChargePoint Network,https://www.chargepoint.com,GPS,40.442226,-74.504503,8/26/2026,395721,2026-08-26 02:54:16 UTC,,,,5/16/2025,,,,,J1772,US,,,,Public,,public,,,,,,,,,,,,,,,,,,,,FALSE,,,,,,,,,FALSE,
ELEC,NBPA 1435 51ST L2,1435 51st Street,Public: Station Time Rate First 2hrs $1.50hr Overstay Time Rate After 2hrs$5.00hr Fleet: FREE,North Bergen,NJ,7047,,888-758-4389,E,,Public,24 hours daily,,,,,,2,,,ChargePoint Network,https://www.chargepoint.com,GPS,40.786407,-74.027874,8/26/2026,395812,2026-08-26 02:56:49 UTC,,,,5/17/2025,,,,,J1772,US,,,,Public,,public,,,,,,,,,,,,,,,,,,,,FALSE,,,,,,,,,FALSE,
ELEC,Duke Farms,1112 Dukes Parkway West,,Hillsborough,NJ,8844,,800-636-0986,E,,Public,,,,,,,4,4,,CHARGELAB,https://chargelab.co,GPS,40.545535,-74.62529,8/26/2026,396164,2026-08-26 05:36:05 UTC,,,,5/22/2025,,,,,CHADEMO J1772 J1772COMBO,US,,,,Public,,public,,,,,,,,,,,,,,,,,,,,FALSE,,,,,,,,,FALSE,
ELEC,Winner Ford - DCFC,250 Haddonfield-Berlin Road,,Cherry Hill Township,NJ,8034,,888-998-2546,E,,Public,Mon: 7:00am-8:00pm; Tue: 7:00am-8:00pm; Wed: 7:00am-8:00pm; Thu: 7:00am-8:00pm; Fri: 7:00am-8:00pm; Sat: 7:00am-8:00pm; Sun: 7:00am-8:00pm,,,,,,,4,,Blink Network,https://blinkcharging.com,GPS,39.89007739,-75.02090985,8/26/2026,396230,2026-08-26 00:46:53 UTC,,,,5/23/2025,,,,,J1772COMBO,US,,,,Public,,public,,,,,,,,,,,,,,,,,,,,FALSE,,,,,,,,,FALSE,
ELEC,Winner Ford - Series,250 Haddonfield-Berlin Road,,Cherry Hill Township,NJ,8034,,888-998-2546,E,,Public,Mon: 8:00am-7:00pm; Tue: 8:00am-7:00pm; Wed: 8:00am-7:00pm; Thu: 8:00am-7:00pm; Fri: 8:00am-7:00pm; Sat: 8:00am-4:00pm; Sun: 12:00am-12:00am,,,,,,6,,,Blink Network,https://blinkcharging.com,GPS,39.89006092,-75.0209313,8/26/2026,396232,2026-08-26 00:54:29 UTC,,,,5/23/2025,,,,,J1772,US,,,,Public,,public,,,,,,,,,,,,,,,,,,,,FALSE,,,,,,,,,FALSE,
ELEC,WEXFORD ALEXFORD,100 Dorchester Dr,,Lumberton Township,NJ,8048,,888-758-4389,E,,Public,24 hours daily,,,,,,2,,,ChargePoint Network,https://www.chargepoint.com,GPS,39.975133,-74.765986,8/26/2026,396235,2026-08-26 02:43:47 UTC,,,,5/24/2025,,,,,J1772,US,,,,Public,,public,,,,,,,,,,,,,,,,,,,,FALSE,,,,,,,,,FALSE,
ELEC,STARBUCKS STORE #68874,206 US-46,,Rockaway,NJ,7866,,888-758-4389,E,,Public,24 hours daily,,,,,,1,,,ChargePoint Network,https://www.chargepoint.com,GPS,40.890633,-74.514404,8/26/2026,397041,2026-08-26 02:56:45 UTC,,,,5/28/2025,,,,,J1772,US,,,,Public,,public,,,,,,,,,,,,,,,,,,,,FALSE,,,,,,,,,FALSE,
ELEC,35 Waterview,35 Waterview Blvd,,Parsippany,NJ,7054,,833-611-5965,E,,Public,24 hours daily,,,,,,6,,,VIALYNK,https://www.lynkwell.com,GPS,40.87484,-74.42607,8/26/2026,397123,2026-08-26 04:47:50 UTC,,,,5/29/2025,,,,,J1772,US,,,,Public,,public,,,,,,,,,,,,,,,,,,,,FALSE,,,,,,,,,FALSE,
ELEC,West Deptford Library Parking Lot,611 Academy Ave,,West Deptford,NJ,8096,,800-636-0986,E,,Public,,,,,,,2,,,CHARGELAB,https://chargelab.co,GPS,39.857053,-75.147899,8/26/2026,397425,2026-08-26 05:36:08 UTC,,,,5/30/2025,,,,,J1772,US,,,,Public,,public,,,,,,,,,,,,,,,,,,,,FALSE,,,,,,,,,FALSE,
ELEC,BOROUGH  HALL BOROUGH HALL,281 Rock Rd,,Glen Rock,NJ,7452,,888-758-4389,E,,Public,24 hours daily,,,,,,1,,,ChargePoint Network,https://www.chargepoint.com,GPS,40.96233,-74.127991,8/26/2026,397558,2026-08-26 02:56:53 UTC,,,,6/3/2025,,,,,J1772,US,,,,Public,,public,,,,,,,,,,,,,,,,,,,,FALSE,,,,,,,,,FALSE,
ELEC,BOROUGH  HALL BOROUGH HALL 2,281 Rock Rd,,Glen Rock,NJ,7452,,888-758-4389,E,,Public,24 hours daily,,,,,,1,,,ChargePoint Network,https://www.chargepoint.com,GPS,40.962306,-74.127959,8/26/2026,397559,2026-08-26 02:56:53 UTC,,,,6/3/2025,,,,,J1772,US,,,,Public,,public,,,,,,,,,,,,,,,,,,,,FALSE,,,,,,,,,FALSE,
ELEC,Montvale PD,12 Depiero Dr,,Montvale,NJ,7645,,833-611-5965,E,,Public,24 hours daily,,,,,,,4,,VIALYNK,https://www.lynkwell.com,GPS,41.04812,-74.06029,8/26/2026,397577,2026-08-26 04:47:50 UTC,,,,6/3/2025,,,,,J1772COMBO,US,,,,Public,,public,,,,,,,,,,,,,,,,,,,,FALSE,,,,,,,,,FALSE,
ELEC,Route 33 Nissan,951 NJ-33,,Trenton,NJ,8690,,609-586-1900,E,,Public,Dealership business hours,,,,,,2,1,,Non-Networked,,GPS,40.228718,-74.672691,7/3/2025,397598,2026-02-02 23:16:24 UTC,P,,,6/5/2012,,,,,CHADEMO J1772 J1772COMBO,US,,,,Public,,public,,,CAR_DEALER,,,,,,,Free,,,,,,,,,,TRUE,,,,,,,,LD,FALSE,
ELEC,CCMUA ADMIN BLD ADMIN ST1,1645 Ferry Avenue,,Camden,NJ,8104,,888-758-4389,E,,Public,24 hours daily,,,,,,2,,,ChargePoint Network,https://www.chargepoint.com,GPS,39.923755,-75.122664,8/26/2026,397811,2026-08-26 02:49:06 UTC,,,,6/7/2025,,,,,J1772,US,,,,Public,,public,,,,,,,,,,,,,,,,,,,,FALSE,,,,,,,,,FALSE,
ELEC,PV MONMOUTH RB CHARGER 1,120 Monmouth Street,garage 1,Red Bank,NJ,7701,,888-758-4389,E,,Public,24 hours daily,,,,,,1,,,ChargePoint Network,https://www.chargepoint.com,GPS,40.349505,-74.071249,8/26/2026,397825,2026-08-26 02:56:00 UTC,,,,6/7/2025,,,,,J1772,US,,,,Public,,public,,,,,,,,,,,,,,,,,,,,FALSE,,,,,,,,,FALSE,
ELEC,PV MONMOUTH RB CHARGER 4,120 Monmouth St,garage 4,Red Bank,NJ,7701,,888-758-4389,E,,Public,24 hours daily,,,,,,1,,,ChargePoint Network,https://www.chargepoint.com,GPS,40.349361,-74.071387,8/26/2026,397826,2026-08-26 02:56:00 UTC,,,,6/7/2025,,,,,J1772,US,,,,Public,,public,,,,,,,,,,,,,,,,,,,,FALSE,,,,,,,,,FALSE,
ELEC,PV MONMOUTH RB CHARGER 3,120 Monmouth St,garage 3,Red Bank,NJ,7701,,888-758-4389,E,,Public,24 hours daily,,,,,,1,,,ChargePoint Network,https://www.chargepoint.com,GPS,40.349361,-74.071387,8/26/2026,397827,2026-08-26 02:56:00 UTC,,,,6/7/2025,,,,,J1772,US,,,,Public,,public,,,,,,,,,,,,,,,,,,,,FALSE,,,,,,,,,FALSE,
ELEC,PV MONMOUTH RB CHARGER 2,120 Monmouth St,garage 2,Red Bank,NJ,7701,,888-758-4389,E,,Public,24 hours daily,,,,,,1,,,ChargePoint Network,https://www.chargepoint.com,GPS,40.349361,-74.071387,8/26/2026,397828,2026-08-26 02:56:00 UTC,,,,6/7/2025,,,,,J1772,US,,,,Public,,public,,,,,,,,,,,,,,,,,,,,FALSE,,,,,,,,,FALSE,
ELEC,Richard Stockton Travel Plaza,NJ Turnpike Post 58 S,,Hamilton Township,NJ,8620,,888-557-7099,E,,Public,24 hours daily,A D Debit M V,,,,,,4,,APPLEGREEN,https://www.applegreenelectric.com,GPS,40.177088,-74.631846,3/12/2026,397997,2026-03-12 20:29:51 UTC,P,,,6/6/2025,,,,,J1772COMBO,US,,,,Public,,public,,,TRAVEL_CENTER,,,,,,,$0.58 per kWh,,,,,,,,,,FALSE,,,,,,,,LD,FALSE,
ELEC,Joyce Kilmer Travel Plaza,NJ Turnpike Mile 8 N,,East Brunswick,NJ,8816,,888-557-7099,E,,Public,24 hours daily,A D Debit M V,,,,,,8,,APPLEGREEN,https://www.applegreenelectric.com,GPS,40.415918,-74.444351,3/12/2026,397998,2026-03-12 20:29:51 UTC,P,,,6/6/2025,,,,,J1772COMBO TESLA,US,,,,Public,,public,,,TRAVEL_CENTER,,,,,,,$0.55 per kWh,,,,,,,,,,FALSE,,,,,,,,LD,FALSE,
ELEC,"Pine Brook, NJ - Tesla Supercharger",16 US-46,,Pine Brook,NJ,7058,,877-798-3752,E,,Public,24 hours daily. NACS partner enabled.,A D Debit M V,,,,,,8,,Tesla,https://www.tesla.com/supercharger,GPS,40.859132,-74.343192,6/18/2026,398011,2026-06-18 14:46:21 UTC,P,,,6/5/2025,,,,,TESLA,US,,,,Public,,public,,,GAS_STATION,,,,,,,,,,,,,,,,,FALSE,,,,,,,,LD,FALSE,
ELEC,TOUCH DYNAMIC CHARGER 1 LEFT,121 Corporate Blvd,Charger 1 left port,South Plainfield,NJ,7080,,888-758-4389,E,,Public,24 hours daily,,,,,,1,,,ChargePoint Network,https://www.chargepoint.com,GPS,40.545931,-74.41861,8/26/2026,398104,2026-08-26 02:55:28 UTC,,,,6/11/2025,,,,,J1772,US,,,,Public,,public,,,,,,,,,,,,,,,,,,,,FALSE,,,,,,,,,FALSE,
ELEC,South Jersey Foreign Autosales LLC - Level 2,4304 U.S. 9,,Freehold,NJ,7728,,888-998-2546,E,,Public,24 hours daily,,,,,,2,,,Blink Network,https://blinkcharging.com,GPS,40.28042801,-74.29510621,8/26/2026,398246,2026-08-26 00:40:25 UTC,,,,1/9/2024,,,,,J1772,US,,,,Public,,public,,,,,,,,,,,,,,,,,,,,FALSE,,,,,,,,,FALSE,
ELEC,South Jersey Foreign Autosales LLC - DCFC,4304 U.S. 9,,Freehold,NJ,7728,,888-998-2546,E,,Public,24 hours daily,,,,,,,2,,Blink Network,https://blinkcharging.com,GPS,40.28042801,-74.29510621,8/26/2026,398250,2026-08-26 00:47:27 UTC,,,,12/13/2023,,,,,J1772COMBO,US,,,,Public,,public,,,,,,,,,,,,,,,,,,,,FALSE,,,,,,,,,FALSE,
ELEC,160 Princeton Hightstown Rd,160 Princeton Hightstown Rd,,East Windsor,NJ,8520,,888-385-6671,E,,Public - Credit card at all times,24 hours daily,A ACCOUNT_BALANCE ANDROID_PAY APPLE_PAY D M V,,,,,4,,,LOOP,https://loopglobal.com,GPS,40.27953,-74.55161,7/15/2026,399662,2026-07-15 18:47:09 UTC,P,,,3/4/2024,,,,,J1772,US,,,,Public - Carte de crédit en tout temps,,public,CREDIT_CARD_ALWAYS,,OTHER,,,,,,,$35 monthly service fee,,,,,,,,,,FALSE,,,,,,,,LD,FALSE,
ELEC,22 Sylvan Way,22 Sylvan Way,,Parsippany,NJ,7054,,888-385-6671,E,,Public - Credit card at all times,24 hours daily,A ACCOUNT_BALANCE ANDROID_PAY APPLE_PAY D M V,,,,,8,,,LOOP,https://loopglobal.com,GPS,40.845894,-74.438843,7/15/2026,399663,2026-07-15 18:47:09 UTC,P,,,12/12/2024,,,,,J1772,US,,,,Public - Carte de crédit en tout temps,,public,CREDIT_CARD_ALWAYS,,OTHER,,,,,,,$15 monthly service fee,,,,,,,,,,FALSE,,,,,,,,LD,FALSE,
ELEC,2900 W Bangs Ave,2900 W Bangs Ave,,Neptune,NJ,7753,,888-385-6671,E,,Public - Credit card at all times,24 hours daily,A ACCOUNT_BALANCE ANDROID_PAY APPLE_PAY D M V,,,,,4,,,LOOP,https://loopglobal.com,GPS,40.220112,-74.059791,7/15/2026,399664,2026-07-15 18:47:09 UTC,P,,,3/28/2025,,,,,J1772,US,,,,Public - Carte de crédit en tout temps,,public,CREDIT_CARD_ALWAYS,,OTHER,,,,,,,$1 activation fee; $0.15 per kWh,,,,,,,,,,FALSE,,,,,,,,LD,FALSE,
ELEC,800 Madison St,800 Madison St,,Hoboken,NJ,7030,,888-385-6671,E,,Public - Credit card at all times,24 hours daily,A ACCOUNT_BALANCE ANDROID_PAY APPLE_PAY D M V,,,,,1,,,LOOP,https://loopglobal.com,GPS,40.74783542,-74.03665122,7/15/2026,399665,2026-07-15 18:47:09 UTC,P,,,6/2/2025,,,,,J1772,US,,,,Public - Carte de crédit en tout temps,,public,CREDIT_CARD_ALWAYS,,OTHER,,,,,,,$1 activation fee; $0.40 per kWh,,,,,,,,,,FALSE,,,,,,,,LD,FALSE,
ELEC,Avalon at Edgewater I,100 River Mews Ln,,Edgewater,NJ,7020,,888-385-6671,E,,Public - Credit card at all times,24 hours daily,A ACCOUNT_BALANCE ANDROID_PAY APPLE_PAY D M V,,,,,9,,,LOOP,https://loopglobal.com,GPS,40.82041168,-73.97865295,7/15/2026,399666,2026-07-15 18:47:09 UTC,P,,,3/25/2025,,,,,J1772,US,,,,Public - Carte de crédit en tout temps,,public,CREDIT_CARD_ALWAYS,,OTHER,,,,,,,$1 activation fee; $0.40 per kWh,,,,,,,,,,FALSE,,,,,,,,LD,FALSE,
ELEC,Avalon Teaneck,1775 Windsor Rd,,Teaneck,NJ,7666,,888-385-6671,E,,Public - Credit card at all times,24 hours daily,A ACCOUNT_BALANCE ANDROID_PAY APPLE_PAY D M V,,,,,5,,,LOOP,https://loopglobal.com,GPS,40.911265,-74.001417,7/15/2026,399667,2026-07-15 18:47:09 UTC,P,,,4/1/2025,,,,,J1772,US,,,,Public - Carte de crédit en tout temps,,public,CREDIT_CARD_ALWAYS,,OTHER,,,,,,,$1 activation fee; $0.40 per kWh,,,,,,,,,,FALSE,,,,,,,,LD,FALSE,
ELEC,GF United Auto Service,414 US-9 S,,Freehold,NJ,7718,,888-385-6671,E,,Public - Credit card at all times,24 hours daily,A ACCOUNT_BALANCE ANDROID_PAY APPLE_PAY D M V,,,,,,4,,LOOP,https://loopglobal.com,GPS,40.21280157,-74.26077999,7/15/2026,399668,2026-07-15 18:47:09 UTC,P,,,7/23/2024,,,,,J1772COMBO,US,,,,Public - Carte de crédit en tout temps,,public,CREDIT_CARD_ALWAYS,,OTHER,,,,,,,$1 activation fee; $0.42 per kWh,,,,,,,,,,FALSE,,,,,,,,LD,FALSE,
ELEC,AUCTA STATION 1,71 Suttons Lane,,Piscataway,NJ,8854,,888-758-4389,E,,Public,24 hours daily,,,,,,1,,,ChargePoint Network,https://www.chargepoint.com,GPS,40.527881,-74.431868,8/26/2026,400026,2026-08-26 02:58:54 UTC,,,,6/19/2025,,,,,J1772,US,,,,Public,,public,,,,,,,,,,,,,,,,,,,,FALSE,,,,,,,,,FALSE,
ELEC,AUCTA STATION 3,71 Suttons Lane,,Piscataway,NJ,8854,,888-758-4389,E,,Public,24 hours daily,,,,,,1,,,ChargePoint Network,https://www.chargepoint.com,GPS,40.527839,-74.43212,8/26/2026,400027,2026-08-26 02:58:54 UTC,,,,6/19/2025,,,,,J1772,US,,,,Public,,public,,,,,,,,,,,,,,,,,,,,FALSE,,,,,,,,,FALSE,
ELEC,AUCTA STATION 2,71 Suttons Lane,,Piscataway,NJ,8854,,888-758-4389,E,,Public,24 hours daily,,,,,,1,,,ChargePoint Network,https://www.chargepoint.com,GPS,40.527873,-74.431868,8/26/2026,400028,2026-08-26 02:58:54 UTC,,,,6/19/2025,,,,,J1772,US,,,,Public,,public,,,,,,,,,,,,,,,,,,,,FALSE,,,,,,,,,FALSE,
ELEC,AUCTA STATION 4,71 Suttons Lane,,Piscataway,NJ,8854,,888-758-4389,E,,Public,24 hours daily,,,,,,1,,,ChargePoint Network,https://www.chargepoint.com,GPS,40.527839,-74.432137,8/26/2026,400029,2026-08-26 02:58:54 UTC,,,,6/19/2025,,,,,J1772,US,,,,Public,,public,,,,,,,,,,,,,,,,,,,,FALSE,,,,,,,,,FALSE,
ELEC,Brunswick Grove,327 Milltown Rd,,East Brunswick,NJ,8816,,833-611-5965,T,5/24/2026,TEMPORARILY UNAVAILABLE (Public),24 hours daily,,,,,,4,,,VIALYNK,https://www.lynkwell.com,GPS,40.43765,-74.42742,8/26/2026,400183,2026-08-26 04:47:50 UTC,,,,6/21/2025,,,,,J1772,US,,,,TEMPORAIREMENT SUSPENDU (Public),,public,,,,,,,,,,,,,,,,,,,,FALSE,,,,,,,,,FALSE,
ELEC,Liccardi Ford Lincoln,1615 US-22,,Watchung,NJ,7069,,313-262-6722,E,,Public,,,,,,,,6,,RED_E,https://www.redecharge.com,GPS,40.6443598,-74.4132164,8/26/2026,400439,2026-08-26 05:22:43 UTC,,,,1/9/2025,,,,,J1772COMBO,US,,,,Public,,public,,,PUBLIC,,,,,,,,,,,,,,,,,FALSE,,,,,,,,,FALSE,
ELEC,Willows at Greenwich,400 Dumont Rd,,Stewartsville,NJ,8886,,866-816-7584,E,,Public,24 hours daily,,,,,,18,,,EV Connect,https://www.evconnect.com,GPS,40.678818,-75.136085,8/26/2026,400610,2026-08-26 03:53:00 UTC,,,,6/24/2025,,,,,J1772,US,,,,Public,,public,,,,,,,,,,,,,,,,,,,,FALSE,,,,,,,,,FALSE,
ELEC,Royal Buick GMC,355 NJ-23 N,,Sussex,NJ,7461,,833-611-5965,E,,Public,24 hours daily,,,,,,,2,,VIALYNK,https://www.lynkwell.com,GPS,41.1969,-74.5918,8/26/2026,400716,2026-08-26 04:47:51 UTC,,,,6/26/2025,,,,,J1772COMBO,US,,,,Public,,public,,,,,,,,,,,,,,,,,,,,FALSE,,,,,,,,,FALSE,
ELEC,"Magnolia, NJ - Tesla Supercharger",340 Evesham Ave E,,Magnolia,NJ,8049,,877-798-3752,E,,Public,24 hours daily. Open to all vehicles.,A D Debit M V,,,,,,8,,Tesla,https://www.tesla.com/supercharger,GPS,39.85588,-75.028441,6/18/2026,404787,2026-06-18 14:46:21 UTC,P,,,6/26/2025,,,,,J1772COMBO TESLA,US,,,,Public,,public,,,GAS_STATION,,,,,,,,,,,,,,,,,FALSE,,,,,,,,LD,FALSE,
ELEC,"East Windsor, NJ - Tesla Supercharger",610 NJ-33,,East Windsor,NJ,8520,,877-798-3752,E,,Public,24 hours daily. Open to all vehicles.,A D Debit M V,,,,,,32,,Tesla,https://www.tesla.com/supercharger,GPS,40.266984,-74.492586,6/18/2026,404789,2026-06-18 14:46:21 UTC,P,,,6/26/2025,,,,,J1772COMBO TESLA,US,,,,Public,,public,,,RESTAURANT,,,,,,,,,,,,,,,,,FALSE,,,,,,,,LD,FALSE,
ELEC,ROWAN UNIV FOSSIL EFM1,66 Million Mosasaur Wy,Fossil Park Lot,Mantua Township,NJ,8080,,888-758-4389,E,,Public,24 hours daily,,,,,,2,,,ChargePoint Network,https://www.chargepoint.com,GPS,39.762841,-75.128255,8/26/2026,404808,2026-08-26 02:37:32 UTC,,,,7/1/2025,,,,,J1772,US,,,,Public,,public,,,,,,,,,,,,,,,,,,,,FALSE,,,,,,,,,FALSE,
ELEC,KENDAN CHARGE KENDAN CHARGE,600 Midland Avenue,Parking Lot,Garfield,NJ,7026,,888-758-4389,E,,Public,24 hours daily,,,,,,2,,,ChargePoint Network,https://www.chargepoint.com,GPS,40.884154,-74.100341,8/26/2026,404811,2026-08-26 02:52:29 UTC,,,,7/1/2025,,,,,J1772,US,,,,Public,,public,,,,,,,,,,,,,,,,,,,,FALSE,,,,,,,,,FALSE,
ELEC,TOUCH DYNAMIC CHARGER 2 LEFT,121 Corporate Blvd,Charger 2 left port,South Plainfield,NJ,7080,,888-758-4389,E,,Public,24 hours daily,,,,,,1,,,ChargePoint Network,https://www.chargepoint.com,GPS,40.545698,-74.418149,8/26/2026,404877,2026-08-26 02:55:27 UTC,,,,7/2/2025,,,,,J1772,US,,,,Public,,public,,,,,,,,,,,,,,,,,,,,FALSE,,,,,,,,,FALSE,
ELEC,200E MAIN STATION 1,200 E Main St,Main Parking Lot,Rockaway,NJ,7866,,888-758-4389,E,,Public,24 hours daily,,,,,,1,,,ChargePoint Network,https://www.chargepoint.com,GPS,40.897658,-74.504416,8/26/2026,404889,2026-08-26 02:59:38 UTC,,,,7/2/2025,,,,,J1772,US,,,,Public,,public,,,,,,,,,,,,,,,,,,,,FALSE,,,,,,,,,FALSE,
ELEC,200E MAIN STATION 2,200 E Main St,Main Parking Lot,Rockaway,NJ,7866,,888-758-4389,E,,Public,24 hours daily,,,,,,1,,,ChargePoint Network,https://www.chargepoint.com,GPS,40.897641,-74.504341,8/26/2026,404890,2026-08-26 02:59:38 UTC,,,,7/2/2025,,,,,J1772,US,,,,Public,,public,,,,,,,,,,,,,,,,,,,,FALSE,,,,,,,,,FALSE,
ELEC,L443 EXPPPUBLICPL01,2285 US-22,,Union,NJ,7083,,888-758-4389,E,,Public,24 hours daily,,,,,,,2,,ChargePoint Network,https://www.chargepoint.com,GPS,40.691962,-74.290574,8/26/2026,405338,2026-08-26 02:59:49 UTC,,,,7/3/2025,,,,,J1772COMBO,US,,,,Public,,public,,,,,,,,,,,,,,,,,,,,FALSE,,,,,,,,,FALSE,
ELEC,"Tinton Falls, NJ",1 Premium Outlet Boulevard,,Tinton Falls,NJ,7753,,866-576-1495,E,,Public,24 hours daily,A ACCOUNT_BALANCE D M V,,,,,,6,,RIVIAN_ADVENTURE,https://rivian.com/experience/charging,GPS,40.2229159,-74.0934206,8/26/2026,405357,2026-08-26 03:56:21 UTC,,,,7/2/2025,,,,,J1772COMBO,US,,,,Public,,public,,,PUBLIC,,,,,,,,,,,,,,,,,FALSE,,,,,,,,,FALSE,
ELEC,CFA 04728 CINNA 1,301 U.S. 130,,Cinnaminson,NJ,8077,,888-758-4389,E,,Public,24 hours daily,,,,,,1,,,ChargePoint Network,https://www.chargepoint.com,GPS,39.991411,-75.004152,8/26/2026,405386,2026-08-26 02:57:54 UTC,,,,7/4/2025,,,,,J1772,US,,,,Public,,public,,,,,,,,,,,,,,,,,,,,FALSE,,,,,,,,,FALSE,
ELEC,RHYTHM HOA 8,204 7th Avenue,,Asbury Park,NJ,7712,,888-758-4389,E,,Public,24 hours daily,,,,,,1,,,ChargePoint Network,https://www.chargepoint.com,GPS,40.226987,-74.000114,8/26/2026,405387,2026-08-26 02:59:38 UTC,,,,7/4/2025,,,,,J1772,US,,,,Public,,public,,,,,,,,,,,,,,,,,,,,FALSE,,,,,,,,,FALSE,
ELEC,"Lawnside, NJ - Tesla Supercharger",401 E Oak Ave,,Lawnside,NJ,8045,,877-798-3752,E,,Public,24 hours daily. Open to all vehicles.,A D Debit M V,,,,,,32,,Tesla,https://www.tesla.com/supercharger,GPS,39.870392,-75.018566,6/18/2026,405683,2026-06-18 14:46:21 UTC,P,,,6/30/2025,,,,,J1772COMBO TESLA,US,,,,Public,,public,,,,,,,,,,,,,,,,,,,,FALSE,,,,,,,,LD,FALSE,
ELEC,Manhattan Comfort,319 Ridge Rd,,Dayton,NJ,8810,,949-945-2000,E,,Public,24 hours daily,,,,,,,4,,EVGATEWAY,https://evgateway.com,GPS,40.3723578,-74.4986016,8/26/2026,406096,2026-08-26 04:57:08 UTC,,,,7/11/2025,,,,,J1772COMBO,US,,,,Public,,public,,,,,,,,,,,,,,,,,,,,FALSE,,,,,,,,,FALSE,
ELEC,BP Gas Station,375 Middle Rd,,Hazlet,NJ,7730,,,E,,Private,Contact station for hours of availability,A ANDROID_PAY APPLE_PAY CREDIT D M,,,,,2,,,AMPUP,https://ampup.io,GPS,40.4253711,-74.1582416,8/12/2025,415755,2026-08-05 18:21:35 UTC,P,,,2/15/2024,,,,,J1772,US,,,,Privé,,private,,,GAS_STATION,,,,,,,,,,,,,,,,,,,,,,,,,LD,FALSE,
ELEC,Edgewood Country Club,449 Rivervale Rd,,River Vale,NJ,7675,,201-666-1200,E,,Public,Contact station for hours of availability,A ANDROID_PAY APPLE_PAY CREDIT D M,,,,,9,,,AMPUP,https://ampup.io,GPS,41.012328,-74.0111947,8/12/2025,415769,2026-08-05 18:21:35 UTC,P,,,9/23/2024,,,,,J1772,US,,,,Public,,public,,,HOTEL,,,,,,,,,,,,,,,,,TRUE,,,,,,,,LD,FALSE,
ELEC,Solvay USA Inc,504 Carnegie Center,,Princeton,NJ,8540,,,E,,Private,Contact station for hours of availability,A ANDROID_PAY APPLE_PAY CREDIT D M,,,,,1,,,AMPUP,https://ampup.io,GPS,40.3135206,-74.6529278,8/12/2025,415821,2026-08-05 18:21:35 UTC,P,,,9/18/2024,,,,,J1772,US,,,,Privé,,private,,,OFFICE_BLDG,,,,,,,,,,,,,,,,,,,,,,,,,LD,TRUE,
ELEC,Schindler Elevator Corp,20 Whippany Rd,,Morristown,NJ,7960,,,E,,Private,Contact station for hours of availability,A ANDROID_PAY APPLE_PAY CREDIT D M,,,,,2,,,AMPUP,https://ampup.io,GPS,40.799322,-74.455891,8/12/2025,415876,2026-08-05 18:21:35 UTC,P,,,2/27/2024,,,,,J1772,US,,,,Privé,,private,,,OTHER,,,,,,,,,,,,,,,,,,,,,,,,,LD,FALSE,
ELEC,MidEastern Cold Storage,730 Lebanon Rd,,Millville,NJ,8332,,,E,,Private,Contact station for hours of availability,A ANDROID_PAY APPLE_PAY CREDIT D M,,,,,2,,,AMPUP,https://ampup.io,GPS,39.45997,-75.1102686,8/12/2025,415877,2026-08-05 18:21:35 UTC,P,,,8/20/2024,,,,,J1772,US,,,,Privé,,private,,,OTHER,,,,,,,,,,,,,,,,,,,,,,,,,LD,FALSE,
ELEC,Marlton HH Urban,52 East Main Street,,Marlton,NJ,8053,,888-998-2546,E,,Public,24 hours daily,,,,,,1,,,Blink Network,https://blinkcharging.com,GPS,39.891114,-74.918621,8/26/2026,416076,2026-08-26 00:37:08 UTC,,,,5/16/2025,,,,,J1772,US,,,,Public,,public,,,,,,,,,,,,,,,,,,,,FALSE,,,,,,,,,FALSE,
ELEC,CLARUS BERKELEY CLARUS BH-EV8,45 Lone Pine Drive,Level 4 Space 292,Berkeley Heights,NJ,7922,,888-758-4389,E,,Public,24 hours daily,,,,,,1,,,ChargePoint Network,https://www.chargepoint.com,GPS,40.684398,-74.43759,8/26/2026,416085,2026-08-26 03:00:00 UTC,,,,7/12/2025,,,,,J1772,US,,,,Public,,public,,,,,,,,,,,,,,,,,,,,FALSE,,,,,,,,,FALSE,
ELEC,CLARUS BERKELEY CLARUS BH-EV5,45 Lone Pine Drive,Level 3 Space 203,Berkeley Heights,NJ,7922,,888-758-4389,E,,Public,24 hours daily,,,,,,1,,,ChargePoint Network,https://www.chargepoint.com,GPS,40.684371,-74.437538,8/26/2026,416086,2026-08-26 03:00:01 UTC,,,,7/12/2025,,,,,J1772,US,,,,Public,,public,,,,,,,,,,,,,,,,,,,,FALSE,,,,,,,,,FALSE,
ELEC,CLARUS BERKELEY CLARUS BH-EV6,45 Lone Pine Drive,Level 3 Space 204,Berkeley Heights,NJ,7922,,888-758-4389,E,,Public,24 hours daily,,,,,,1,,,ChargePoint Network,https://www.chargepoint.com,GPS,40.684373,-74.437626,8/26/2026,416087,2026-08-26 03:00:01 UTC,,,,7/12/2025,,,,,J1772,US,,,,Public,,public,,,,,,,,,,,,,,,,,,,,FALSE,,,,,,,,,FALSE,
ELEC,CLARUS BERKELEY CLARUS BH-EV1,45 Lone Pine Drive Parking Garage,Level 1 Space 29,Berkeley Heights,NJ,7922,,888-758-4389,E,,Public,24 hours daily,,,,,,1,,,ChargePoint Network,https://www.chargepoint.com,GPS,40.684389,-74.437617,8/26/2026,416098,2026-08-26 03:00:17 UTC,,,,7/12/2025,,,,,J1772,US,,,,Public,,public,,,,,,,,,,,,,,,,,,,,FALSE,,,,,,,,,FALSE,
ELEC,CLARUS BERKELEY CLARUS BH-EV7,45 Lone Pine Drive,Level 4 Space 291,Berkeley Heights,NJ,7922,,888-758-4389,E,,Public,24 hours daily,,,,,,1,,,ChargePoint Network,https://www.chargepoint.com,GPS,40.68441,-74.437575,8/26/2026,416104,2026-08-26 03:00:20 UTC,,,,7/12/2025,,,,,J1772,US,,,,Public,,public,,,,,,,,,,,,,,,,,,,,FALSE,,,,,,,,,FALSE,
ELEC,CLARUS BERKELEY CLARUS BH-EV3,45 Lone Pine Drive,Level 2 Space 115,Berkeley Heights,NJ,7922,,888-758-4389,E,,Public,24 hours daily,,,,,,1,,,ChargePoint Network,https://www.chargepoint.com,GPS,40.684389,-74.437599,8/26/2026,416105,2026-08-26 03:00:20 UTC,,,,7/12/2025,,,,,J1772,US,,,,Public,,public,,,,,,,,,,,,,,,,,,,,FALSE,,,,,,,,,FALSE,
ELEC,CLARUS BERKELEY CLARUS BH-EV2,45 Lone Pine Drive,Level 2 Space 115,Berkeley Heights,NJ,7922,,888-758-4389,E,,Public,24 hours daily,,,,,,1,,,ChargePoint Network,https://www.chargepoint.com,GPS,40.684372,-74.437644,8/26/2026,416106,2026-08-26 03:00:21 UTC,,,,7/12/2025,,,,,J1772,US,,,,Public,,public,,,,,,,,,,,,,,,,,,,,FALSE,,,,,,,,,FALSE,
ELEC,CLARUS BERKELEY CLARUS BH-EV4,45 Lone Pine Drive,Level 2 Space 116,Berkeley Heights,NJ,7922,,888-758-4389,E,,Public,24 hours daily,,,,,,1,,,ChargePoint Network,https://www.chargepoint.com,GPS,40.684392,-74.437655,8/26/2026,416107,2026-08-26 03:00:21 UTC,,,,7/12/2025,,,,,J1772,US,,,,Public,,public,,,,,,,,,,,,,,,,,,,,FALSE,,,,,,,,,FALSE,
ELEC,Courtyard Edgewater,3 Pembroke Pl,,Edgewater,NJ,7020,,855-567-5853,E,,Public,24 hours daily,A D Debit M V,,,,,,2,,JULE,https://www.julepower.com,GPS,40.802976,-73.992997,8/12/2025,416128,2026-05-12 19:17:38 UTC,P,,,7/11/2025,,,,,J1772COMBO TESLA,US,,,,Public,,public,,,HOTEL,,,,,,,$0.50 per minute,,,,,,,,,,TRUE,,,,,,,,LD,FALSE,
ELEC,CFA 04728 CFA CINNA 2,301 U.S. 130,,Cinnaminson,NJ,8077,,888-758-4389,E,,Public,24 hours daily,,,,,,1,,,ChargePoint Network,https://www.chargepoint.com,GPS,39.991402,-75.004136,8/26/2026,416386,2026-08-26 02:57:54 UTC,,,,7/18/2025,,,,,J1772,US,,,,Public,,public,,,,,,,,,,,,,,,,,,,,FALSE,,,,,,,,,FALSE,
ELEC,CFA 05378 STATION 1,99 Mt Pleasant Ave,,Hanover,NJ,7981,,888-758-4389,E,,Public,24 hours daily,,,,,,2,,,ChargePoint Network,https://www.chargepoint.com,GPS,40.82567,-74.424576,8/26/2026,416534,2026-08-26 02:53:57 UTC,,,,7/22/2025,,,,,J1772,US,,,,Public,,public,,,,,,,,,,,,,,,,,,,,FALSE,,,,,,,,,FALSE,
ELEC,200E MAIN STATION 3,200 E Main St,Main Parking Lot,Rockaway,NJ,7866,,888-758-4389,E,,Public,24 hours daily,,,,,,1,,,ChargePoint Network,https://www.chargepoint.com,GPS,40.897658,-74.504416,8/26/2026,416548,2026-08-26 02:59:46 UTC,,,,7/22/2025,,,,,J1772,US,,,,Public,,public,,,,,,,,,,,,,,,,,,,,FALSE,,,,,,,,,FALSE,
ELEC,200E MAIN STATION 4,200 E Main St,Main Parking Lot,Rockaway,NJ,7866,,888-758-4389,E,,Public,24 hours daily,,,,,,1,,,ChargePoint Network,https://www.chargepoint.com,GPS,40.897658,-74.504416,8/26/2026,416549,2026-08-26 02:59:46 UTC,,,,7/22/2025,,,,,J1772,US,,,,Public,,public,,,,,,,,,,,,,,,,,,,,FALSE,,,,,,,,,FALSE,
ELEC,T & T Coast GMC,2730 Route 130 North,,Cranbury,NJ,8512,,866-816-7584,E,,Public,24 hours daily,,,,,,,1,,EV Connect,https://www.evconnect.com,GPS,40.293606,-74.517442,8/26/2026,416567,2026-08-26 03:53:27 UTC,,,,7/22/2025,,,,,J1772COMBO,US,,,,Public,,public,,,,,,,,,,,,,,,,,,,,FALSE,,,,,,,,,FALSE,
ELEC,Westwood,1001 NJ-70,,Toms River,NJ,8755,,949-945-2000,T,7/11/2026,TEMPORARILY UNAVAILABLE (Public),24 hours daily,,,,,,10,,,EVGATEWAY,https://evgateway.com,GPS,40.0462126,-74.2194495,8/26/2026,416574,2026-08-26 04:57:31 UTC,,,,7/22/2025,,,,,J1772,US,,,,TEMPORAIREMENT SUSPENDU (Public),,public,,,,,,,,,,,,,,,,,,,,FALSE,,,,,,,,,FALSE,
ELEC,Morristown Southgate,445 South St,front of building left side,Morristown,NJ,7960,,833-611-5965,E,,Public,24 hours daily,,,,,,2,,,VIALYNK,https://www.lynkwell.com,GPS,40.77621,-74.47084,8/26/2026,416647,2026-08-26 04:47:56 UTC,,,,7/23/2025,,,,,J1772,US,,,,Public,,public,,,,,,,,,,,,,,,,,,,,FALSE,,,,,,,,,FALSE,
ELEC,Morristown Southgate/Garage,445 South St,,Morristown,NJ,7960,,833-611-5965,E,,Public,24 hours daily,,,,,,4,,,VIALYNK,https://www.lynkwell.com,GPS,40.77581,-74.47081,8/26/2026,416648,2026-08-26 04:47:56 UTC,,,,7/23/2025,,,,,J1772,US,,,,Public,,public,,,,,,,,,,,,,,,,,,,,FALSE,,,,,,,,,FALSE,
ELEC,Holman Ford Lincoln Turnersville,3641 NJ-42 South,,Washington Township,NJ,8012,,888-357-1009,E,,Public,Mon: 9:00am-6:00pm; Tue: 9:00am-6:00pm; Wed: 9:00am-6:00pm; Thu: 9:00am-6:00pm; Fri: 9:00am-6:00pm; Sat: 9:00am-4:00pm,A ANDROID_PAY APPLE_PAY CREDIT D Debit M V,,,,,,2,,FORD_CHARGE,https://www.ford.com/support/category/electric-vehicle/charging/public-charging/,GPS,39.732614,-75.036937,8/26/2026,416792,2026-08-26 05:27:15 UTC,,,,10/4/2024,,,,,J1772COMBO,US,,,,Public,,public,,,PUBLIC,,,,,,,,,,,,,,,,,FALSE,,,,,,,,,FALSE,
ELEC,Ford Charge at Haldeman Subaru,1207 US-130,,Robbinsville Township,NJ,8691,,888-357-1009,E,,Public,Mon: 9:00am-7:00pm; Tue: 9:00am-7:00pm; Wed: 9:00am-7:00pm; Thu: 9:00am-7:00pm; Fri: 9:00am-7:00pm; Sat: 9:00am-4:00pm,A ANDROID_PAY APPLE_PAY CREDIT D Debit M V,,,,,,2,,FORD_CHARGE,https://www.ford.com/support/category/electric-vehicle/charging/public-charging/,GPS,40.230622,-74.594489,8/26/2026,416825,2026-08-26 05:27:26 UTC,,,,2/21/2025,,,,,J1772COMBO,US,,,,Public,,public,,,PUBLIC,,,,,,,,,,,,,,,,,FALSE,,,,,,,,,FALSE,
ELEC,Maplecrest Ford,102 E Main St,,Mendham,NJ,7945,,888-357-1009,E,,Public,24 hours daily,A ANDROID_PAY APPLE_PAY CREDIT D Debit M V,,,,,,4,,FORD_CHARGE,https://www.ford.com/support/category/electric-vehicle/charging/public-charging/,GPS,40.78311,-74.586578,8/26/2026,416879,2026-08-26 05:27:36 UTC,,,,7/17/2025,,,,,J1772COMBO,US,,,,Public,,public,,,PUBLIC,,,,,,,,,,,,,,,,,FALSE,,,,,,,,,FALSE,
ELEC,ACME Woodbury #3970,631 Mantua Pike,,West Deptford,NJ,8096,,877-455-3833,E,,Public,24 hours daily,,,,,,,2,,eVgo Network,https://www.evgo.com,GPS,39.826026,-75.16048,8/25/2026,416902,2026-08-26 00:00:49 UTC,,,,7/25/2025,,,,,CHADEMO J1772COMBO,US,,,,Public,,public,,,,,,,,,,,,,,,,,,,,FALSE,,,,,,,,,FALSE,
ELEC,REV & FIN DEPT ATLANTIC DC 1,1301 Bacharach Boulevard,,Atlantic City,NJ,8401,,888-758-4389,T,7/22/2026,TEMPORARILY UNAVAILABLE (Public),24 hours daily,,,,,,,1,,ChargePoint Network,https://www.chargepoint.com,GPS,39.364041,-74.427911,8/26/2026,416986,2026-08-26 03:01:14 UTC,,,,7/25/2025,,,,,CHADEMO J1772COMBO,US,,,,TEMPORAIREMENT SUSPENDU (Public),,public,,,,,,,,,,,,,,,,,,,,FALSE,,,,,,,,,FALSE,
ELEC,REV & FIN DEPT ATLANTIC DC 2,1301 Bacharach Boulevard,,Atlantic City,NJ,8401,,888-758-4389,T,7/22/2026,TEMPORARILY UNAVAILABLE (Public),24 hours daily,,,,,,,1,,ChargePoint Network,https://www.chargepoint.com,GPS,39.36401,-74.427896,8/26/2026,416987,2026-08-26 03:01:14 UTC,,,,7/25/2025,,,,,CHADEMO J1772COMBO,US,,,,TEMPORAIREMENT SUSPENDU (Public),,public,,,,,,,,,,,,,,,,,,,,FALSE,,,,,,,,,FALSE,
ELEC,REV & FIN DEPT ATLANTIC DC 3,1301 Bacharach Boulevard,,Atlantic City,NJ,8401,,888-758-4389,E,,Public,24 hours daily,,,,,,,1,,ChargePoint Network,https://www.chargepoint.com,GPS,39.363991,-74.427879,8/26/2026,416988,2026-08-26 03:01:15 UTC,,,,7/25/2025,,,,,CHADEMO J1772COMBO,US,,,,Public,,public,,,,,,,,,,,,,,,,,,,,FALSE,,,,,,,,,FALSE,
ELEC,REV & FIN DEPT ATLANTIC DC 4,1301 Bacharach Boulevard,,Atlantic City,NJ,8401,,888-758-4389,E,,Public,24 hours daily,,,,,,,1,,ChargePoint Network,https://www.chargepoint.com,GPS,39.363968,-74.427862,8/26/2026,416989,2026-08-26 03:01:15 UTC,,,,7/25/2025,,,,,CHADEMO J1772COMBO,US,,,,Public,,public,,,,,,,,,,,,,,,,,,,,FALSE,,,,,,,,,FALSE,
ELEC,Gabriel Luxury Apartments of Bogata,51 Queen Anne Rd,,Bogata,NJ,7603,,833-611-5965,E,,Public,24 hours daily,,,,,,6,,,VIALYNK,https://www.lynkwell.com,GPS,40.86682,-74.02228,8/26/2026,417015,2026-08-26 04:47:57 UTC,,,,7/25/2025,,,,,J1772,US,,,,Public,,public,,,,,,,,,,,,,,,,,,,,FALSE,,,,,,,,,FALSE,
ELEC,REV & FIN DEPT CITY HALL ST1,1301 Bacharach Boulevard,,Atlantic City,NJ,8401,,888-758-4389,E,,Public,24 hours daily,,,,,,2,,,ChargePoint Network,https://www.chargepoint.com,GPS,39.363941,-74.427843,8/26/2026,417082,2026-08-26 03:01:15 UTC,,,,7/26/2025,,,,,J1772,US,,,,Public,,public,,,,,,,,,,,,,,,,,,,,FALSE,,,,,,,,,FALSE,
ELEC,91 Country Club Road,91 Country Club Road,,Salem,NJ,8079,,866-816-7584,E,,Public,24 hours daily,,,,,,2,,,EV Connect,https://www.evconnect.com,GPS,39.56197,-75.514504,8/26/2026,417088,2026-08-26 03:52:47 UTC,,,,7/26/2025,,,,,J1772,US,,,,Public,,public,,,,,,,,,,,,,,,,,,,,FALSE,,,,,,,,,FALSE,
ELEC,"bp Essex Street, Lodi, NJ",80 Essex Street,,Lodi,NJ,7644,,833-277-8573,E,,Public,24 hours daily,,,,,,,4,,BP_PULSE,https://www.bp.com/en_us/united-states/home/what-we-do/customers-and-products/bp-pulse/bp-pulse-products.html,GPS,40.892988,-74.074933,8/26/2026,417092,2026-08-26 04:34:36 UTC,,,,7/26/2025,,,,,J1772COMBO,US,,,,Public,,public,,,,,,,,,,,,,,,,,,,,FALSE,,,,,,,,,FALSE,
ELEC,"Hamilton Township, NJ - Crosswicks Hamilton Square Road - Tesla Supercharger",3817 Crosswicks Hamilton Square Rd,,Hamilton Township,NJ,8691,,877-798-3752,E,,Public,24 hours daily. Open to all vehicles.,A D Debit M V,,,,,,12,,Tesla,https://www.tesla.com/supercharger,GPS,40.192262,-74.646247,6/18/2026,417115,2026-06-18 14:46:21 UTC,P,,,7/22/2025,,,,,J1772COMBO TESLA,US,,,,Public,,public,,,GAS_STATION,,,,,,,,,,,,,,,,,FALSE,,,,,,,,LD,FALSE,
ELEC,FRANKLIN FRANKLIN TWP,475 Demott Ln,,Franklin Township,NJ,8873,,888-758-4389,E,,Public,Mon: 7:00am-11:00pm; Tue: 7:00am-11:00pm; Wed: 7:00am-11:00pm; Thu: 7:00am-11:00pm; Fri: 7:00am-11:00pm; Sat: 7:00am-11:00pm; Sun: 7:00am-11:00pm,,,,,,2,,,ChargePoint Network,https://www.chargepoint.com,GPS,40.499255,-74.524599,8/26/2026,417326,2026-08-26 01:20:17 UTC,,,,7/31/2025,,,,,J1772,US,,,,Public,,public,,,,,,,,,,,,,,,,,,,,FALSE,,,,,,,,,FALSE,
ELEC,FRANKLIN FRANKLIN TWP 2,475 Demott Ln,,Franklin Township,NJ,8873,,888-758-4389,E,,Public,Mon: 7:00am-11:00pm; Tue: 7:00am-11:00pm; Wed: 7:00am-11:00pm; Thu: 7:00am-11:00pm; Fri: 7:00am-11:00pm; Sat: 7:00am-11:00pm; Sun: 7:00am-11:00pm,,,,,,2,,,ChargePoint Network,https://www.chargepoint.com,GPS,40.499194,-74.524651,8/26/2026,417327,2026-08-26 01:20:19 UTC,,,,7/31/2025,,,,,J1772,US,,,,Public,,public,,,,,,,,,,,,,,,,,,,,FALSE,,,,,,,,,FALSE,
ELEC,FRANKLIN FRANKLIN TWP 3,475 Demott Ln,,Franklin Township,NJ,8873,,888-758-4389,E,,Public,Mon: 7:00am-11:00pm; Tue: 7:00am-11:00pm; Wed: 7:00am-11:00pm; Thu: 7:00am-11:00pm; Fri: 7:00am-11:00pm; Sat: 7:00am-11:00pm; Sun: 7:00am-11:00pm,,,,,,2,,,ChargePoint Network,https://www.chargepoint.com,GPS,40.499171,-74.524692,8/26/2026,417328,2026-08-26 01:20:19 UTC,,,,7/31/2025,,,,,J1772,US,,,,Public,,public,,,,,,,,,,,,,,,,,,,,FALSE,,,,,,,,,FALSE,
ELEC,FRANKLIN FRANKLIN TWP 5,495 Demott Ln,,Franklin Township,NJ,8873,,888-758-4389,E,,Public,Mon: 7:00am-11:00pm; Tue: 7:00am-11:00pm; Wed: 7:00am-11:00pm; Thu: 7:00am-11:00pm; Fri: 7:00am-11:00pm; Sat: 7:00am-11:00pm; Sun: 7:00am-11:00pm,,,,,,2,,,ChargePoint Network,https://www.chargepoint.com,GPS,40.499313,-74.52485,8/26/2026,417329,2026-08-26 01:26:50 UTC,,,,7/31/2025,,,,,J1772,US,,,,Public,,public,,,,,,,,,,,,,,,,,,,,FALSE,,,,,,,,,FALSE,
ELEC,FRANKLIN FRANKLIN TWP 4,495 Demott Ln,,Franklin Township,NJ,8873,,888-758-4389,E,,Public,Mon: 7:00am-11:00pm; Tue: 7:00am-11:00pm; Wed: 7:00am-11:00pm; Thu: 7:00am-11:00pm; Fri: 7:00am-11:00pm; Sat: 7:00am-11:00pm; Sun: 7:00am-11:00pm,,,,,,2,,,ChargePoint Network,https://www.chargepoint.com,GPS,40.499302,-74.52477,8/26/2026,417330,2026-08-26 01:26:50 UTC,,,,7/31/2025,,,,,J1772,US,,,,Public,,public,,,,,,,,,,,,,,,,,,,,FALSE,,,,,,,,,FALSE,
ELEC,Hilton Branch Public Library,1688 Springfield Avenue,,Maplewood,NJ,7040,,888-998-2546,E,,Public,24 hours daily,,,,,,2,,,Blink Network,https://blinkcharging.com,GPS,40.722151,-74.261025,8/26/2026,417645,2026-08-26 00:21:26 UTC,,,,10/12/2023,,,,,J1772,US,,,,Public,,public,,,,,,,,,,,,,,,,,,,,FALSE,,,,,,,,,FALSE,
ELEC,Springfield and Indiana Lot,150 Indiana Street,,Maplewood,NJ,7040,,888-998-2546,E,,Public,24 hours daily,,,,,,2,,,Blink Network,https://blinkcharging.com,GPS,40.720617,-74.272145,8/26/2026,417646,2026-08-26 00:22:50 UTC,,,,10/11/2023,,,,,J1772,US,,,,Public,,public,,,,,,,,,,,,,,,,,,,,FALSE,,,,,,,,,FALSE,
ELEC,Maplewood Middle School,7 Burnet Street,,Maplewood,NJ,7040,,888-998-2546,E,,Public,24 hours daily,,,,,,2,,,Blink Network,https://blinkcharging.com,GPS,40.729671,-74.278475,8/26/2026,417652,2026-08-26 00:50:39 UTC,,,,10/12/2023,,,,,J1772,US,,,,Public,,public,,,,,,,,,,,,,,,,,,,,FALSE,,,,,,,,,FALSE,
ELEC,ELITE ACURA CPE 1,2840 NJ-73,,Maple Shade,NJ,8052,,888-758-4389,E,,Public,24 hours daily,,,,,,,1,,ChargePoint Network,https://www.chargepoint.com,GPS,39.942583,-74.975506,8/26/2026,417683,2026-08-26 03:01:50 UTC,,,,8/8/2025,,,,,CHADEMO J1772COMBO,US,,,,Public,,public,,,,,,,,,,,,,,,,,,,,FALSE,,,,,,,,,FALSE,
ELEC,"Windsor Corner (East Windsor, NJ)",440 US 130,,East Windsor,NJ,8520,,833-632-2778,E,,Public,24 hours daily,,,,,,,6,,Electrify America,https://www.electrifyamerica.com,GPS,40.27293,-74.54102,8/26/2026,417770,2026-08-26 03:40:34 UTC,,,,8/9/2025,,,,,J1772COMBO,US,,,,Public,,public,,,,,,,,,,,,,,,,,,,,FALSE,,,,,,,,,FALSE,
ELEC,TWPMAPLEWOOD MEMORIAL LIBR,51 Baker St,,Maplewood,NJ,7040,,888-758-4389,E,,Public,24 hours daily,,,,,,2,,,ChargePoint Network,https://www.chargepoint.com,GPS,40.72984,-74.276238,8/26/2026,417812,2026-08-26 03:02:02 UTC,,,,8/12/2025,,,,,J1772,US,,,,Public,,public,,,,,,,,,,,,,,,,,,,,FALSE,,,,,,,,,FALSE,
ELEC,Wayne Ford,444 US-46,,Wayne,NJ,7470,,888-357-1009,E,,Public,"Mon: 12:00am-1:59pm, 2:00pm-4:00pm, 4:01pm-11:59pm; Tue: 12:00am-1:59pm, 2:00pm-4:00pm, 4:01pm-11:59pm; Wed: 12:00am-1:59pm, 2:00pm-4:00pm, 4:01pm-11:59pm; Thu: 12:00am-1:59pm, 2:00pm-4:00pm, 4:01pm-11:59pm; Fri: 12:00am-1:59pm, 2:00pm-4:00pm, 4:01pm-11:59pm; Sat: 12:00am-1:59pm, 2:00pm-4:00pm, 4:01pm-11:59pm; Sun: 12:00am-11:59pm",A ANDROID_PAY APPLE_PAY CREDIT D Debit M V,,,,,,4,,FORD_CHARGE,https://www.ford.com/support/category/electric-vehicle/charging/public-charging/,GPS,40.894005,-74.243633,8/26/2026,417833,2026-08-26 05:27:38 UTC,,,,7/23/2025,,,,,J1772COMBO,US,,,,Public,,public,,,PUBLIC,,,,,,,,,,,,,,,,,FALSE,,,,,,,,,FALSE,
ELEC,ELITE ACURA CP6000-1,2840 NJ-73,Outside Front Sales,Maple Shade,NJ,8052,,888-758-4389,E,,Public,24 hours daily,,,,,,2,,,ChargePoint Network,https://www.chargepoint.com,GPS,39.942603,-74.975161,8/26/2026,417887,2026-08-26 03:01:25 UTC,,,,8/13/2025,,,,,J1772,US,,,,Public,,public,,,,,,,,,,,,,,,,,,,,FALSE,,,,,,,,,FALSE,
ELEC,THE PARK 2300 PARKVIEW-1,2410 Parkview Dr,,Roselle,NJ,7203,,888-758-4389,E,,Public,24 hours daily,,,,,,1,,,ChargePoint Network,https://www.chargepoint.com,GPS,40.644683,-74.267909,8/26/2026,417934,2026-08-26 02:55:54 UTC,,,,8/14/2025,,,,,J1772,US,,,,Public,,public,,,,,,,,,,,,,,,,,,,,FALSE,,,,,,,,,FALSE,
ELEC,NBPA 46TH ST.,1300 46th St,Park/Ballfield Parking Lot,North Bergen,NJ,7047,,888-758-4389,E,,Public,24 hours daily,,,,,,2,,,ChargePoint Network,https://www.chargepoint.com,GPS,40.784824,-74.026386,8/26/2026,418002,2026-08-26 02:48:04 UTC,,,,8/15/2025,,,,,J1772,US,,,,Public,,public,,,,,,,,,,,,,,,,,,,,FALSE,,,,,,,,,FALSE,
ELEC,CITY OF PASSAIC GARAGE ST8,333 Passaic Street,,Passaic,NJ,7055,,888-758-4389,E,,Public,24 hours daily,,,,,,2,,,ChargePoint Network,https://www.chargepoint.com,GPS,40.860007,-74.122898,8/26/2026,418016,2026-08-26 03:00:39 UTC,,,,8/15/2025,,,,,J1772,US,,,,Public,,public,,,,,,,,,,,,,,,,,,,,FALSE,,,,,,,,,FALSE,
ELEC,CITY OF PASSAIC GARAGE ST7,333 Passaic Street,,Passaic,NJ,7055,,888-758-4389,E,,Public,24 hours daily,,,,,,2,,,ChargePoint Network,https://www.chargepoint.com,GPS,40.860008,-74.122914,8/26/2026,418017,2026-08-26 03:00:39 UTC,,,,8/15/2025,,,,,J1772,US,,,,Public,,public,,,,,,,,,,,,,,,,,,,,FALSE,,,,,,,,,FALSE,
ELEC,CITY OF PASSAIC GARAGE ST6,333 Passaic Street,,Passaic,NJ,7055,,888-758-4389,E,,Public,24 hours daily,,,,,,2,,,ChargePoint Network,https://www.chargepoint.com,GPS,40.860025,-74.122893,8/26/2026,418018,2026-08-26 03:00:39 UTC,,,,8/15/2025,,,,,J1772,US,,,,Public,,public,,,,,,,,,,,,,,,,,,,,FALSE,,,,,,,,,FALSE,
ELEC,CITY OF PASSAIC GARAGE ST5,333 Passaic Street,,Passaic,NJ,7055,,888-758-4389,E,,Public,24 hours daily,,,,,,2,,,ChargePoint Network,https://www.chargepoint.com,GPS,40.860076,-74.122851,8/26/2026,418019,2026-08-26 03:00:39 UTC,,,,8/15/2025,,,,,J1772,US,,,,Public,,public,,,,,,,,,,,,,,,,,,,,FALSE,,,,,,,,,FALSE,
ELEC,CITY OF PASSAIC GARAGE ST4,333 Passaic Street,,Passaic,NJ,7055,,888-758-4389,E,,Public,24 hours daily,,,,,,2,,,ChargePoint Network,https://www.chargepoint.com,GPS,40.860024,-74.122811,8/26/2026,418020,2026-08-26 03:00:39 UTC,,,,8/15/2025,,,,,J1772,US,,,,Public,,public,,,,,,,,,,,,,,,,,,,,FALSE,,,,,,,,,FALSE,
ELEC,CITY OF PASSAIC GARAGE ST3,333 Passaic Street,,Passaic,NJ,7055,,888-758-4389,E,,Public,24 hours daily,,,,,,2,,,ChargePoint Network,https://www.chargepoint.com,GPS,40.859996,-74.122825,8/26/2026,418021,2026-08-26 03:00:40 UTC,,,,8/15/2025,,,,,J1772,US,,,,Public,,public,,,,,,,,,,,,,,,,,,,,FALSE,,,,,,,,,FALSE,
ELEC,CITY OF PASSAIC GARAGE ST2,333 Passaic Street,,Passaic,NJ,7055,,888-758-4389,E,,Public,24 hours daily,,,,,,2,,,ChargePoint Network,https://www.chargepoint.com,GPS,40.859961,-74.122807,8/26/2026,418022,2026-08-26 03:00:40 UTC,,,,8/15/2025,,,,,J1772,US,,,,Public,,public,,,,,,,,,,,,,,,,,,,,FALSE,,,,,,,,,FALSE,
ELEC,CITY OF PASSAIC GARAGE ST1,333 Passaic Street,,Passaic,NJ,7055,,888-758-4389,E,,Public,24 hours daily,,,,,,1,,,ChargePoint Network,https://www.chargepoint.com,GPS,40.860126,-74.123023,8/26/2026,418023,2026-08-26 03:00:40 UTC,,,,8/15/2025,,,,,J1772,US,,,,Public,,public,,,,,,,,,,,,,,,,,,,,FALSE,,,,,,,,,FALSE,
ELEC,"Wakefern Shoprite 594 (Moorestown, NJ)",1000 Nixon Dr,,Moorestown,NJ,8057,,833-632-2778,E,,Public,24 hours daily,,,,,,,6,,Electrify America,https://www.electrifyamerica.com,GPS,39.93898,-74.96451,8/26/2026,418044,2026-08-26 03:38:30 UTC,,,,8/15/2025,,,,,J1772COMBO,US,,,,Public,,public,,,,,,,,,,,,,,,,,,,,FALSE,,,,,,,,,FALSE,
ELEC,SWTCH Energy,1707 69th St,,North Bergen,NJ,7047,,,E,,Public,24 hours daily; for guest use only,,,,,,4,,,SWTCH,https://swtchenergy.com,GPS,40.7996641,-74.022211,1/13/2026,419861,2026-02-02 23:16:24 UTC,P,,,5/13/2025,,,,,J1772,US,,,,Public,,public,,,HOTEL,,,,,,,Free,,,,,,,,,,TRUE,,,,,,,,LD,FALSE,
ELEC,SWTCH Energy,150-152 Speedwell Ave,,Morristown,NJ,7960,,,E,,Public,24 hours daily,,,,,,2,,,SWTCH,https://swtchenergy.com,GPS,40.8029123,-74.4826612,1/13/2026,419904,2026-02-02 23:16:24 UTC,P,,,6/16/2025,,,,,J1772,US,,,,Public,,public,,,,,,,,,,Free,,,,,,,,,,FALSE,,,,,,,,LD,FALSE,
ELEC,SWTCH Energy,7 Entin Rd,,Parsippany,NJ,7054,,,E,,Public,24 hours daily,,,,,,7,,,SWTCH,https://swtchenergy.com,GPS,40.8452219,-74.430654,1/13/2026,419912,2026-02-02 23:16:24 UTC,P,,,6/22/2025,,,,,J1772,US,,,,Public,,public,,,PARKING_LOT,,,,,,,Free,,,,,,,,,,FALSE,,,,,,,,LD,FALSE,
ELEC,SWTCH Energy,101 Herrod Blvd,,South Brunswick Township,NJ,8810,,,E,,Private,24 hours daily,,,,,,4,,,SWTCH,https://swtchenergy.com,GPS,40.3487958,-74.491186,1/13/2026,419953,2026-02-02 23:16:24 UTC,P,,,6/10/2025,,,,,J1772,US,,,,Privé,,private,,,OFFICE_BLDG,,,,,,,Free,,,,,,,,,,,,,,,,,,LD,TRUE,
ELEC,SWTCH Energy,1 Colonial Dr,,Manchester Township,NJ,8759,,,P,1/15/2026,PLANNED - not yet accessible (Public),24 hours daily,,,,,,1,,,SWTCH,https://swtchenergy.com,GPS,40.0065778,-74.2970315,1/13/2026,419968,2026-02-02 23:16:24 UTC,LG,,,,,,,,J1772,US,,,,PRÉVU - pas encore accessible (Public),,public,,,MUNI_GOV,,,,,,,Free,,,,,,,,,,FALSE,,,,,,,,LD,FALSE,
ELEC,SWTCH Energy,118 Lamington Rd,,Branchburg,NJ,8876,,,P,1/15/2026,PLANNED - not yet accessible (Private),24 hours daily,,,,,,1,,,SWTCH,https://swtchenergy.com,GPS,40.6116987,-74.6883885,1/13/2026,420001,2026-02-02 23:16:24 UTC,P,,,6/18/2025,,,,,J1772,US,,,,PRÉVU - pas encore accessible (Privé),,private,,,COLLEGE_CAMPUS,,,,,,,Free,,,,,,,,,,,,,,,,,,LD,FALSE,
ELEC,RHYTHM HOA STATION #5,204 7th Avenue,,Asbury Park,NJ,7712,,888-758-4389,E,,Public,24 hours daily,,,,,,1,,,ChargePoint Network,https://www.chargepoint.com,GPS,40.226885,-74.000213,8/26/2026,420101,2026-08-26 03:01:37 UTC,,,,8/19/2025,,,,,J1772,US,,,,Public,,public,,,,,,,,,,,,,,,,,,,,FALSE,,,,,,,,,FALSE,
ELEC,QFS - 180 Summit,180 Summit Ave,,Montvale,NJ,7645,,844-798-2438,E,,Public,24 hours daily,A CREDIT D Debit M V,,,,,9,,,SWTCH,https://swtchenergy.com,200-8,41.05774,-74.06655,9/12/2025,420138,2026-02-02 23:16:24 UTC,P,,,6/24/2025,,,,,J1772,US,,,,Public,,public,,,PARKING_LOT,,,,,,,$.40 per kWh,,,,,,,,,,FALSE,,,,,,,,LD,FALSE,
ELEC,THE PARK 2300 PARKVIEW-2,2410 Parkview Dr,,Roselle,NJ,7203,,888-758-4389,E,,Public,24 hours daily,,,,,,1,,,ChargePoint Network,https://www.chargepoint.com,GPS,40.644683,-74.267906,8/26/2026,420677,2026-08-26 02:55:54 UTC,,,,8/22/2025,,,,,J1772,US,,,,Public,,public,,,,,,,,,,,,,,,,,,,,FALSE,,,,,,,,,FALSE,
ELEC,Ravens Crest 3200,3200 Ravens Crest Dr,,Plainsboro Township,NJ,8536,,949-945-2000,T,8/21/2026,TEMPORARILY UNAVAILABLE (Public),24 hours daily,,,,,,5,,,EVGATEWAY,https://evgateway.com,GPS,40.3257929,-74.5533352,8/26/2026,420918,2026-08-26 04:57:22 UTC,,,,8/26/2025,,,,,J1772,US,,,,TEMPORAIREMENT SUSPENDU (Public),,public,,,,,,,,,,,,,,,,,,,,FALSE,,,,,,,,,FALSE,
ELEC,Ravens Crest 5400,5400 Ravens Crest Dr,,Plainsboro Township,NJ,8536,,949-945-2000,T,8/20/2026,TEMPORARILY UNAVAILABLE (Public),24 hours daily,,,,,,5,,,EVGATEWAY,https://evgateway.com,GPS,40.3263289,-74.5549627,8/26/2026,420919,2026-08-26 04:57:22 UTC,,,,8/26/2025,,,,,J1772,US,,,,TEMPORAIREMENT SUSPENDU (Public),,public,,,,,,,,,,,,,,,,,,,,FALSE,,,,,,,,,FALSE,
ELEC,Morristown Medical Center - Employee Lot,100 Madison Ave,,Morristown,NJ,7960,,813-492-5220,E,,Public,24 hours daily,A ANDROID_PAY APPLE_PAY D M V,,,,,3,,,EVOKE,https://evokesystems.com,GPS,40.7894667,-74.4656591,6/12/2026,421022,2026-06-12 17:15:57 UTC,P,,,10/10/2024,,,,,J1772,US,,,,Public,,public,,,HOSPITAL,,,,,,,$0.75 initiation fee; $0.40 per kWh,,,,,,,,,,FALSE,,,,,,,,LD,FALSE,
ELEC,160 Mt Bethel Rd - Rear Parking Lot,160 Mt. Bethel Rd,,Warren,NJ,7059,,813-492-5220,E,,Private,24 hours daily,A ANDROID_PAY APPLE_PAY D M V,,,,,4,,,EVOKE,https://evokesystems.com,GPS,40.6357087,-74.5105922,6/12/2026,421030,2026-06-12 17:15:57 UTC,P,,,11/12/2024,,,,,J1772,US,,,,Privé,,private,,,PARKING_LOT,,,,,,,$0.50 initiation fee; $0.15 per kWh; $5 per hour idle fee,,,,,,,,,,,,,,,,,,LD,FALSE,
ELEC,Newport River Market Garage - Newport Market River Garage,20 N Blvd,,Jersey City,NJ,7310,,813-492-5220,E,,Public,24 hours daily,A ANDROID_PAY APPLE_PAY D M V,,,,,2,,,EVOKE,https://evokesystems.com,GPS,40.7293463,-74.0328982,6/12/2026,421035,2026-06-12 17:15:57 UTC,P,,,10/16/2024,,,,,J1772,US,,,,Public,,public,,,MULTI_UNIT_DWELLING,,,,,,,$1 initiation fee; $0.35 per kWh; $5 per hour idle fee,,,,,,,,,,FALSE,,,,,,,,LD,FALSE,
ELEC,Bisby Garage - Zipcar Rentals and Bisby Garage,30 Park Ln N,,Jersey City,NJ,7310,,,E,,Private,24 hours daily,A ANDROID_PAY APPLE_PAY D M V,,,,,20,,,EVOKE,https://evokesystems.com,GPS,40.732143,-74.0321459,6/12/2026,421044,2026-07-18 19:15:41 UTC,P,,,3/10/2025,,,,,J1772,US,,,,Privé,,private,,,PARKING_LOT,,,,,,,$10 session fee; $0.35 per kWh; $5 per hour idle fee,,,,,,,,,,,,,,,,,,LD,FALSE,
ELEC,Inspira Health Center Woodbury - Outdoor Lot,509 N Broad St,,Woodbury,NJ,8096,,813-492-5220,E,,Public,24 hours daily,A ANDROID_PAY APPLE_PAY D M V,,,,,4,,,EVOKE,https://evokesystems.com,GPS,39.8439573,-75.1499637,6/12/2026,421057,2026-06-12 17:15:57 UTC,P,,,8/5/2024,,,,,J1772,US,,,,Public,,public,,,HOSPITAL,,,,,,,$0.75 initiation fee; $0.40 per kWh,,,,,,,,,,FALSE,,,,,,,,LD,TRUE,
ELEC,342 Changebridge,342 Changebridge Rd,,Pine Brook,NJ,7058,,833-611-5965,E,,Public,24 hours daily,,,,,,4,,,VIALYNK,https://www.lynkwell.com,GPS,40.86395,-74.34215,8/26/2026,421202,2026-08-26 04:48:02 UTC,,,,8/29/2025,,,,,J1772,US,,,,Public,,public,,,,,,,,,,,,,,,,,,,,FALSE,,,,,,,,,FALSE,
ELEC,1950 Rutgers,1950 Rutgers University Blvd,,Lakewood,NJ,8701,,949-945-2000,E,,Public,24 hours daily,,,,,,10,,,EVGATEWAY,https://evgateway.com,GPS,40.0756949,-74.1597992,8/26/2026,421203,2026-08-26 04:56:45 UTC,,,,8/29/2025,,,,,J1772,US,,,,Public,,public,,,,,,,,,,,,,,,,,,,,FALSE,,,,,,,,,FALSE,
ELEC,"Egg Harbor Township, NJ - 6678 East Black Horse Pike - Tesla Supercharger",6678 East Black Horse Pike,,Egg Harbor Township,NJ,8234,,877-798-3752,E,,Public,24 hours daily. Open to all vehicles.,A D Debit M V,,,,,,12,,Tesla,https://www.tesla.com/supercharger,GPS,39.41079,-74.567949,6/18/2026,421677,2026-06-18 14:46:21 UTC,P,,,9/3/2025,,,,,J1772COMBO TESLA,US,,,,Public,,public,,,GAS_STATION,,,,,,,,,,,,,,,,,FALSE,,,,,,,,LD,FALSE,
ELEC,Ramsey Acura,65 New Jersey 17,,Ramsey,NJ,7446,,888-998-2546,E,,Public,24 hours daily,,,,,,5,,,Blink Network,https://blinkcharging.com,GPS,41.04470424,-74.11674872,8/26/2026,421706,2026-08-26 00:42:30 UTC,,,,9/3/2025,,,,,J1772,US,,,,Public,,public,,,,,,,,,,,,,,,,,,,,FALSE,,,,,,,,,FALSE,
ELEC,ACADEMY LOT ACADEMY LOT ST1,7 Academy Street,,New Providence,NJ,7974,,888-758-4389,E,,Public,24 hours daily,,,,,,2,,,ChargePoint Network,https://www.chargepoint.com,GPS,40.707317,-74.40488,8/26/2026,421725,2026-08-26 02:49:53 UTC,,,,9/9/2025,,,,,J1772,US,,,,Public,,public,,,,,,,,,,,,,,,,,,,,FALSE,,,,,,,,,FALSE,
ELEC,Crossings at Plainsboro - Bldg 2000,20 Fox Run Dr,,Plainsboro Township,NJ,8536,,888-717-4544,E,,Public,24 hours daily,,,,,,4,,,CHARGESMART_EV,https://chargesmartev.com,GPS,40.329718,-74.593368,8/26/2026,421802,2026-08-26 04:51:37 UTC,,,,9/9/2025,,,,,J1772,US,,,,Public,,public,,,,,,,,,,,,,,,,,,,,FALSE,,,,,,,,,FALSE,
ELEC,Crossings at Plainsboro - DCFC,3 Fox Run Dr,,Plainsboro Township,NJ,8536,,888-717-4544,E,,Public,24 hours daily,,,,,,,2,,CHARGESMART_EV,https://chargesmartev.com,GPS,40.332212,-74.589139,8/26/2026,421803,2026-08-26 04:51:38 UTC,,,,9/9/2025,,,,,J1772COMBO TESLA,US,,,,Public,,public,,,,,,,,,,,,,,,,,,,,FALSE,,,,,,,,,FALSE,
ELEC,POND ROAD SOUTH STATION 1,101 Stavbro Lane,Left of building entrance,Tinton Falls,NJ,7724,,888-758-4389,E,,Public,24 hours daily,,,,,,2,,,ChargePoint Network,https://www.chargepoint.com,GPS,40.283442,-74.092296,8/26/2026,422039,2026-08-26 03:02:26 UTC,,,,9/11/2025,,,,,J1772,US,,,,Public,,public,,,,,,,,,,,,,,,,,,,,FALSE,,,,,,,,,FALSE,
ELEC,POND ROAD SOUTH STATION 3,1810 Wayside Road,To left of dumpsters in rear,Tinton Falls,NJ,7724,,888-758-4389,E,,Public,24 hours daily,,,,,,2,,,ChargePoint Network,https://www.chargepoint.com,GPS,40.282849,-74.091021,8/26/2026,422040,2026-08-26 03:02:33 UTC,,,,9/11/2025,,,,,J1772,US,,,,Public,,public,,,,,,,,,,,,,,,,,,,,FALSE,,,,,,,,,FALSE,
ELEC,POND ROAD SOUTH STATION 2,1810 Wayside Road,Left of dumpsters in rear,Tinton Falls,NJ,7724,,888-758-4389,E,,Public,24 hours daily,,,,,,2,,,ChargePoint Network,https://www.chargepoint.com,GPS,40.282524,-74.090778,8/26/2026,422042,2026-08-26 03:02:33 UTC,,,,9/11/2025,,,,,J1772,US,,,,Public,,public,,,,,,,,,,,,,,,,,,,,FALSE,,,,,,,,,FALSE,
ELEC,OCEAN GROVE OG CHARGER 2,70 South Main Street,,Neptune Township,NJ,7756,,888-758-4389,E,,Public,24 hours daily,,,,,,,1,,ChargePoint Network,https://www.chargepoint.com,GPS,40.212555,-74.014413,8/26/2026,422053,2026-08-26 03:03:04 UTC,,,,9/11/2025,,,,,CHADEMO J1772COMBO,US,,,,Public,,public,,,,,,,,,,,,,,,,,,,,FALSE,,,,,,,,,FALSE,
ELEC,OCEAN GROVE OG CHARGER 1,70 South Main Street,,Neptune Township,NJ,7756,,888-758-4389,E,,Public,24 hours daily,,,,,,,1,,ChargePoint Network,https://www.chargepoint.com,GPS,40.212531,-74.014432,8/26/2026,422054,2026-08-26 03:03:04 UTC,,,,9/11/2025,,,,,CHADEMO J1772COMBO,US,,,,Public,,public,,,,,,,,,,,,,,,,,,,,FALSE,,,,,,,,,FALSE,
ELEC,CORPORATE BLDG MESSER 1,200 Somerset Corporate Boulevard,,Bridgewater,NJ,8807,,888-758-4389,E,,Public,24 hours daily,,,,,,2,,,ChargePoint Network,https://www.chargepoint.com,GPS,40.58522,-74.626282,8/26/2026,422443,2026-08-26 03:02:59 UTC,,,,9/18/2025,,,,,J1772,US,,,,Public,,public,,,,,,,,,,,,,,,,,,,,FALSE,,,,,,,,,FALSE,
ELEC,Crossings at Plainsboro - Bldg 300,3 Fox Run Dr,,Plainsboro Township,NJ,8536,,888-717-4544,E,,Public,24 hours daily,,,,,,4,,,CHARGESMART_EV,https://chargesmartev.com,GPS,40.331422,-74.589311,8/26/2026,422471,2026-08-26 04:51:36 UTC,,,,9/18/2025,,,,,J1772,US,,,,Public,,public,,,,,,,,,,,,,,,,,,,,FALSE,,,,,,,,,FALSE,
ELEC,Crossings at Plainsboro - Bldg 700,7 Fox Run Dr,,Plainsboro Township,NJ,8536,,888-717-4544,E,,Public,24 hours daily,,,,,,4,,,CHARGESMART_EV,https://chargesmartev.com,GPS,40.330548,-74.589662,8/26/2026,422472,2026-08-26 04:51:36 UTC,,,,9/18/2025,,,,,J1772,US,,,,Public,,public,,,,,,,,,,,,,,,,,,,,FALSE,,,,,,,,,FALSE,
ELEC,Crossings at Plainsboro - Bldg 2900,29 Fox Run Dr,,Plainsboro Township,NJ,8536,,888-717-4544,E,,Public,24 hours daily,,,,,,4,,,CHARGESMART_EV,https://chargesmartev.com,GPS,40.329218,-74.59343,8/26/2026,422473,2026-08-26 04:51:37 UTC,,,,9/18/2025,,,,,J1772,US,,,,Public,,public,,,,,,,,,,,,,,,,,,,,FALSE,,,,,,,,,FALSE,
ELEC,Crossings at Plainsboro - Bldg 3700,37 Fox Run Dr,,Plainsboro Township,NJ,8536,,888-717-4544,E,,Public,24 hours daily,,,,,,4,,,CHARGESMART_EV,https://chargesmartev.com,GPS,40.329028,-74.591086,8/26/2026,422474,2026-08-26 04:51:37 UTC,,,,9/18/2025,,,,,J1772,US,,,,Public,,public,,,,,,,,,,,,,,,,,,,,FALSE,,,,,,,,,FALSE,
ELEC,Crossings at Plainsboro - Bldg 4700,47 Fox Run Dr,,Plainsboro Township,NJ,8536,,888-717-4544,E,,Public,24 hours daily,,,,,,4,,,CHARGESMART_EV,https://chargesmartev.com,GPS,40.329387,-74.589077,8/26/2026,422475,2026-08-26 04:51:37 UTC,,,,9/18/2025,,,,,J1772,US,,,,Public,,public,,,,,,,,,,,,,,,,,,,,FALSE,,,,,,,,,FALSE,
ELEC,Crossings at Plainsboro - Bldg 5300,53 Fox Run Dr,,Plainsboro Township,NJ,8536,,888-717-4544,E,,Public,24 hours daily,,,,,,4,,,CHARGESMART_EV,https://chargesmartev.com,GPS,40.33046,-74.589082,8/26/2026,422476,2026-08-26 04:51:38 UTC,,,,9/18/2025,,,,,J1772,US,,,,Public,,public,,,,,,,,,,,,,,,,,,,,FALSE,,,,,,,,,FALSE,
ELEC,"Newark, NJ - Tesla Supercharger",281 Ferry St,,Newark,NJ,7105,,877-798-3752,E,,Public,24 hours daily. NACS partner enabled.,A D Debit M V,,,,,,16,,Tesla,https://www.tesla.com/supercharger,GPS,40.727548,-74.150392,6/18/2026,422574,2026-06-18 14:46:21 UTC,P,,,9/15/2025,,,,,TESLA,US,,,,Public,,public,,,SHOPPING_CENTER,,,,,,,,,,,,,,,,,FALSE,,,,,,,,LD,FALSE,
ELEC,LA3201,25 Rockwood Pl,,Englewood,NJ,7631,,,E,,Public,24 hours daily,,,,,,6,,,SWTCH,https://swtchenergy.com,200-8,40.87958,-73.98306,10/13/2025,422702,2026-02-02 23:16:24 UTC,P,,,4/24/2025,,,,,J1772,US,,,,Public,,public,,,PARKING_GARAGE,,,,,,,,,,,,,,,,,FALSE,,,,,,,,LD,FALSE,
ELEC,P2047,266 Mantoloking Rd,,Brick Township,NJ,8723,,,E,,Public,24 hours daily,,,,,,2,,,SWTCH,https://swtchenergy.com,200-8,40.04546,-74.07875,10/13/2025,422703,2026-02-02 23:16:24 UTC,P,,,5/1/2025,,,,,J1772,US,,,,Public,,public,,,RETAIL,,,,,,,,,,,,,,,,,FALSE,,,,,,,,LD,TRUE,
ELEC,P1214,400 Alexander Park Dr,,Princeton,NJ,8540,,,E,,Private,24 hours daily,,,,,,4,,,SWTCH,https://swtchenergy.com,200-8,40.3206,-74.63082,10/13/2025,422704,2026-02-02 23:16:24 UTC,P,,,4/30/2025,,,,,J1772,US,,,,Privé,,private,,,OFFICE_BLDG,,,,,,,,,,,,,,,,,,,,,,,,,LD,TRUE,
ELEC,P2108,581 Main St,,Woodbridge,NJ,7095,,,E,,Private,24 hours daily,,,,,,4,,,SWTCH,https://swtchenergy.com,200-8,40.54357,-74.30004,10/13/2025,422705,2026-02-02 23:16:24 UTC,P,,,5/2/2025,,,,,J1772,US,,,,Privé,,private,,,OFFICE_BLDG,,,,,,,,,,,,,,,,,,,,,,,,,LD,TRUE,
ELEC,P1607,799 US-1,,Woodbridge,NJ,8830,,,E,,Public,24 hours daily,,,,,,1,,,SWTCH,https://swtchenergy.com,200-8,40.56298,-74.3007,10/13/2025,422706,2026-02-02 23:16:24 UTC,P,,,5/2/2025,,,,,J1772,US,,,,Public,,public,,,RETAIL,,,,,,,,,,,,,,,,,FALSE,,,,,,,,LD,FALSE,
ELEC,"Paramus, NJ",700 Paramus Park,,Paramus,NJ,7652,,866-576-1495,E,,Public,24 hours daily,A ACCOUNT_BALANCE D M V,,,,,,6,,RIVIAN_ADVENTURE,https://rivian.com/experience/charging,GPS,40.956581,-74.068651,8/26/2026,422771,2026-08-26 03:56:08 UTC,,,,9/24/2025,,,,,J1772COMBO,US,,,,Public,,public,,,PUBLIC,,,,,,,,,,,,,,,,,FALSE,,,,,,,,,FALSE,
ELEC,"Old Bridge, NJ - US-9 - Tesla Supercharger",3600 US-9,,Old Bridge,NJ,8857,,877-798-3752,E,,Public,24 hours daily. NACS partner enabled.,A D Debit M V,,,,,,8,,Tesla,https://www.tesla.com/supercharger,GPS,40.377245,-74.308018,6/18/2026,422979,2026-06-18 14:46:21 UTC,P,,,9/19/2025,,,,,TESLA,US,,,,Public,,public,,,GAS_STATION,,,,,,,,,,,,,,,,,FALSE,,,,,,,,LD,FALSE,
ELEC,PINGRY BR 3,131 Martinsville Road,,Basking Ridge,NJ,7920,,888-758-4389,E,,Public,24 hours daily,,,,,,2,,,ChargePoint Network,https://www.chargepoint.com,GPS,40.619306,-74.564809,8/26/2026,423029,2026-08-26 03:03:54 UTC,,,,9/27/2025,,,,,J1772,US,,,,Public,,public,,,,,,,,,,,,,,,,,,,,FALSE,,,,,,,,,FALSE,
ELEC,PINGRY SH 2,50 Country Day Drive,,Millburn,NJ,7078,,888-758-4389,E,,Public,24 hours daily,,,,,,2,,,ChargePoint Network,https://www.chargepoint.com,GPS,40.74217,-74.335828,8/26/2026,423037,2026-08-26 03:04:13 UTC,,,,9/27/2025,,,,,J1772,US,,,,Public,,public,,,,,,,,,,,,,,,,,,,,FALSE,,,,,,,,,FALSE,
ELEC,Crossings at Plainsboro - Bldg 1600,16 Fox Run Dr,,Plainsboro Township,NJ,8536,,888-717-4544,E,,Public,24 hours daily,,,,,,4,,,CHARGESMART_EV,https://chargesmartev.com,GPS,40.329627,-74.592217,8/26/2026,428610,2026-08-26 04:51:36 UTC,,,,10/2/2025,,,,,J1772,US,,,,Public,,public,,,,,,,,,,,,,,,,,,,,FALSE,,,,,,,,,FALSE,
ELEC,Crossings at Plainsboro - Bldg 3300,33 Fox Run Dr,,Plainsboro Township,NJ,8536,,888-717-4544,E,,Public,24 hours daily,,,,,,4,,,CHARGESMART_EV,https://chargesmartev.com,GPS,40.329129,-74.592263,8/26/2026,428611,2026-08-26 04:51:37 UTC,,,,10/2/2025,,,,,J1772,US,,,,Public,,public,,,,,,,,,,,,,,,,,,,,FALSE,,,,,,,,,FALSE,
ELEC,Crossings at Plainsboro - Bldg 4000,40 Fox Run Dr,,Plainsboro Township,NJ,8536,,888-717-4544,E,,Public,24 hours daily,,,,,,4,,,CHARGESMART_EV,https://chargesmartev.com,GPS,40.328665,-74.590192,8/26/2026,428612,2026-08-26 04:51:37 UTC,,,,10/2/2025,,,,,J1772,US,,,,Public,,public,,,,,,,,,,,,,,,,,,,,FALSE,,,,,,,,,FALSE,
ELEC,ESSEX COUNTY NA003148,350 University Ave ECFC,,Newark,NJ,7102,,888-758-4389,E,,Public,24 hours daily,,,,,,2,,,ChargePoint Network,https://www.chargepoint.com,GPS,40.735757,-74.176847,8/26/2026,428630,2026-08-26 03:02:13 UTC,,,,10/3/2025,,,,,J1772,US,,,,Public,,public,,,,,,,,,,,,,,,,,,,,FALSE,,,,,,,,,FALSE,
ELEC,Maxlite,1400 Hamilton Blvd,,South Plainfield,NJ,7080,,833-611-5965,E,,Public,24 hours daily,,,,,,1,,,VIALYNK,https://www.lynkwell.com,GPS,40.57077,-74.41801,8/26/2026,428655,2026-08-26 04:48:05 UTC,,,,10/3/2025,,,,,J1772,US,,,,Public,,public,,,,,,,,,,,,,,,,,,,,FALSE,,,,,,,,,FALSE,
ELEC,"Milbrook Edison Mall (Edison, NJ)",765-775 US-1 S,,Edison,NJ,8817,,833-632-2778,E,,Public,24 hours daily,,,,,,,10,,Electrify America,https://www.electrifyamerica.com,GPS,40.51152,-74.38475,8/26/2026,428734,2026-08-26 03:42:06 UTC,,,,10/5/2025,,,,,J1772COMBO,US,,,,Public,,public,,,,,,,,,,,,,,,,,,,,FALSE,,,,,,,,,FALSE,
ELEC,AMBOY BANK AMBOY BANK,3596 US-9,N Side of Parking Lot,Old Bridge,NJ,8857,,888-758-4389,E,,Public,24 hours daily,,,,,,2,,,ChargePoint Network,https://www.chargepoint.com,GPS,40.378988,-74.3082,8/26/2026,429622,2026-08-26 03:04:05 UTC,,,,10/10/2025,,,,,J1772,US,,,,Public,,public,,,,,,,,,,,,,,,,,,,,FALSE,,,,,,,,,FALSE,
ELEC,Straight Edge,700 Soth Ave,,Middlesex,NJ,8846,,833-611-5965,E,,Public,24 hours daily,,,,,,2,,,VIALYNK,https://www.lynkwell.com,GPS,40.58399,-74.47316,8/26/2026,429723,2026-08-26 04:48:05 UTC,,,,10/10/2025,,,,,J1772,US,,,,Public,,public,,,,,,,,,,,,,,,,,,,,FALSE,,,,,,,,,FALSE,
ELEC,"Riverdale, NJ - Tesla Supercharger",94 New Jersey 23,,Riverdale,NJ,7457,,877-798-3752,E,,Public,24 hours daily. NACS partner enabled.,A D Debit M V,,,,,,16,,Tesla,https://www.tesla.com/supercharger,GPS,40.989261,-74.325278,6/18/2026,429742,2026-06-18 14:46:21 UTC,P,,,10/3/2025,,,,,TESLA,US,,,,Public,,public,,,GROCERY,,,,,,,,,,,,,,,,,FALSE,,,,,,,,LD,FALSE,
ELEC,Ciocca Ford Lincoln of Lawrenceville,2920 Brunswick Pike,,Lawrence Township,NJ,8648,,888-998-2546,E,,Public,24 hours daily,,,,,,1,6,,Blink Network,https://blinkcharging.com,GPS,40.2729453,-74.70831349,8/26/2026,429859,2026-08-26 00:20:35 UTC,,,,10/14/2025,,,,,J1772 J1772COMBO,US,,,,Public,,public,,,,,,,,,,,,,,,,,,,,FALSE,,,,,,,,,FALSE,
ELEC,HUN POE CHARGER,180 Edgerstoune Rd,,Princeton,NJ,8540,,888-758-4389,E,,Public,24 hours daily,,,,,,2,,,ChargePoint Network,https://www.chargepoint.com,GPS,40.338085,-74.684307,8/26/2026,429873,2026-08-26 03:03:24 UTC,,,,10/15/2025,,,,,J1772,US,,,,Public,,public,,,,,,,,,,,,,,,,,,,,FALSE,,,,,,,,,FALSE,
ELEC,155 Chestnut Ridge,155 Chestnut Ridge Rd,,Montvale,NJ,7645,,949-945-2000,E,,Public,24 hours daily,,,,,,11,,,EVGATEWAY,https://evgateway.com,GPS,41.0610523,-74.0667333,8/26/2026,429905,2026-08-26 04:57:26 UTC,,,,10/15/2025,,,,,J1772,US,,,,Public,,public,,,,,,,,,,,,,,,,,,,,FALSE,,,,,,,,,FALSE,
ELEC,The Hills Bedminster 550,550 Hills Dr,,Bedminster,NJ,7921,,949-945-2000,E,,Public,24 hours daily,,,,,,8,,,EVGATEWAY,https://evgateway.com,GPS,40.6525792,-74.6420922,8/26/2026,429906,2026-08-26 04:56:11 UTC,,,,10/15/2025,,,,,J1772,US,,,,Public,,public,,,,,,,,,,,,,,,,,,,,FALSE,,,,,,,,,FALSE,
ELEC,STACY STREET BARCLAY ST1,335 Stacy Street,,Burlington,NJ,8016,,888-758-4389,E,,Public,Mon: 6:00am-11:59pm; Tue: 6:00am-11:59pm; Wed: 6:00am-11:59pm; Thu: 6:00am-11:59pm; Fri: 6:00am-11:59pm; Sat: 6:00am-11:59pm; Sun: 6:00am-11:59pm,,,,,,2,,,ChargePoint Network,https://www.chargepoint.com,GPS,40.07898,-74.856474,8/26/2026,429968,2026-08-26 03:04:36 UTC,,,,10/16/2025,,,,,J1772,US,,,,Public,,public,,,,,,,,,,,,,,,,,,,,FALSE,,,,,,,,,FALSE,
ELEC,202 Park,202 Park Boulevard,,Cherry Hill Township,NJ,8002,,888-998-2546,E,,Public,24 hours daily,,,,,,8,,,Blink Network,https://blinkcharging.com,GPS,39.92836,-75.0604,8/26/2026,434027,2026-08-26 00:50:27 UTC,,,,10/20/2025,,,,,J1772,US,,,,Public,,public,,,,,,,,,,,,,,,,,,,,FALSE,,,,,,,,,FALSE,
ELEC,22 Paris Ave Poweral,22 Paris Ave,,Rockleigh,NJ,7647,,313-262-6722,E,,Public,,,,,,,8,,,RED_E,https://www.redecharge.com,GPS,41.003,-73.964,8/26/2026,434055,2026-08-26 05:23:46 UTC,,,,10/20/2025,,,,,J1772,US,,,,Public,,public,,,PUBLIC,,,,,,,,,,,,,,,,,FALSE,,,,,,,,,FALSE,
ELEC,Trinity Cadillac,374 Sylvan Ave,,Englewood Cliffs,NJ,7632,,833-611-5965,E,,Public,24 hours daily,,,,,,,2,,VIALYNK,https://www.lynkwell.com,GPS,40.87547,-73.95329,8/26/2026,434121,2026-08-26 04:48:05 UTC,,,,10/22/2025,,,,,CHADEMO J1772COMBO,US,,,,Public,,public,,,,,,,,,,,,,,,,,,,,FALSE,,,,,,,,,FALSE,
ELEC,ESSEX COUNTY MONTE IRVIN,100 Central Ave,,City of Orange,NJ,7050,,888-758-4389,E,,Public,24 hours daily,,,,,,2,,,ChargePoint Network,https://www.chargepoint.com,GPS,40.762986,-74.228574,8/26/2026,434822,2026-08-26 03:05:15 UTC,,,,10/25/2025,,,,,J1772,US,,,,Public,,public,,,,,,,,,,,,,,,,,,,,FALSE,,,,,,,,,FALSE,
ELEC,Echelon Ford Inc,4 S White Horse Pike,,Stratford,NJ,8084,,888-357-1009,E,,Public,Mon: 8:00am-7:00pm; Tue: 8:00am-7:00pm; Wed: 8:00am-7:00pm; Thu: 8:00am-7:00pm; Fri: 8:00am-7:00pm; Sat: 8:00am-4:00pm,A ANDROID_PAY APPLE_PAY CREDIT D Debit M V,,,,,,2,,FORD_CHARGE,https://www.ford.com/support/category/electric-vehicle/charging/public-charging/,GPS,39.832157,-75.004224,8/26/2026,434844,2026-08-26 05:27:42 UTC,,,,10/14/2025,,,,,J1772COMBO,US,,,,Public,,public,,,PUBLIC,,,,,,,,,,,,,,,,,FALSE,,,,,,,,,FALSE,
ELEC,"North Bergen, NJ - Tonnelle Avenue - Tesla Supercharger",7408 Tonnelle Ave,,North Bergen,NJ,7047,,877-798-3752,E,,Public,24 hours daily. Open to all vehicles.,A D Debit M V,,,,,,12,,Tesla,https://www.tesla.com/supercharger,GPS,40.80329,-74.019437,6/18/2026,434862,2026-06-18 14:46:21 UTC,P,,,10/20/2025,,,,,J1772COMBO TESLA,US,,,,Public,,public,,,GAS_STATION,,,,,,,,,,,,,,,,,FALSE,,,,,,,,LD,FALSE,
ELEC,"Middle Township, NJ - Tesla Supercharger",224 S Main St,,Middle Township,NJ,8210,,877-798-3752,E,,Public,24 hours daily. Open to all vehicles.,A D Debit M V,,,,,,12,,Tesla,https://www.tesla.com/supercharger,GPS,39.077896,-74.825213,6/18/2026,434872,2026-06-18 14:46:21 UTC,P,,,10/23/2025,,,,,J1772COMBO TESLA,US,,,,Public,,public,,,GAS_STATION,,,,,,,,,,,,,,,,,FALSE,,,,,,,,LD,FALSE,
ELEC,RONDO STATION 1,100 State Street,To the left side of main entrance,Moonachie,NJ,7074,,888-758-4389,E,,Public,"Mon: 12:00am-6:00am, 8:00pm-11:59pm; Tue: 12:00am-6:00am, 8:00pm-11:59pm; Wed: 12:00am-6:00am, 8:00pm-11:59pm; Thu: 12:00am-6:00am, 8:00pm-11:59pm; Fri: 12:00am-6:00am, 8:00pm-11:59pm; Sat: 12:00am-11:45pm; Sun: 12:00am-11:45pm",,,,,,2,,,ChargePoint Network,https://www.chargepoint.com,GPS,40.835361,-74.044456,8/26/2026,434924,2026-08-26 03:05:14 UTC,,,,10/28/2025,,,,,J1772,US,,,,Public,,public,,,,,,,,,,,,,,,,,,,,FALSE,,,,,,,,,FALSE,
ELEC,STACY STREET STACY ST ST1,35 East Broad Street,,Burlington,NJ,8016,,888-758-4389,E,,Public,Mon: 6:00am-11:59pm; Tue: 6:00am-11:59pm; Wed: 6:00am-11:59pm; Thu: 6:00am-11:59pm; Fri: 6:00am-11:59pm; Sat: 6:00am-11:59pm; Sun: 6:00am-11:59pm,,,,,,2,,,ChargePoint Network,https://www.chargepoint.com,GPS,40.079171,-74.857123,8/26/2026,434968,2026-08-26 03:05:39 UTC,,,,10/29/2025,,,,,J1772,US,,,,Public,,public,,,,,,,,,,,,,,,,,,,,FALSE,,,,,,,,,FALSE,
ELEC,STACY STREET STACY ST ST2,35 East Broad Street,,Burlington,NJ,8016,,888-758-4389,E,,Public,Mon: 6:00am-11:59pm; Tue: 6:00am-11:59pm; Wed: 6:00am-11:59pm; Thu: 6:00am-11:59pm; Fri: 6:00am-11:59pm; Sat: 6:00am-11:59pm; Sun: 6:00am-11:59pm,,,,,,2,,,ChargePoint Network,https://www.chargepoint.com,GPS,40.079141,-74.857087,8/26/2026,434969,2026-08-26 03:05:39 UTC,,,,10/29/2025,,,,,J1772,US,,,,Public,,public,,,,,,,,,,,,,,,,,,,,FALSE,,,,,,,,,FALSE,
ELEC,STACY STREET STACY ST ST3,35 East Broad Street,,Burlington,NJ,8016,,888-758-4389,E,,Public,Mon: 6:00am-11:59pm; Tue: 6:00am-11:59pm; Wed: 6:00am-11:59pm; Thu: 6:00am-11:59pm; Fri: 6:00am-11:59pm; Sat: 6:00am-11:59pm; Sun: 6:00am-11:59pm,,,,,,2,,,ChargePoint Network,https://www.chargepoint.com,GPS,40.079102,-74.857095,8/26/2026,434970,2026-08-26 03:05:39 UTC,,,,10/29/2025,,,,,J1772,US,,,,Public,,public,,,,,,,,,,,,,,,,,,,,FALSE,,,,,,,,,FALSE,
ELEC,STACY STREET STACY ST ST4,35 East Broad Street,,Burlington,NJ,8016,,888-758-4389,E,,Public,Mon: 6:00am-11:59pm; Tue: 6:00am-11:59pm; Wed: 6:00am-11:59pm; Thu: 6:00am-11:59pm; Fri: 6:00am-11:59pm; Sat: 6:00am-11:59pm; Sun: 6:00am-11:59pm,,,,,,2,,,ChargePoint Network,https://www.chargepoint.com,GPS,40.079062,-74.85708,8/26/2026,434971,2026-08-26 03:05:39 UTC,,,,10/29/2025,,,,,J1772,US,,,,Public,,public,,,,,,,,,,,,,,,,,,,,FALSE,,,,,,,,,FALSE,
ELEC,"Chick-Fil-A Corporate - Chick-Fil-A Eatontown, NJ",42 New Jersey 36,,Eatontown,NJ,7724,,844-437-7275,E,,Public,24 hours daily,,,,,,2,,,ENVIROSPARK,https://envirosparkenergy.com,200-8,40.29026,-74.0498,11/13/2025,439412,2026-03-31 19:37:47 UTC,P,,,6/30/2023,,,,,J1772,US,,,,Public,,public,,,OFFICE_BLDG,,,,,,,$2 per hour,,,,,,,,,,FALSE,,,,,,,,LD,FALSE,
ELEC,Haldeman Ford,607 NJ-33,,Hamilton Township,NJ,8619,,888-357-1009,E,,Public,Mon: 9:00am-7:00pm; Tue: 9:00am-7:00pm; Wed: 9:00am-7:00pm; Thu: 9:00am-7:00pm; Fri: 9:00am-7:00pm; Sat: 9:00am-4:00pm,A ANDROID_PAY APPLE_PAY CREDIT D Debit M V,,,,,,2,,FORD_CHARGE,https://www.ford.com/support/category/electric-vehicle/charging/public-charging/,GPS,40.230898,-74.680677,8/26/2026,439501,2026-08-26 05:27:42 UTC,,,,10/29/2025,,,,,J1772COMBO,US,,,,Public,,public,,,PUBLIC,,,,,,,,,,,,,,,,,FALSE,,,,,,,,,FALSE,
ELEC,Garden Communities - Providence Place,111 Spring Street,,New Providence,NJ,7974,,855-885-9571,E,,Public,24 hours daily,,,,,,24,,,OpConnect,https://opconnect-ev.com,GPS,40.6930123,-74.411891,8/26/2026,439733,2026-08-26 03:46:06 UTC,,,,11/5/2025,,,,,J1772,US,,,,Public,,public,,,,,,,,,,,,,,,,,,,,FALSE,,,,,,,,,FALSE,
ELEC,RAIL BB STATION 5,100 Hamilton St,,Bound Brook,NJ,8805,,888-758-4389,E,,Public,24 hours daily,,,,,,2,,,ChargePoint Network,https://www.chargepoint.com,GPS,40.562496,-74.52969,8/26/2026,439867,2026-08-26 03:04:00 UTC,,,,11/7/2025,,,,,J1772,US,,,,Public,,public,,,,,,,,,,,,,,,,,,,,FALSE,,,,,,,,,FALSE,
ELEC,RAIL BB STATION 1,100 Hamilton St,,Bound Brook,NJ,8805,,888-758-4389,E,,Public,24 hours daily,,,,,,2,,,ChargePoint Network,https://www.chargepoint.com,GPS,40.562475,-74.529718,8/26/2026,439868,2026-08-26 03:04:00 UTC,,,,11/7/2025,,,,,J1772,US,,,,Public,,public,,,,,,,,,,,,,,,,,,,,FALSE,,,,,,,,,FALSE,
ELEC,RAIL BB STATION 4,100 Hamilton St,,Bound Brook,NJ,8805,,888-758-4389,E,,Public,24 hours daily,,,,,,2,,,ChargePoint Network,https://www.chargepoint.com,GPS,40.562487,-74.52973,8/26/2026,439869,2026-08-26 03:04:00 UTC,,,,11/7/2025,,,,,J1772,US,,,,Public,,public,,,,,,,,,,,,,,,,,,,,FALSE,,,,,,,,,FALSE,
ELEC,RAIL BB STATION 3,100 Hamilton St,,Bound Brook,NJ,8805,,888-758-4389,E,,Public,24 hours daily,,,,,,2,,,ChargePoint Network,https://www.chargepoint.com,GPS,40.56248,-74.529698,8/26/2026,439870,2026-08-26 03:04:01 UTC,,,,11/7/2025,,,,,J1772,US,,,,Public,,public,,,,,,,,,,,,,,,,,,,,FALSE,,,,,,,,,FALSE,
ELEC,RAIL BB STATION 2,100 Hamilton St,,Bound Brook,NJ,8805,,888-758-4389,E,,Public,24 hours daily,,,,,,2,,,ChargePoint Network,https://www.chargepoint.com,GPS,40.56249,-74.529711,8/26/2026,439871,2026-08-26 03:04:01 UTC,,,,11/7/2025,,,,,J1772,US,,,,Public,,public,,,,,,,,,,,,,,,,,,,,FALSE,,,,,,,,,FALSE,
ELEC,SUPPLYHOUSENJ SUPPLYHOUSE EV2,30 Apple Orchard Drive,,South Brunswick Township,NJ,8810,,888-758-4389,E,,Public,24 hours daily,,,,,,2,,,ChargePoint Network,https://www.chargepoint.com,GPS,40.373741,-74.478945,8/26/2026,439889,2026-08-26 03:05:59 UTC,,,,11/7/2025,,,,,J1772,US,,,,Public,,public,,,,,,,,,,,,,,,,,,,,FALSE,,,,,,,,,FALSE,
ELEC,Picatinny Arsenal,15 Picatinny Arsenal Dr,,Wharton,NJ,7885,,,E,,Private - Government only,,,,,,,8,,,Non-Networked,,GPS,40.9138,-74.5788,12/12/2025,439992,2026-02-02 23:16:24 UTC,FG,6,Department of Army,8/5/2025,,,,,NEMA1450,US,,,,Privé - Réservé au gouvernement,,private,GOVERNMENT,DA,FED_GOV,,,,,,,,,,,,,,,,,,,,,,,,,LD,TRUE,
ELEC,"Blackwood, NJ - Tesla Supercharger",100 Premium Outlets Dr,,Blackwood,NJ,8012,,877-798-3752,E,,Public,24 hours daily. Open to all vehicles.,A D Debit M V,,,,,,16,,Tesla,https://www.tesla.com/supercharger,GPS,39.78659,-75.054619,6/18/2026,440446,2026-06-18 14:46:21 UTC,P,,,10/27/2025,,,,,J1772COMBO TESLA,US,,,,Public,,public,,,SHOPPING_CENTER,,,,,,,,,,,,,,,,,FALSE,,,,,,,,LD,FALSE,
ELEC,"Carteret, NJ - Tesla Supercharger",793 Roosevelt Ave,,Carteret,NJ,7008,,877-798-3752,E,,Public,24 hours daily. Open to all vehicles.,A D Debit M V,,,,,,20,,Tesla,https://www.tesla.com/supercharger,GPS,40.58861,-74.22686,6/18/2026,440460,2026-06-18 14:46:21 UTC,P,,,10/30/2025,,,,,J1772COMBO TESLA,US,,,,Public,,public,,,SHOPPING_CENTER,,,,,,,,,,,,,,,,,FALSE,,,,,,,,LD,FALSE,
ELEC,"Berkeley Heights, NJ - Tesla Supercharger",250 Connell Dr,,Berkeley Heights,NJ,7922,,877-798-3752,E,,Public,24 hours daily. NACS partner enabled.,A D Debit M V,,,,,,12,,Tesla,https://www.tesla.com/supercharger,GPS,40.661988,-74.416948,6/18/2026,440472,2026-06-18 14:46:21 UTC,P,,,11/6/2025,,,,,TESLA,US,,,,Public,,public,,,HOTEL,,,,,,,,,,,,,,,,,FALSE,,,,,,,,LD,FALSE,
ELEC,205 MADISON 1,205 Madison St,,Hoboken,NJ,7030,,888-758-4389,E,,Public,24 hours daily,,,,,,1,,,ChargePoint Network,https://www.chargepoint.com,GPS,40.740462,-74.03859,8/26/2026,440936,2026-08-26 03:05:45 UTC,,,,11/12/2025,,,,,J1772,US,,,,Public,,public,,,,,,,,,,,,,,,,,,,,FALSE,,,,,,,,,FALSE,
ELEC,205 MADISON 4,205 Madison St,,Hoboken,NJ,7030,,888-758-4389,E,,Public,24 hours daily,,,,,,1,,,ChargePoint Network,https://www.chargepoint.com,GPS,40.740456,-74.038453,8/26/2026,440937,2026-08-26 03:05:45 UTC,,,,11/12/2025,,,,,J1772,US,,,,Public,,public,,,,,,,,,,,,,,,,,,,,FALSE,,,,,,,,,FALSE,
ELEC,205 MADISON 2,205 Madison St,,Hoboken,NJ,7030,,888-758-4389,E,,Public,24 hours daily,,,,,,1,,,ChargePoint Network,https://www.chargepoint.com,GPS,40.740473,-74.038503,8/26/2026,440938,2026-08-26 03:05:46 UTC,,,,11/12/2025,,,,,J1772,US,,,,Public,,public,,,,,,,,,,,,,,,,,,,,FALSE,,,,,,,,,FALSE,
ELEC,205 MADISON 3,205 Madison St,,Hoboken,NJ,7030,,888-758-4389,E,,Public,24 hours daily,,,,,,1,,,ChargePoint Network,https://www.chargepoint.com,GPS,40.740474,-74.038539,8/26/2026,440939,2026-08-26 03:05:46 UTC,,,,11/12/2025,,,,,J1772,US,,,,Public,,public,,,,,,,,,,,,,,,,,,,,FALSE,,,,,,,,,FALSE,
ELEC,NERO: EDIS,Main St,,West Orange,NJ,7052,,,E,,Public,Contact station for availability,,,,,4,,,,Non-Networked,,GPS,40.78443,-74.23432,12/12/2025,443000,2026-02-02 23:16:24 UTC,FG,16,Department of the Interior,8/5/2025,,,,,NEMA520,US,,,,Public,,public,,DOI,FED_GOV,,,,,,,,,,,,,,,,,FALSE,,,,,,,,LD,TRUE,
ELEC,WPNSTA EARLE / N69213-BC19-1,Naval Weapons Station Earle,,Earle,NJ,7722,,,P,1/1/2026,PLANNED - not yet accessible (Private - Government only),,,,,,,6,,,Non-Networked,,GPS,40.264938,-74.161365,12/12/2025,443137,2026-02-02 23:16:24 UTC,FG,14,Department of Navy,,,,,,NEMA1450,US,,,,PRÉVU - pas encore accessible (Privé - Réservé au gouvernement),,private,GOVERNMENT,DON,FED_GOV,,,,,,,,,,,,,,,,,,,,,,,,,LD,TRUE,
ELEC,WPNSTA EARLE / N69213-BC2-1,Naval Weapons Station Earle,,Earle,NJ,7722,,,P,1/1/2026,PLANNED - not yet accessible (Private - Government only),,,,,,,6,,,Non-Networked,,GPS,40.264938,-74.161365,12/12/2025,443147,2026-02-02 23:16:24 UTC,FG,14,Department of Navy,,,,,,NEMA1450,US,,,,PRÉVU - pas encore accessible (Privé - Réservé au gouvernement),,private,GOVERNMENT,DON,FED_GOV,,,,,,,,,,,,,,,,,,,,,,,,,LD,TRUE,
ELEC,FAA - William J. Hughes Technical Center (WJHTC),Amelia Earhart Blvd,,Egg Harbor Township,NJ,8234,,,E,,Private - Government only,,,,,,,1,,,Non-Networked,,GPS,39.436813,-74.568857,12/12/2025,443244,2026-02-02 23:16:24 UTC,FG,17,Department of Transportation,8/5/2025,,,,,NEMA1450,US,,,,Privé - Réservé au gouvernement,,private,GOVERNMENT,DOT,FED_GOV,,,,,,,,,,,,,,,,,,,,,,,,,LD,TRUE,
ELEC,FWS: Lenape NWR,32 Pleasant Plains Rd,,Basking Ridge,NJ,7920,,,E,,Public,Contact station for availability,,,,,,1,,,Non-Networked,,GPS,40.718906,-74.525681,12/12/2025,443807,2026-02-02 23:16:24 UTC,FG,16,Department of the Interior,8/5/2025,,,,,NEMA1450,US,,,,Public,,public,,DOI,FED_GOV,,,,,,,,,,,,,,,,,FALSE,,,,,,,,LD,TRUE,
ELEC,KILMER NJ SDC,Kilmer Rd,,Edison,NJ,8899,,,E,,Private - Government only,,,,,,,150,,,Non-Networked,,GPS,40.520551,-74.418794,12/12/2025,443851,2026-02-02 23:16:24 UTC,FG,25,U.S. Postal Service,8/5/2025,,,,,NEMA1450,US,,,,Privé - Réservé au gouvernement,,private,GOVERNMENT,USPS,FED_GOV,,,,,,,,,,,,,,,,,,,,,,,,,LD,TRUE,
ELEC,WPNSTA EARLE / N69213-BC9-1,Naval Weapons Station Earle,,Earle,NJ,7722,,,P,1/1/2026,PLANNED - not yet accessible (Private - Government only),,,,,,,6,,,Non-Networked,,GPS,40.264938,-74.161365,12/12/2025,445341,2026-02-02 23:16:24 UTC,FG,14,Department of Navy,8/5/2025,,,,,NEMA1450,US,,,,PRÉVU - pas encore accessible (Privé - Réservé au gouvernement),,private,GOVERNMENT,DON,FED_GOV,,,,,,,,,,,,,,,,,,,,,,,,,LD,TRUE,
ELEC,Joint Base McGuire-Dix-Lakehurst,3021 McGuire Blvd,,Joint Base MDL,NJ,8641,,,P,1/1/2026,PLANNED - not yet accessible (Private - Government only),,,,,,,8,,,Non-Networked,,GPS,40.037831,-74.588482,12/12/2025,445343,2026-02-02 23:16:24 UTC,FG,5,Department of Air Force,8/5/2025,,,,,NEMA1450,US,,,,PRÉVU - pas encore accessible (Privé - Réservé au gouvernement),,private,GOVERNMENT,DAF,FED_GOV,,,,,,,,,,,,,,,,,,,,,,,,,LD,TRUE,
ELEC,Caven Point Marine Terminal,3 Chapel Ave,,Jersey City,NJ,7305,,,P,1/1/2026,PLANNED - not yet accessible (Private - Government only),,,,,,,8,,,Non-Networked,,GPS,40.684516,-74.070602,12/12/2025,445477,2026-02-02 23:16:24 UTC,FG,2,"Corps of Engineers, Civil Works",8/5/2025,,,,,NEMA1450,US,,,,PRÉVU - pas encore accessible (Privé - Réservé au gouvernement),,private,GOVERNMENT,USACE_CW,FED_GOV,,,,,,,,,,,,,,,,,,,,,,,,,LD,TRUE,
ELEC,Seabreeze Ford,1701 NJ-35,,Wall Township,NJ,7719,,888-357-1009,E,,Public,Mon: 7:00am-7:45pm; Tue: 7:00am-7:45pm; Wed: 7:00am-7:45pm; Thu: 7:00am-7:45pm; Fri: 7:00am-7:45pm; Sat: 7:00am-7:45pm; Sun: 7:00am-7:45pm,A ANDROID_PAY APPLE_PAY CREDIT D Debit M V,,,,,,4,,FORD_CHARGE,https://www.ford.com/support/category/electric-vehicle/charging/public-charging/,GPS,40.171136,-74.04562,8/26/2026,445900,2026-08-26 05:27:43 UTC,,,,11/10/2025,,,,,J1772COMBO,US,,,,Public,,public,,,PUBLIC,,,,,,,,,,,,,,,,,FALSE,,,,,,,,,FALSE,
ELEC,303 MADISON ST ST 1,303 Madison St,,Hoboken,NJ,7030,,888-758-4389,E,,Public,24 hours daily,,,,,,1,,,ChargePoint Network,https://www.chargepoint.com,GPS,40.741626,-74.03821,8/26/2026,445932,2026-08-26 03:05:46 UTC,,,,11/19/2025,,,,,J1772,US,,,,Public,,public,,,,,,,,,,,,,,,,,,,,FALSE,,,,,,,,,FALSE,
ELEC,303 MADISON ST ST 2,303 Madison St,,Hoboken,NJ,7030,,888-758-4389,E,,Public,24 hours daily,,,,,,1,,,ChargePoint Network,https://www.chargepoint.com,GPS,40.741529,-74.03821,8/26/2026,445933,2026-08-26 03:05:46 UTC,,,,11/19/2025,,,,,J1772,US,,,,Public,,public,,,,,,,,,,,,,,,,,,,,FALSE,,,,,,,,,FALSE,
ELEC,303 MADISON ST ST 3,303 Madison St,,Hoboken,NJ,7030,,888-758-4389,E,,Public,24 hours daily,,,,,,1,,,ChargePoint Network,https://www.chargepoint.com,GPS,40.741577,-74.038189,8/26/2026,445934,2026-08-26 03:05:46 UTC,,,,11/19/2025,,,,,J1772,US,,,,Public,,public,,,,,,,,,,,,,,,,,,,,FALSE,,,,,,,,,FALSE,
ELEC,303 MADISON ST ST 4,303 Madison St,,Hoboken,NJ,7030,,888-758-4389,E,,Public,24 hours daily,,,,,,1,,,ChargePoint Network,https://www.chargepoint.com,GPS,40.741512,-74.038199,8/26/2026,445935,2026-08-26 03:05:46 UTC,,,,11/19/2025,,,,,J1772,US,,,,Public,,public,,,,,,,,,,,,,,,,,,,,FALSE,,,,,,,,,FALSE,
ELEC,"Denville, NJ - Tesla Supercharger",171 W Main St,,Denville,NJ,7834,,877-798-3752,E,,Public,24 hours daily. NACS partner enabled.,A D Debit M V,,,,,,8,,Tesla,https://www.tesla.com/supercharger,GPS,40.896217,-74.486518,6/18/2026,446145,2026-06-18 14:46:21 UTC,P,,,11/18/2025,,,,,TESLA,US,,,,Public,,public,,,RESTAURANT,,,,,,,,,,,,,,,,,FALSE,,,,,,,,LD,FALSE,
ELEC,Best Western Plus Newark Airport West,101 International Way,,Newark,NJ,7114,,973-621-6200,E,,Public,24 hours daily; for guest use only,,,,,,2,,,TURNONGREEN,https://turnongreen.com,200-8,40.70461,-74.18564,12/12/2025,446171,2026-02-02 23:16:24 UTC,P,,,10/25/2025,,,,,J1772,US,,,,Public,,public,,,HOTEL,,,,,,,,,,,,,,,,,TRUE,,,,,,,,MD,FALSE,
ELEC,180M 180M # 1,180 Morris Avenue,,Long Branch,NJ,7740,,888-758-4389,E,,Public,24 hours daily,,,,,,1,,,ChargePoint Network,https://www.chargepoint.com,GPS,40.296798,-73.986814,8/26/2026,446219,2026-08-26 03:06:56 UTC,,,,11/21/2025,,,,,J1772,US,,,,Public,,public,,,,,,,,,,,,,,,,,,,,FALSE,,,,,,,,,FALSE,
ELEC,180M 180M # 2,180 Morris Avenue,,Long Branch,NJ,7740,,888-758-4389,E,,Public,24 hours daily,,,,,,1,,,ChargePoint Network,https://www.chargepoint.com,GPS,40.296787,-73.986916,8/26/2026,446220,2026-08-26 03:06:56 UTC,,,,11/21/2025,,,,,J1772,US,,,,Public,,public,,,,,,,,,,,,,,,,,,,,FALSE,,,,,,,,,FALSE,
ELEC,180M 180M # 3,180 Morris Avenue,,Long Branch,NJ,7740,,888-758-4389,E,,Public,24 hours daily,,,,,,1,,,ChargePoint Network,https://www.chargepoint.com,GPS,40.29705,-73.986788,8/26/2026,446221,2026-08-26 03:06:57 UTC,,,,11/21/2025,,,,,J1772,US,,,,Public,,public,,,,,,,,,,,,,,,,,,,,FALSE,,,,,,,,,FALSE,
ELEC,180M 180M # 4,180 Morris Avenue,,Long Branch,NJ,7740,,888-758-4389,E,,Public,24 hours daily,,,,,,1,,,ChargePoint Network,https://www.chargepoint.com,GPS,40.297116,-73.986813,8/26/2026,446222,2026-08-26 03:06:57 UTC,,,,11/21/2025,,,,,J1772,US,,,,Public,,public,,,,,,,,,,,,,,,,,,,,FALSE,,,,,,,,,FALSE,
ELEC,TOUCH DYNAMIC CHARGER 1 RIGHT,121 Corporate Boulevard,Charger 1 right port,South Plainfield,NJ,7080,,888-758-4389,E,,Public,24 hours daily,,,,,,1,,,ChargePoint Network,https://www.chargepoint.com,GPS,40.545724,-74.418176,8/26/2026,446260,2026-08-26 02:59:42 UTC,,,,11/22/2025,,,,,J1772,US,,,,Public,,public,,,,,,,,,,,,,,,,,,,,FALSE,,,,,,,,,FALSE,
ELEC,TOUCH DYNAMIC CHARGER 2 RIGHT,121 Corporate Boulevard,Charger 2 right port,South Plainfield,NJ,7080,,888-758-4389,E,,Public,24 hours daily,,,,,,1,,,ChargePoint Network,https://www.chargepoint.com,GPS,40.545738,-74.418155,8/26/2026,446261,2026-08-26 02:59:44 UTC,,,,11/22/2025,,,,,J1772,US,,,,Public,,public,,,,,,,,,,,,,,,,,,,,FALSE,,,,,,,,,FALSE,
ELEC,EQUINIX1 EQUINIX 1,5851 West Side Ave,Parking Lot,North Bergen,NJ,7047,,888-758-4389,E,,Public,24 hours daily,,,,,,1,,,ChargePoint Network,https://www.chargepoint.com,GPS,40.797102,-74.031049,8/26/2026,446263,2026-08-26 03:04:20 UTC,,,,11/22/2025,,,,,J1772,US,,,,Public,,public,,,,,,,,,,,,,,,,,,,,FALSE,,,,,,,,,FALSE,
ELEC,Sportsplex at Metuchen,215 Durham Ave,In the mulch bed to the left of the front doors facing the building.,Metuchen,NJ,8840,,833-611-5965,E,,Public,24 hours daily,,,,,,2,,,VIALYNK,https://www.lynkwell.com,GPS,40.54104,-74.37037,8/26/2026,446480,2026-08-26 04:48:09 UTC,,,,11/26/2025,,,,,J1772,US,,,,Public,,public,,,,,,,,,,,,,,,,,,,,FALSE,,,,,,,,,FALSE,
ELEC,AAF AAF POINT LEFT,3306 Bridge Ave,FRONT PARKING LOT LEFT CHARGER,Point Pleasant,NJ,8742,,888-758-4389,E,,Public,24 hours daily,,,,,,,1,,ChargePoint Network,https://www.chargepoint.com,GPS,40.081095,-74.088717,8/26/2026,446557,2026-08-26 03:07:22 UTC,,,,11/27/2025,,,,,CHADEMO J1772COMBO,US,,,,Public,,public,,,,,,,,,,,,,,,,,,,,FALSE,,,,,,,,,FALSE,
ELEC,AAF AAF POINT RIGHT,3306 Bridge Ave,FRONT PARKING LOT RIGHT CHARGER,Point Pleasant,NJ,8742,,888-758-4389,E,,Public,24 hours daily,,,,,,,1,,ChargePoint Network,https://www.chargepoint.com,GPS,40.081078,-74.08871,8/26/2026,446558,2026-08-26 03:07:22 UTC,,,,11/27/2025,,,,,CHADEMO J1772COMBO,US,,,,Public,,public,,,,,,,,,,,,,,,,,,,,FALSE,,,,,,,,,FALSE,
ELEC,STAFFORD OCEAN LIB ST5,179 South Main Street,,Stafford Township,NJ,8092,,888-758-4389,E,,Public,24 hours daily,,,,,,1,,,ChargePoint Network,https://www.chargepoint.com,GPS,39.691406,-74.261645,8/26/2026,446674,2026-08-26 03:07:21 UTC,,,,12/2/2025,,,,,J1772,US,,,,Public,,public,,,,,,,,,,,,,,,,,,,,FALSE,,,,,,,,,FALSE,
ELEC,STAFFORD OCEAN LIB ST4,179 South Main Street,,Stafford Township,NJ,8092,,888-758-4389,E,,Public,24 hours daily,,,,,,1,,,ChargePoint Network,https://www.chargepoint.com,GPS,39.691371,-74.261667,8/26/2026,446675,2026-08-26 03:07:21 UTC,,,,12/2/2025,,,,,J1772,US,,,,Public,,public,,,,,,,,,,,,,,,,,,,,FALSE,,,,,,,,,FALSE,
ELEC,STAFFORD OCEAN LIB ST3,179 South Main Street,,Stafford Township,NJ,8092,,888-758-4389,E,,Public,24 hours daily,,,,,,1,,,ChargePoint Network,https://www.chargepoint.com,GPS,39.69134,-74.261686,8/26/2026,446676,2026-08-26 03:07:21 UTC,,,,12/2/2025,,,,,J1772,US,,,,Public,,public,,,,,,,,,,,,,,,,,,,,FALSE,,,,,,,,,FALSE,
ELEC,STAFFORD OCEAN LIB ST2,179 South Main Street,,Stafford Township,NJ,8092,,888-758-4389,E,,Public,24 hours daily,,,,,,1,,,ChargePoint Network,https://www.chargepoint.com,GPS,39.691318,-74.261715,8/26/2026,446677,2026-08-26 03:07:23 UTC,,,,12/2/2025,,,,,J1772,US,,,,Public,,public,,,,,,,,,,,,,,,,,,,,FALSE,,,,,,,,,FALSE,
ELEC,STAFFORD OCEAN LIB ST1,179 South Main Street,,Stafford Township,NJ,8092,,888-758-4389,E,,Public,24 hours daily,,,,,,1,,,ChargePoint Network,https://www.chargepoint.com,GPS,39.691384,-74.261672,8/26/2026,446678,2026-08-26 03:07:23 UTC,,,,12/2/2025,,,,,J1772,US,,,,Public,,public,,,,,,,,,,,,,,,,,,,,FALSE,,,,,,,,,FALSE,
ELEC,FANWOODPAHRMACY CHARGEPOINT,45 S Martine Ave,Parking Lot,Fanwood,NJ,7023,,888-758-4389,E,,Public,24 hours daily,,,,,,1,,,ChargePoint Network,https://www.chargepoint.com,GPS,40.640237,-74.382596,8/26/2026,447057,2026-08-26 02:37:02 UTC,,,,12/8/2025,,,,,J1772,US,,,,Public,,public,,,,,,,,,,,,,,,,,,,,FALSE,,,,,,,,,FALSE,
ELEC,General Saloon,1194 Englishtown Rd,,Old Bridge,NJ,8857,,833-611-5965,E,,Public,24 hours daily,,,,,,4,,,VIALYNK,https://www.lynkwell.com,GPS,40.39929,-74.35999,8/26/2026,447279,2026-08-26 04:48:10 UTC,,,,12/11/2025,,,,,J1772,US,,,,Public,,public,,,,,,,,,,,,,,,,,,,,FALSE,,,,,,,,,FALSE,
ELEC,"Urban Edge Town Brook Commons (Middletown, NJ)",754 NJ-35,,Middletown Township,NJ,7748,,833-632-2778,E,,Public,24 hours daily,,,,,,,6,,Electrify America,https://www.electrifyamerica.com,GPS,40.38841,-74.09761,8/26/2026,447431,2026-08-26 03:41:05 UTC,,,,12/13/2025,,,,,J1772COMBO,US,,,,Public,,public,,,,,,,,,,,,,,,,,,,,FALSE,,,,,,,,,FALSE,
ELEC,"8 Wood Hollow Rd, Parsippany, NJ 07054",8 Wood Hollow Road,,Parsippany-Troy Hills,NJ,7054,,888-356-8911,E,,Public,24 hours daily,,,,,,7,,,FLO,https://www.flo.com,GPS,40.8620251,-74.4150529,8/26/2026,447435,2026-08-26 04:16:01 UTC,,,,12/13/2025,,,,,J1772,US,,,,Public,,public,,,,,,,,,,,,,,,,,,,,FALSE,,,,,,,,,FALSE,
ELEC,Cubesmart Roseland,465 Eagle Rock Avenue,,Roseland,NJ,7068,,888-998-2546,E,,Public,24 hours daily,,,,,,2,,,Blink Network,https://blinkcharging.com,GPS,40.81803754,-74.32143387,8/26/2026,447776,2026-08-26 00:29:07 UTC,,,,12/17/2024,,,,,J1772,US,,,,Public,,public,,,,,,,,,,,,,,,,,,,,FALSE,,,,,,,,,FALSE,
ELEC,WOODBRIDGE TWP DCFC ISELIN (2),275 NJ-27,,Woodbridge Township,NJ,8830,,888-758-4389,E,,Public,24 hours daily,,,,,,,1,,ChargePoint Network,https://www.chargepoint.com,GPS,40.572367,-74.32356,8/26/2026,447800,2026-08-26 03:08:21 UTC,,,,12/16/2025,,,,,CHADEMO J1772COMBO,US,,,,Public,,public,,,,,,,,,,,,,,,,,,,,FALSE,,,,,,,,,FALSE,
ELEC,WOODBRIDGE TWP DCFC ISELIN (1),275 NJ-27,,Woodbridge Township,NJ,8830,,888-758-4389,E,,Public,24 hours daily,,,,,,,1,,ChargePoint Network,https://www.chargepoint.com,GPS,40.57235,-74.323485,8/26/2026,447801,2026-08-26 03:08:21 UTC,,,,12/16/2025,,,,,CHADEMO J1772COMBO,US,,,,Public,,public,,,,,,,,,,,,,,,,,,,,FALSE,,,,,,,,,FALSE,
ELEC,EV STATION # JCC EV STATIONS,1775 Oak Tree Road,,Edison,NJ,8820,,888-758-4389,E,,Public,24 hours daily,,,,,,1,,,ChargePoint Network,https://www.chargepoint.com,GPS,40.571877,-74.349213,8/26/2026,447835,2026-08-26 03:08:09 UTC,,,,12/17/2025,,,,,J1772,US,,,,Public,,public,,,,,,,,,,,,,,,,,,,,FALSE,,,,,,,,,FALSE,
ELEC,EV STATION # JCC STATION 2,1775 Oak Tree Road,,Edison,NJ,8820,,888-758-4389,E,,Public,24 hours daily,,,,,,1,,,ChargePoint Network,https://www.chargepoint.com,GPS,40.57184,-74.349381,8/26/2026,447836,2026-08-26 03:08:09 UTC,,,,12/17/2025,,,,,J1772,US,,,,Public,,public,,,,,,,,,,,,,,,,,,,,FALSE,,,,,,,,,FALSE,
ELEC,EV STATION # JCC 7,1775 Oak Tree Road,,Edison,NJ,8820,,888-758-4389,E,,Public,24 hours daily,,,,,,1,,,ChargePoint Network,https://www.chargepoint.com,GPS,40.571881,-74.349222,8/26/2026,447837,2026-08-26 03:08:09 UTC,,,,12/17/2025,,,,,J1772,US,,,,Public,,public,,,,,,,,,,,,,,,,,,,,FALSE,,,,,,,,,FALSE,
ELEC,EV STATION # JCC 5,1775 Oak Tree Road,,Edison,NJ,8820,,888-758-4389,E,,Public,24 hours daily,,,,,,1,,,ChargePoint Network,https://www.chargepoint.com,GPS,40.571886,-74.349309,8/26/2026,447838,2026-08-26 03:08:09 UTC,,,,12/17/2025,,,,,J1772,US,,,,Public,,public,,,,,,,,,,,,,,,,,,,,FALSE,,,,,,,,,FALSE,
ELEC,EV STATION # JCC STATION 3,1775 Oak Tree Road,,Edison,NJ,8820,,888-758-4389,E,,Public,24 hours daily,,,,,,1,,,ChargePoint Network,https://www.chargepoint.com,GPS,40.571873,-74.349188,8/26/2026,447839,2026-08-26 03:08:09 UTC,,,,12/17/2025,,,,,J1772,US,,,,Public,,public,,,,,,,,,,,,,,,,,,,,FALSE,,,,,,,,,FALSE,
ELEC,EV STATION # JCC STATION 4,1775 Oak Tree Road,,Edison,NJ,8820,,888-758-4389,E,,Public,24 hours daily,,,,,,1,,,ChargePoint Network,https://www.chargepoint.com,GPS,40.571865,-74.349187,8/26/2026,447840,2026-08-26 03:08:10 UTC,,,,12/17/2025,,,,,J1772,US,,,,Public,,public,,,,,,,,,,,,,,,,,,,,FALSE,,,,,,,,,FALSE,
ELEC,EV STATION # JCC 6,1775 Oak Tree Road,,Edison,NJ,8820,,888-758-4389,E,,Public,24 hours daily,,,,,,1,,,ChargePoint Network,https://www.chargepoint.com,GPS,40.571829,-74.34935,8/26/2026,447841,2026-08-26 03:08:10 UTC,,,,12/17/2025,,,,,J1772,US,,,,Public,,public,,,,,,,,,,,,,,,,,,,,FALSE,,,,,,,,,FALSE,
ELEC,EV STATION # JCC 8,1775 Oak Tree Road,,Edison,NJ,8820,,888-758-4389,E,,Public,24 hours daily,,,,,,1,,,ChargePoint Network,https://www.chargepoint.com,GPS,40.571856,-74.349308,8/26/2026,447842,2026-08-26 03:08:10 UTC,,,,12/17/2025,,,,,J1772,US,,,,Public,,public,,,,,,,,,,,,,,,,,,,,FALSE,,,,,,,,,FALSE,
ELEC,EV STATION # JCC 9,1775 Oak Tree Road,,Edison,NJ,8820,,888-758-4389,E,,Public,24 hours daily,,,,,,1,,,ChargePoint Network,https://www.chargepoint.com,GPS,40.571781,-74.349312,8/26/2026,447843,2026-08-26 03:08:10 UTC,,,,12/17/2025,,,,,J1772,US,,,,Public,,public,,,,,,,,,,,,,,,,,,,,FALSE,,,,,,,,,FALSE,
ELEC,EV STATION # JCC 10,1775 Oak Tree Road,,Edison,NJ,8820,,888-758-4389,E,,Public,24 hours daily,,,,,,1,,,ChargePoint Network,https://www.chargepoint.com,GPS,40.571882,-74.349175,8/26/2026,447844,2026-08-26 03:08:10 UTC,,,,12/17/2025,,,,,J1772,US,,,,Public,,public,,,,,,,,,,,,,,,,,,,,FALSE,,,,,,,,,FALSE,
ELEC,"Target T2853 (North Brunswick, NJ)",101 Grand Ave,,North Brunswick Township,NJ,8902,,833-632-2778,E,,Public,24 hours daily,,,,,,,10,,Electrify America,https://www.electrifyamerica.com,GPS,40.43678,-74.50423,8/26/2026,448009,2026-08-26 03:42:06 UTC,,,,12/19/2025,,,,,J1772COMBO,US,,,,Public,,public,,,,,,,,,,,,,,,,,,,,FALSE,,,,,,,,,FALSE,
ELEC,Lilliston Ford,833 N Delsea Dr,,Vineland,NJ,8360,,888-357-1009,E,,Public,24 hours daily,,,,,,,4,,FORD_CHARGE,https://www.ford.com/support/category/electric-vehicle/charging/public-charging/,GPS,39.499395,-75.041262,8/26/2026,448216,2026-08-26 05:27:46 UTC,,,,12/22/2025,,,,,J1772COMBO,US,,,,Public,,public,,,PUBLIC,,,,,,,,,,,,,,,,,FALSE,,,,,,,,,FALSE,
ELEC,Cedar Manor - 100 Juniper,100 Juniper Court,,Franklin Township,NJ,8873,,888-356-8911,E,,Public,24 hours daily,,,,,,2,,,FLO,https://www.flo.com,GPS,40.5264821,-74.5184252,8/26/2026,448291,2026-08-26 04:16:03 UTC,,,,12/24/2025,,,,,J1772,US,,,,Public,,public,,,,,,,,,,,,,,,,,,,,FALSE,,,,,,,,,FALSE,
ELEC,LAWRENCE TWP CENTRAL PARK ST,124 Eggerts Crossing Road,,Lawrence Township,NJ,8648,,888-758-4389,E,,Public,24 hours daily,,,,,,2,,,ChargePoint Network,https://www.chargepoint.com,GPS,40.273559,-74.743311,8/26/2026,448351,2026-08-26 03:08:48 UTC,,,,12/27/2025,,,,,J1772,US,,,,Public,,public,,,,,,,,,,,,,,,,,,,,FALSE,,,,,,,,,FALSE,
ELEC,Madison Mall Apartments,296 Main Street,,Madison,NJ,7940,,833-611-5965,E,,Public,24 hours daily,,,,,,14,,,VIALYNK,https://www.lynkwell.com,GPS,40.75106,-74.40027,8/26/2026,448400,2026-08-26 04:48:13 UTC,,,,12/30/2025,,,,,J1772,US,,,,Public,,public,,,,,,,,,,,,,,,,,,,,FALSE,,,,,,,,,FALSE,
ELEC,485 Locust,485 Locust St,,Lakewood,NJ,8701,,949-945-2000,T,8/21/2026,TEMPORARILY UNAVAILABLE (Public),24 hours daily,,,,,,10,,,EVGATEWAY,https://evgateway.com,GPS,40.0469212,-74.2009675,8/26/2026,448402,2026-08-26 04:57:22 UTC,,,,12/30/2025,,,,,J1772,US,,,,TEMPORAIREMENT SUSPENDU (Public),,public,,,,,,,,,,,,,,,,,,,,FALSE,,,,,,,,,FALSE,
ELEC,437 Elmora,437 Elmora Ave,,Elizabeth,NJ,7208,,917-274-7217,E,,Public,24 hours daily,,,,,,4,,,EVIUM,https://www.eviumcharging.com,GPS,40.669898,-74.2309971,8/26/2026,448403,2026-08-26 04:57:27 UTC,,,,12/30/2025,,,,,J1772,US,,,,Public,,public,,,,,,,,,,,,,,,,,,,,FALSE,,,,,,,,,FALSE,
ELEC,DOUGLAS VW LEVEL 3 STATION,485 Morris Ave,,Summit,NJ,7901,,888-758-4389,E,,Public,24 hours daily,,,,,,,1,,ChargePoint Network,https://www.chargepoint.com,GPS,40.724899,-74.370822,8/26/2026,448484,2026-08-26 03:08:00 UTC,,,,1/1/2026,,,,,CHADEMO J1772COMBO,US,,,,Public,,public,,,,,,,,,,,,,,,,,,,,FALSE,,,,,,,,,FALSE,
ELEC,LAWRENCE TWP TOWN HALL PS2,2207 Lawrenceville Road,,Lawrence Township,NJ,8648,,888-758-4389,E,,Public,24 hours daily,,,,,,2,,,ChargePoint Network,https://www.chargepoint.com,GPS,40.283194,-74.733307,8/26/2026,448502,2026-08-26 03:08:51 UTC,,,,1/1/2026,,,,,J1772,US,,,,Public,,public,,,,,,,,,,,,,,,,,,,,FALSE,,,,,,,,,FALSE,
ELEC,Comfort Inn,50 NJ 17,,Paramus,NJ,7652,,201-843-5400,E,,Public,24 hours daily,A ACCOUNT_BALANCE ANDROID_PAY APPLE_PAY CREDIT M V,,,,,4,,,NAYAX_ENERGY,https://www.nayax.com/solution/nayax-energy-core,GPS,40.9237299,-74.0705173,1/13/2026,448696,2026-02-02 23:16:24 UTC,P,,,11/1/2025,,,,,J1772,US,,,,Public,,public,,,HOTEL,,,,,,,$0.40 per kWh +$0.25 connection,,,,,,,,,,FALSE,,,,,,,,MD,FALSE,
ELEC,Bridgewalk 3-5,925 U.S. 202,,Raritan,NJ,8869,,888-356-8911,E,,Public,24 hours daily,,,,,,4,,,FLO,https://www.flo.com,GPS,40.5736955,-74.6444663,8/26/2026,448740,2026-08-26 04:16:04 UTC,,,,1/3/2026,,,,,J1772,US,,,,Public,,public,,,,,,,,,,,,,,,,,,,,FALSE,,,,,,,,,FALSE,
ELEC,Newark Airport Cell Phone Lot (Zapp),3 Brewster Rd,,Newark,NJ,7114,,862-799-3700,E,,Public,24 hours daily,A D Debit M V,,,,,,8,,Non-Networked,,GPS,40.695529,-74.184018,1/13/2026,448764,2026-02-02 23:16:24 UTC,P,,,12/31/2025,,,,,J1772COMBO,US,,,,Public,,public,,,AIRPORT,,,,,,,$1.50 per kWh,,,,,,,,,,FALSE,,,,,,,,LD,FALSE,
ELEC,"Wakefern Shoprite 160 (Paramus, NJ)",224 Rte 4,,Paramus,NJ,7652,,833-632-2778,E,,Public,24 hours daily,,,,,,,6,,Electrify America,https://www.electrifyamerica.com,GPS,40.91528,-74.0535,8/26/2026,449278,2026-08-26 03:40:38 UTC,,,,1/10/2026,,,,,J1772COMBO,US,,,,Public,,public,,,,,,,,,,,,,,,,,,,,FALSE,,,,,,,,,FALSE,
ELEC,"Freehold Township, NJ Rechargery @ Wawa - Monmouth Rd",275 Monmouth Rd,,Freehold Township,NJ,7728,,833-466-2474,E,,Public,24 hours daily,,,,,,,8,,IONNA,https://www.ionna.com,GPS,40.208184,-74.353138,8/26/2026,449294,2026-08-26 05:15:48 UTC,,,,1/11/2026,,,,,J1772COMBO TESLA,US,,,,Public,,public,,,,,,,,,,,,,,,,,,,,FALSE,,,,,,,,,FALSE,
ELEC,FAIRVIEW 02,Montgomery St at Warren St,Garage,Jersey City,NJ,7302,,888-758-4389,E,,Public,24 hours daily,,,,,,1,,,ChargePoint Network,https://www.chargepoint.com,GPS,40.717076,-74.039185,8/26/2026,449523,2026-08-26 03:05:45 UTC,,,,1/15/2026,,,,,J1772,US,,,,Public,,public,,,,,,,,,,,,,,,,,,,,FALSE,,,,,,,,,FALSE,
ELEC,FAIRVIEW 01,106-108 Montgomery Street,Garage,Bloomfield,NJ,7003,,888-758-4389,E,,Public,24 hours daily,,,,,,1,,,ChargePoint Network,https://www.chargepoint.com,GPS,40.792571,-74.184894,8/26/2026,449569,2026-08-26 03:10:03 UTC,,,,1/15/2026,,,,,J1772,US,,,,Public,,public,,,,,,,,,,,,,,,,,,,,FALSE,,,,,,,,,FALSE,
ELEC,FAIRVIEW 03,106-108 Montgomery Street,Garage,Bloomfield,NJ,7003,,888-758-4389,E,,Public,24 hours daily,,,,,,1,,,ChargePoint Network,https://www.chargepoint.com,GPS,40.792837,-74.184875,8/26/2026,449571,2026-08-26 03:10:03 UTC,,,,1/15/2026,,,,,J1772,US,,,,Public,,public,,,,,,,,,,,,,,,,,,,,FALSE,,,,,,,,,FALSE,
ELEC,FAIRVIEW 04,106-108 Montgomery Street,Garage,Bloomfield,NJ,7003,,888-758-4389,E,,Public,24 hours daily,,,,,,1,,,ChargePoint Network,https://www.chargepoint.com,GPS,40.79284,-74.184688,8/26/2026,449572,2026-08-26 03:10:03 UTC,,,,1/15/2026,,,,,J1772,US,,,,Public,,public,,,,,,,,,,,,,,,,,,,,FALSE,,,,,,,,,FALSE,
ELEC,600-700 Lindner,600 Lindner Court,,Raritan,NJ,8869,,888-356-8911,E,,Public,24 hours daily,,,,,,4,,,FLO,https://www.flo.com,GPS,40.5714891,-74.6459847,8/26/2026,449655,2026-08-26 04:16:06 UTC,,,,1/16/2026,,,,,J1772,US,,,,Public,,public,,,,,,,,,,,,,,,,,,,,FALSE,,,,,,,,,FALSE,
ELEC,800 Veterans,800 Veterans Memorial Drive,,Raritan,NJ,8869,,888-356-8911,E,,Public,24 hours daily,,,,,,2,,,FLO,https://www.flo.com,GPS,40.5713346,-74.6449232,8/26/2026,449656,2026-08-26 04:16:06 UTC,,,,1/16/2026,,,,,J1772,US,,,,Public,,public,,,,,,,,,,,,,,,,,,,,FALSE,,,,,,,,,FALSE,
ELEC,Green Hill Manor 3-6,200 Green Hill Manor Drive,,Franklin Township,NJ,8823,,888-356-8911,E,,Public,24 hours daily,,,,,,2,,,FLO,https://www.flo.com,GPS,40.4266146,-74.5671816,8/26/2026,449726,2026-08-26 04:16:07 UTC,,,,1/17/2026,,,,,J1772,US,,,,Public,,public,,,,,,,,,,,,,,,,,,,,FALSE,,,,,,,,,FALSE,
ELEC,1200 GHM dr,1200 Green Hill Manor Drive,,Franklin Township,NJ,8823,,888-356-8911,E,,Public,24 hours daily,,,,,,2,,,FLO,https://www.flo.com,GPS,40.4270183,-74.5662539,8/26/2026,449727,2026-08-26 04:16:07 UTC,,,,1/17/2026,,,,,J1772,US,,,,Public,,public,,,,,,,,,,,,,,,,,,,,FALSE,,,,,,,,,FALSE,
ELEC,4000 Nicole,4000 Nicole Drive,,Branchburg,NJ,8876,,888-356-8911,E,,Public,24 hours daily,,,,,,4,,,FLO,https://www.flo.com,GPS,40.6046054,-74.6998638,8/26/2026,449728,2026-08-26 04:16:07 UTC,,,,1/17/2026,,,,,J1772,US,,,,Public,,public,,,,,,,,,,,,,,,,,,,,FALSE,,,,,,,,,FALSE,
ELEC,100 Nicole,3301 U.S. 22,,Branchburg,NJ,8876,,888-356-8911,E,,Public,24 hours daily,,,,,,4,,,FLO,https://www.flo.com,GPS,40.6048285,-74.7002932,8/26/2026,449729,2026-08-26 04:16:07 UTC,,,,1/17/2026,,,,,J1772,US,,,,Public,,public,,,,,,,,,,,,,,,,,,,,FALSE,,,,,,,,,FALSE,
ELEC,8000 Jessica,Jessica Court,,Branchburg,NJ,8876,,888-356-8911,E,,Public,24 hours daily,,,,,,4,,,FLO,https://www.flo.com,GPS,40.6041318,-74.6985968,8/26/2026,449730,2026-08-26 04:16:07 UTC,,,,1/17/2026,,,,,J1772,US,,,,Public,,public,,,,,,,,,,,,,,,,,,,,FALSE,,,,,,,,,FALSE,
ELEC,OCEAN ISLE EV EV4,75 Forest Park  Drive Waretown,Handicap Spot,Ocean Township,NJ,8758,,888-758-4389,E,,Public,24 hours daily,,,,,,1,,,ChargePoint Network,https://www.chargepoint.com,GPS,39.778795,-74.203604,8/26/2026,449746,2026-08-26 03:07:48 UTC,,,,1/20/2026,,,,,J1772,US,,,,Public,,public,,,,,,,,,,,,,,,,,,,,FALSE,,,,,,,,,FALSE,
ELEC,OCEAN ISLE EV EV1,75 Forest Park Drive  Waretown,Parking Spot 1,Ocean Township,NJ,8758,,888-758-4389,E,,Public,24 hours daily,,,,,,1,,,ChargePoint Network,https://www.chargepoint.com,GPS,39.778776,-74.203723,8/26/2026,449747,2026-08-26 03:07:49 UTC,,,,1/20/2026,,,,,J1772,US,,,,Public,,public,,,,,,,,,,,,,,,,,,,,FALSE,,,,,,,,,FALSE,
ELEC,OCEAN ISLE EV EV3,75 Forest Park Drive Waretown,Parking Spot 3,Ocean Township,NJ,8758,,888-758-4389,E,,Public,24 hours daily,,,,,,2,,,ChargePoint Network,https://www.chargepoint.com,GPS,39.77876,-74.203577,8/26/2026,449748,2026-08-26 03:07:49 UTC,,,,1/20/2026,,,,,J1772,US,,,,Public,,public,,,,,,,,,,,,,,,,,,,,FALSE,,,,,,,,,FALSE,
ELEC,OCEAN ISLE EV EV2,75 Forest Park Drive Waretown,Parking Spot 2,Ocean Township,NJ,8758,,888-758-4389,E,,Public,24 hours daily,,,,,,2,,,ChargePoint Network,https://www.chargepoint.com,GPS,39.778806,-74.203681,8/26/2026,449749,2026-08-26 03:07:49 UTC,,,,1/20/2026,,,,,J1772,US,,,,Public,,public,,,,,,,,,,,,,,,,,,,,FALSE,,,,,,,,,FALSE,
ELEC,700 GHM dr,700 Green Hill Manor Drive,,Franklin Township,NJ,8823,,888-356-8911,E,,Public,24 hours daily,,,,,,2,,,FLO,https://www.flo.com,GPS,40.4278287,-74.5673606,8/26/2026,449775,2026-08-26 04:16:08 UTC,,,,1/20/2026,,,,,J1772,US,,,,Public,,public,,,,,,,,,,,,,,,,,,,,FALSE,,,,,,,,,FALSE,
ELEC,Smithville Square,45 S New York Rd,,Galloway,NJ,8205,,917-274-7217,T,8/2/2026,TEMPORARILY UNAVAILABLE (Public),24 hours daily,,,,,,10,2,,EVIUM,https://www.eviumcharging.com,GPS,39.4882476,-74.4646366,8/26/2026,449835,2026-08-26 04:56:48 UTC,,,,1/21/2026,,,,,J1772 J1772COMBO,US,,,,TEMPORAIREMENT SUSPENDU (Public),,public,,,,,,,,,,,,,,,,,,,,FALSE,,,,,,,,,FALSE,
ELEC,ROWAN UNIV VET SCHOOL ST1,Gilbreth Parkway,,Mantua Township,NJ,8071,,888-758-4389,E,,Public,24 hours daily,,,,,,2,,,ChargePoint Network,https://www.chargepoint.com,GPS,39.720712,-75.150907,8/26/2026,449999,2026-08-26 03:10:27 UTC,,,,1/23/2026,,,,,J1772,US,,,,Public,,public,,,,,,,,,,,,,,,,,,,,FALSE,,,,,,,,,FALSE,
ELEC,ROWAN UNIV VET SCHOOL ST2,Gilbreth Parkway,,Mantua Township,NJ,8071,,888-758-4389,E,,Public,24 hours daily,,,,,,2,,,ChargePoint Network,https://www.chargepoint.com,GPS,39.720737,-75.150966,8/26/2026,450000,2026-08-26 03:10:27 UTC,,,,1/23/2026,,,,,J1772,US,,,,Public,,public,,,,,,,,,,,,,,,,,,,,FALSE,,,,,,,,,FALSE,
ELEC,ROWAN UNIV VET SCHOOL ST3,Gilbreth Parkway,,Mantua Township,NJ,8071,,888-758-4389,E,,Public,24 hours daily,,,,,,2,,,ChargePoint Network,https://www.chargepoint.com,GPS,39.720753,-75.150988,8/26/2026,450001,2026-08-26 03:10:27 UTC,,,,1/23/2026,,,,,J1772,US,,,,Public,,public,,,,,,,,,,,,,,,,,,,,FALSE,,,,,,,,,FALSE,
ELEC,ROWAN UNIV VET SCHOOL ST4,Gilbreth Parkway,,Mantua Township,NJ,8071,,888-758-4389,E,,Public,24 hours daily,,,,,,2,,,ChargePoint Network,https://www.chargepoint.com,GPS,39.720788,-75.151053,8/26/2026,450002,2026-08-26 03:10:27 UTC,,,,1/23/2026,,,,,J1772,US,,,,Public,,public,,,,,,,,,,,,,,,,,,,,FALSE,,,,,,,,,FALSE,
ELEC,ROWAN UNIV VET SCHOOL ST5,Gilbreth Parkway,,Mantua Township,NJ,8071,,888-758-4389,E,,Public,24 hours daily,,,,,,2,,,ChargePoint Network,https://www.chargepoint.com,GPS,39.72084,-75.151139,8/26/2026,450003,2026-08-26 03:10:27 UTC,,,,1/23/2026,,,,,J1772,US,,,,Public,,public,,,,,,,,,,,,,,,,,,,,FALSE,,,,,,,,,FALSE,
ELEC,1400 Van Wickle dr,1400 Van Wickle Drive,,Franklin Township,NJ,8823,,888-356-8911,E,,Public,24 hours daily,,,,,,2,,,FLO,https://www.flo.com,GPS,40.4289582,-74.5663561,8/26/2026,450016,2026-08-26 04:16:08 UTC,,,,1/23/2026,,,,,J1772,US,,,,Public,,public,,,,,,,,,,,,,,,,,,,,FALSE,,,,,,,,,FALSE,
ELEC,Montclair Town Hall,205 Claremont Ave,,Montclair,NJ,7042,,833-611-5965,P,1/24/2026,PLANNED - not yet accessible (Public),24 hours daily,,,,,,4,,,VIALYNK,https://www.lynkwell.com,GPS,40.81758,-74.21546,8/26/2026,450093,2026-08-26 04:48:15 UTC,,,,1/24/2026,,,,,J1772,US,,,,PRÉVU - pas encore accessible (Public),,public,,,,,,,,,,,,,,,,,,,,FALSE,,,,,,,,,FALSE,
ELEC,Montclair Orange St Lot,320 Orange Rd W,,Montclair,NJ,7042,,833-611-5965,P,1/24/2026,PLANNED - not yet accessible (Public),24 hours daily,,,,,,4,,,VIALYNK,https://www.lynkwell.com,GPS,40.7974,-74.21962,8/26/2026,450094,2026-08-26 04:48:15 UTC,,,,1/24/2026,,,,,J1772,US,,,,PRÉVU - pas encore accessible (Public),,public,,,,,,,,,,,,,,,,,,,,FALSE,,,,,,,,,FALSE,
ELEC,PANYNJ PN WC TRUCK 2,272 Marlin St,,Newark,NJ,7114,,888-758-4389,E,,Public,24 hours daily,,,,,,,1,,ChargePoint Network,https://www.chargepoint.com,GPS,40.700671,-74.145702,8/26/2026,450178,2026-08-26 02:50:08 UTC,,,,1/28/2026,,,,,CHADEMO J1772COMBO,US,,,,Public,,public,,,,,,,,,,,,,,,,,,,,FALSE,,,,,,,,,FALSE,
ELEC,PANYNJ PN WC TRUCK 3,272 Marlin Street,Port Newark Welcome Center,Newark,NJ,7114,,888-758-4389,E,,Public,24 hours daily,,,,,,,1,,ChargePoint Network,https://www.chargepoint.com,GPS,40.701088,-74.146242,8/26/2026,450179,2026-08-26 02:50:08 UTC,,,,1/28/2026,,,,,CHADEMO J1772COMBO,US,,,,Public,,public,,,,,,,,,,,,,,,,,,,,FALSE,,,,,,,,,FALSE,
ELEC,PANYNJ PN WC TRUCK 4,272 Marlin Street,Port Newark Welcome Center,Newark,NJ,7114,,888-758-4389,E,,Public,24 hours daily,,,,,,,1,,ChargePoint Network,https://www.chargepoint.com,GPS,40.701426,-74.14659,8/26/2026,450180,2026-08-26 02:50:08 UTC,,,,1/28/2026,,,,,CHADEMO J1772COMBO,US,,,,Public,,public,,,,,,,,,,,,,,,,,,,,FALSE,,,,,,,,,FALSE,
ELEC,PANYNJ PN WC TRUCK 1,272 Marlin Street,,Newark,NJ,7114,,888-758-4389,E,,Public,24 hours daily,,,,,,,1,,ChargePoint Network,https://www.chargepoint.com,GPS,40.701525,-74.146265,8/26/2026,450181,2026-08-26 02:50:37 UTC,,,,1/28/2026,,,,,CHADEMO J1772COMBO,US,,,,Public,,public,,,,,,,,,,,,,,,,,,,,FALSE,,,,,,,,,FALSE,
ELEC,WATCHUNG WATCHUNG 01,49 Watchung Ave,"left charger, Garage level",Belleville,NJ,7109,,888-758-4389,E,,Public,24 hours daily,,,,,,1,,,ChargePoint Network,https://www.chargepoint.com,GPS,40.781758,-74.178379,8/26/2026,450205,2026-08-26 03:04:27 UTC,,,,1/28/2026,,,,,J1772,US,,,,Public,,public,,,,,,,,,,,,,,,,,,,,FALSE,,,,,,,,,FALSE,
ELEC,NJCU LOT 4 CST LOT 4 ECV2,2039 John F. Kennedy Blvd,,Jersey City,NJ,7305,,888-758-4389,E,,Public,24 hours daily,,,,,,,1,,ChargePoint Network,https://www.chargepoint.com,GPS,40.709722,-74.087751,8/26/2026,450313,2026-08-26 03:06:46 UTC,,,,1/29/2026,,,,,CHADEMO J1772COMBO,US,,,,Public,,public,,,,,,,,,,,,,,,,,,,,FALSE,,,,,,,,,FALSE,
ELEC,NJCU LOT 4 CST LOT 4 ECV1,2039 John F. Kennedy Blvd,,Jersey City,NJ,7305,,888-758-4389,E,,Public,24 hours daily,,,,,,,1,,ChargePoint Network,https://www.chargepoint.com,GPS,40.709657,-74.087644,8/26/2026,450314,2026-08-26 03:06:46 UTC,,,,1/29/2026,,,,,CHADEMO J1772COMBO,US,,,,Public,,public,,,,,,,,,,,,,,,,,,,,FALSE,,,,,,,,,FALSE,
ELEC,STONEBRIDGE E LOT,700 Hollinshead Spring Road,The station is in the back of the facility,Montgomery,NJ,8558,,888-758-4389,E,,Public,24 hours daily,,,,,,2,,,ChargePoint Network,https://www.chargepoint.com,GPS,40.414982,-74.637088,8/26/2026,450373,2026-08-26 03:10:42 UTC,,,,1/29/2026,,,,,J1772,US,,,,Public,,public,,,,,,,,,,,,,,,,,,,,FALSE,,,,,,,,,FALSE,
ELEC,AUCTA 170D,170 Mount Airy Road,Charger 1,Bernards,NJ,7920,,888-758-4389,E,,Public,24 hours daily,,,,,,1,,,ChargePoint Network,https://www.chargepoint.com,GPS,40.693363,-74.572731,8/26/2026,450578,2026-08-26 03:10:25 UTC,,,,2/3/2026,,,,,J1772,US,,,,Public,,public,,,,,,,,,,,,,,,,,,,,FALSE,,,,,,,,,FALSE,
ELEC,AUCTA 170C,170 Mount Airy Road,charger 4,Bernards,NJ,7920,,888-758-4389,E,,Public,24 hours daily,,,,,,1,,,ChargePoint Network,https://www.chargepoint.com,GPS,40.693288,-74.572706,8/26/2026,450579,2026-08-26 03:10:25 UTC,,,,2/3/2026,,,,,J1772,US,,,,Public,,public,,,,,,,,,,,,,,,,,,,,FALSE,,,,,,,,,FALSE,
ELEC,AUCTA 170A,170 Mount Airy Road,charger 5,Bernards,NJ,7920,,888-758-4389,E,,Public,24 hours daily,,,,,,1,,,ChargePoint Network,https://www.chargepoint.com,GPS,40.693265,-74.572651,8/26/2026,450580,2026-08-26 03:10:25 UTC,,,,2/3/2026,,,,,J1772,US,,,,Public,,public,,,,,,,,,,,,,,,,,,,,FALSE,,,,,,,,,FALSE,
ELEC,AUCTA 170E,170 Mount Airy Road,charger 6,Bernards,NJ,7920,,888-758-4389,E,,Public,24 hours daily,,,,,,1,,,ChargePoint Network,https://www.chargepoint.com,GPS,40.69322,-74.572637,8/26/2026,450581,2026-08-26 03:10:25 UTC,,,,2/3/2026,,,,,J1772,US,,,,Public,,public,,,,,,,,,,,,,,,,,,,,FALSE,,,,,,,,,FALSE,
ELEC,AUCTA 170B,170 Mount Airy Road,charger 2,Bernards,NJ,7920,,888-758-4389,E,,Public,24 hours daily,,,,,,1,,,ChargePoint Network,https://www.chargepoint.com,GPS,40.693307,-74.572674,8/26/2026,450582,2026-08-26 03:10:25 UTC,,,,2/3/2026,,,,,J1772,US,,,,Public,,public,,,,,,,,,,,,,,,,,,,,FALSE,,,,,,,,,FALSE,
ELEC,AUCTA 170F,170 Mount Airy Road,charger 3,Bernards,NJ,7920,,888-758-4389,E,,Public,24 hours daily,,,,,,1,,,ChargePoint Network,https://www.chargepoint.com,GPS,40.693241,-74.57262,8/26/2026,450583,2026-08-26 03:10:25 UTC,,,,2/3/2026,,,,,J1772,US,,,,Public,,public,,,,,,,,,,,,,,,,,,,,FALSE,,,,,,,,,FALSE,
ELEC,"Stay-N-Charge EV Charging Station - Seaview Hotel, a Dolce by Wyndham",401 S New York Rd,,Galloway,NJ,8205,,855-387-5847,E,,Public,24 hours daily,ACCOUNT_BALANCE ANDROID_PAY APPLE_PAY,,,,,6,,,STAY_N_CHARGE,https://www.stayncharge.com,GPS,39.44856651,-74.47548661,2/13/2026,450774,2026-02-13 16:34:38 UTC,P,,,10/21/2025,,,,,J1772,US,,,,Public,,public,,,HOTEL,,,,,,,$0.45 per kWh,,,,,,,,,,FALSE,,,,,,,,LD,FALSE,
ELEC,HARD ROCK EV HRHCAC14,900 Pacific Ave,,Atlantic City,NJ,8401,,888-758-4389,E,,Public,24 hours daily,,,,,,1,,,ChargePoint Network,https://www.chargepoint.com,GPS,39.362395,-74.42163,8/26/2026,450891,2026-08-26 03:10:26 UTC,,,,2/7/2026,,,,,J1772,US,,,,Public,,public,,,,,,,,,,,,,,,,,,,,FALSE,,,,,,,,,FALSE,
ELEC,EV Edison Charging Hub,78 John Miller Way,,Kearny,NJ,7032,,908-312-1242,E,,Public,24 hours daily; Also accepts Google Pay,APPLE_PAY CREDIT,,,,,,30,,Non-Networked,,200-8,40.72448,-74.10953,4/14/2026,450926,2026-04-14 21:00:09 UTC,P,,,6/24/2025,,,,,J1772COMBO,US,,,,Public,,public,,,PARKING_LOT,,,,,,,"12am-6am $0.47 per kWh, 6am-12pm $0.55 per kWh, 12pm-11pm $0.63 per kWh, 11pm-12am $0.55 per kWh; Idle fee $0.40 per minute",,,,,,,,,,FALSE,,,,,,,,HD,FALSE,
ELEC,HARD ROCK EV HRHCAC7,900 Pacific Ave,,Atlantic City,NJ,8401,,888-758-4389,E,,Public,24 hours daily,,,,,,1,,,ChargePoint Network,https://www.chargepoint.com,GPS,39.362239,-74.421527,8/26/2026,451060,2026-08-26 03:10:12 UTC,,,,2/12/2026,,,,,J1772,US,,,,Public,,public,,,,,,,,,,,,,,,,,,,,FALSE,,,,,,,,,FALSE,
ELEC,HARD ROCK EV HRHCAC15,900 Pacific Ave,,Atlantic City,NJ,8401,,888-758-4389,E,,Public,24 hours daily,,,,,,1,,,ChargePoint Network,https://www.chargepoint.com,GPS,39.36242,-74.421645,8/26/2026,451061,2026-08-26 03:10:12 UTC,,,,2/12/2026,,,,,J1772,US,,,,Public,,public,,,,,,,,,,,,,,,,,,,,FALSE,,,,,,,,,FALSE,
ELEC,HARD ROCK EV HRHCAC11,900 Pacific Ave,,Atlantic City,NJ,8401,,888-758-4389,E,,Public,24 hours daily,,,,,,1,,,ChargePoint Network,https://www.chargepoint.com,GPS,39.362328,-74.421583,8/26/2026,451062,2026-08-26 03:10:12 UTC,,,,2/12/2026,,,,,J1772,US,,,,Public,,public,,,,,,,,,,,,,,,,,,,,FALSE,,,,,,,,,FALSE,
ELEC,HARD ROCK EV HRHCAC1,900 Pacific Ave,,Atlantic City,NJ,8401,,888-758-4389,E,,Public,24 hours daily,,,,,,1,,,ChargePoint Network,https://www.chargepoint.com,GPS,39.36211,-74.42144,8/26/2026,451063,2026-08-26 03:10:26 UTC,,,,2/12/2026,,,,,J1772,US,,,,Public,,public,,,,,,,,,,,,,,,,,,,,FALSE,,,,,,,,,FALSE,
ELEC,HARD ROCK EV HRHCAC16,900 Pacific Ave,,Atlantic City,NJ,8401,,888-758-4389,E,,Public,24 hours daily,,,,,,1,,,ChargePoint Network,https://www.chargepoint.com,GPS,39.362435,-74.421658,8/26/2026,451064,2026-08-26 03:10:26 UTC,,,,2/12/2026,,,,,J1772,US,,,,Public,,public,,,,,,,,,,,,,,,,,,,,FALSE,,,,,,,,,FALSE,
ELEC,HARD ROCK EV HRHCAC6,900 Pacific Ave,,Atlantic City,NJ,8401,,888-758-4389,E,,Public,24 hours daily,,,,,,1,,,ChargePoint Network,https://www.chargepoint.com,GPS,39.362218,-74.421512,8/26/2026,451065,2026-08-26 03:10:26 UTC,,,,2/12/2026,,,,,J1772,US,,,,Public,,public,,,,,,,,,,,,,,,,,,,,FALSE,,,,,,,,,FALSE,
ELEC,HARD ROCK EV HRHCAC2,900 Pacific Ave,,Atlantic City,NJ,8401,,888-758-4389,E,,Public,24 hours daily,,,,,,1,,,ChargePoint Network,https://www.chargepoint.com,GPS,39.362131,-74.421453,8/26/2026,451066,2026-08-26 03:10:26 UTC,,,,2/12/2026,,,,,J1772,US,,,,Public,,public,,,,,,,,,,,,,,,,,,,,FALSE,,,,,,,,,FALSE,
ELEC,HARD ROCK EV HRHCAC5,900 Pacific Ave,,Atlantic City,NJ,8401,,888-758-4389,E,,Public,24 hours daily,,,,,,1,,,ChargePoint Network,https://www.chargepoint.com,GPS,39.362195,-74.421496,8/26/2026,451067,2026-08-26 03:10:26 UTC,,,,2/12/2026,,,,,J1772,US,,,,Public,,public,,,,,,,,,,,,,,,,,,,,FALSE,,,,,,,,,FALSE,
ELEC,HARD ROCK EV HRHCAC9,900 Pacific Ave,,Atlantic City,NJ,8401,,888-758-4389,E,,Public,24 hours daily,,,,,,1,,,ChargePoint Network,https://www.chargepoint.com,GPS,39.362286,-74.421556,8/26/2026,451068,2026-08-26 03:10:26 UTC,,,,2/12/2026,,,,,J1772,US,,,,Public,,public,,,,,,,,,,,,,,,,,,,,FALSE,,,,,,,,,FALSE,
ELEC,HARD ROCK EV HRHCAC3,900 Pacific Ave,,Atlantic City,NJ,8401,,888-758-4389,E,,Public,24 hours daily,,,,,,1,,,ChargePoint Network,https://www.chargepoint.com,GPS,39.36215,-74.421468,8/26/2026,451069,2026-08-26 03:10:26 UTC,,,,2/12/2026,,,,,J1772,US,,,,Public,,public,,,,,,,,,,,,,,,,,,,,FALSE,,,,,,,,,FALSE,
ELEC,HARD ROCK EV HRHCAC4,900 Pacific Ave,,Atlantic City,NJ,8401,,888-758-4389,E,,Public,24 hours daily,,,,,,1,,,ChargePoint Network,https://www.chargepoint.com,GPS,39.362175,-74.421482,8/26/2026,451070,2026-08-26 03:10:26 UTC,,,,2/12/2026,,,,,J1772,US,,,,Public,,public,,,,,,,,,,,,,,,,,,,,FALSE,,,,,,,,,FALSE,
ELEC,HARD ROCK EV HRHCAC8,900 Pacific Ave,,Atlantic City,NJ,8401,,888-758-4389,E,,Public,24 hours daily,,,,,,1,,,ChargePoint Network,https://www.chargepoint.com,GPS,39.362262,-74.42154,8/26/2026,451071,2026-08-26 03:10:26 UTC,,,,2/12/2026,,,,,J1772,US,,,,Public,,public,,,,,,,,,,,,,,,,,,,,FALSE,,,,,,,,,FALSE,
ELEC,HARD ROCK EV HRHCAC10,900 Pacific Ave,,Atlantic City,NJ,8401,,888-758-4389,E,,Public,24 hours daily,,,,,,1,,,ChargePoint Network,https://www.chargepoint.com,GPS,39.362308,-74.421567,8/26/2026,451072,2026-08-26 03:10:27 UTC,,,,2/12/2026,,,,,J1772,US,,,,Public,,public,,,,,,,,,,,,,,,,,,,,FALSE,,,,,,,,,FALSE,
ELEC,HARD ROCK EV HRHCAC12,900 Pacific Ave,,Atlantic City,NJ,8401,,888-758-4389,E,,Public,24 hours daily,,,,,,1,,,ChargePoint Network,https://www.chargepoint.com,GPS,39.362352,-74.421602,8/26/2026,451073,2026-08-26 03:10:27 UTC,,,,2/12/2026,,,,,J1772,US,,,,Public,,public,,,,,,,,,,,,,,,,,,,,FALSE,,,,,,,,,FALSE,
ELEC,Aura Electric,4329 US-9,,Howell Township,NJ,7731,,949-945-2000,E,,Public,24 hours daily,,,,,,10,,,EVGATEWAY,https://evgateway.com,GPS,40.1453902,-74.2252692,8/26/2026,451114,2026-08-26 04:56:47 UTC,,,,2/13/2026,,,,,J1772,US,,,,Public,,public,,,,,,,,,,,,,,,,,,,,FALSE,,,,,,,,,FALSE,
ELEC,HARD ROCK EV HRHCAC13,900 Pacific Ave,,Atlantic City,NJ,8401,,888-758-4389,E,,Public,24 hours daily,,,,,,1,,,ChargePoint Network,https://www.chargepoint.com,GPS,39.362368,-74.421614,8/26/2026,451417,2026-08-26 03:10:27 UTC,,,,2/17/2026,,,,,J1772,US,,,,Public,,public,,,,,,,,,,,,,,,,,,,,FALSE,,,,,,,,,FALSE,
ELEC,ENG-000043,3 Trenton Lakewood Rd,,Clarksburg,NJ,8510,,888-991-9386,E,,Public,24 hours daily,A ANDROID_PAY APPLE_PAY CREDIT M V,,,,,2,,,WEVO,https://wevo.energy,200-8,40.16575,-74.41849,3/12/2026,451561,2026-03-12 20:29:51 UTC,P,,,9/1/2025,,,,,J1772,US,,,,Public,,public,,,AUTO_REPAIR,,,,,,,,,,,,,,,,,FALSE,,,,,,,,LD,FALSE,
ELEC,ENG-000095,3 Princess Rd,,Lawrence Township,NJ,8648,,888-991-9386,E,,Public,24 hours daily,A ANDROID_PAY APPLE_PAY CREDIT M V,,,,,2,,,WEVO,https://wevo.energy,200-8,40.28384,-74.70987,3/12/2026,451577,2026-03-12 20:29:51 UTC,P,,,9/1/2025,,,,,J1772,US,,,,Public,,public,,,OFFICE_BLDG,,,,,,,,,,,,,,,,,FALSE,,,,,,,,LD,FALSE,
ELEC,HANOVER SHELL HANOVER SHELL,1373 New Jersey 10,Beginning of Dunkin drive thru,Hanover,NJ,7981,,888-758-4389,E,,Public,24 hours daily,,,,,,2,,,ChargePoint Network,https://www.chargepoint.com,GPS,40.836191,-74.447787,8/26/2026,451808,2026-08-26 03:06:38 UTC,,,,2/24/2026,,,,,J1772,US,,,,Public,,public,,,,,,,,,,,,,,,,,,,,FALSE,,,,,,,,,FALSE,
ELEC,Whitney Houston Service Area,1 Vauxhall Rd,,Union,NJ,7038,,888-557-7099,E,,Public,24 hours daily,ANDROID_PAY APPLE_PAY CREDIT D M V,,,,,,2,,APPLEGREEN,https://www.applegreenelectric.com,GPS,40.698688,-74.252493,3/12/2026,451857,2026-03-12 20:29:51 UTC,P,,,1/6/2026,,,,,J1772COMBO TESLA,US,,,,Public,,public,,,REST_STOP,,,,,,,$0.58 per kWh,,,,,,,,,,FALSE,,,,,,,,LD,FALSE,
ELEC,Clara Barton Service Area,N Stumpy Rd,,Pedricktown,NJ,8069,,888-557-7099,E,,Public,24 hours daily,ANDROID_PAY APPLE_PAY CREDIT D M V,,,,,,4,,APPLEGREEN,https://www.applegreenelectric.com,GPS,39.698032,-75.395966,3/12/2026,451858,2026-03-12 20:29:51 UTC,P,,,1/6/2026,,,,,J1772COMBO TESLA,US,,,,Public,,public,,,REST_STOP,,,,,,,$0.58 per kWh,,,,,,,,,,FALSE,,,,,,,,LD,FALSE,
ELEC,John Fenwick Service Area,NJ Turnpike Milepost 5 N,,Pedricktown,NJ,8069,,888-557-7099,E,,Public,24 hours daily,ANDROID_PAY APPLE_PAY CREDIT D M V,,,,,,4,,APPLEGREEN,https://www.applegreenelectric.com,GPS,39.695575,-75.397064,3/12/2026,451859,2026-03-12 20:29:51 UTC,P,,,1/6/2026,,,,,J1772COMBO TESLA,US,,,,Public,,public,,,REST_STOP,,,,,,,$0.58 per kWh,,,,,,,,,,FALSE,,,,,,,,LD,FALSE,
ELEC,James Gandolfini Service Area,172 Gardon State Pkwy MM 172,,Montvale,NJ,7645,,888-557-7099,E,,Public,24 hours daily,ANDROID_PAY APPLE_PAY CREDIT D M V,,,,,,4,,APPLEGREEN,https://www.applegreenelectric.com,GPS,41.048643,-74.066128,3/12/2026,451860,2026-03-12 20:29:51 UTC,P,,,1/6/2026,,,,,J1772COMBO TESLA,US,,,,Public,,public,,,REST_STOP,,,,,,,$0.55 per kWh,,,,,,,,,,FALSE,,,,,,,,LD,FALSE,
ELEC,Molly Pitcher Service Area,NJ Turnpike Milepost 71.7 S,,East Windsor,NJ,8512,,888-557-7099,E,,Public,24 hours daily,ANDROID_PAY APPLE_PAY CREDIT D M V,,,,,,4,,APPLEGREEN,https://www.applegreenelectric.com,GPS,40.322468,-74.486874,3/12/2026,451861,2026-03-12 20:29:51 UTC,P,,,1/6/2026,,,,,J1772COMBO TESLA,US,,,,Public,,public,,,REST_STOP,,,,,,,$0.58 per kWh,,,,,,,,,,FALSE,,,,,,,,LD,FALSE,
ELEC,Alexander Hamilton Service Area,Garden State Pkwy Milepoost 151.3 S,,Seacacus,NJ,7094,,888-557-7099,E,,Public,24 hours daily,ANDROID_PAY APPLE_PAY CREDIT D M V,,,,,,4,,APPLEGREEN,https://www.applegreenelectric.com,GPS,40.770612,-74.065318,3/12/2026,451862,2026-03-12 20:29:51 UTC,P,,,1/6/2026,,,,,J1772COMBO TESLA,US,,,,Public,,public,,,REST_STOP,,,,,,,$0.55 per kWh,,,,,,,,,,FALSE,,,,,,,,LD,FALSE,
ELEC,Grover Cleveland Service Area,NJ Turnpike Milepost 92.9 N,,Woodbridge,NJ,7077,,888-557-7099,E,,Public,24 hours daily,ANDROID_PAY APPLE_PAY CREDIT D M V,,,,,,4,,APPLEGREEN,https://www.applegreenelectric.com,GPS,40.556157,-74.264222,3/12/2026,451863,2026-03-12 20:29:51 UTC,P,,,1/6/2026,,,,,J1772COMBO TESLA,US,,,,Public,,public,,,REST_STOP,,,,,,,$0.58 per kWh,,,,,,,,,,FALSE,,,,,,,,LD,FALSE,
ELEC,HUDSON COUNTY FJG COURTHOUSE5,24 Central Ave,Central Ave Lot,Jersey City,NJ,7306,,888-758-4389,E,,Public,24 hours daily,,,,,,2,,,ChargePoint Network,https://www.chargepoint.com,GPS,40.735072,-74.056666,8/26/2026,452060,2026-08-26 02:38:43 UTC,,,,2/28/2026,,,,,J1772,US,,,,Public,,public,,,,,,,,,,,,,,,,,,,,FALSE,,,,,,,,,FALSE,
ELEC,HUDSON COUNTY FJG COURTHOUSE1,24 Central Ave,Judge Lot- Oakland,Jersey City,NJ,7306,,888-758-4389,E,,Public,24 hours daily,,,,,,1,,,ChargePoint Network,https://www.chargepoint.com,GPS,40.735072,-74.056633,8/26/2026,452061,2026-08-26 02:39:12 UTC,,,,2/28/2026,,,,,J1772,US,,,,Public,,public,,,,,,,,,,,,,,,,,,,,FALSE,,,,,,,,,FALSE,
ELEC,HUDSON COUNTY FJG COURTHOUSE2,24 Central Ave,Judge Lot- Oakland,Jersey City,NJ,7306,,888-758-4389,E,,Public,24 hours daily,,,,,,2,,,ChargePoint Network,https://www.chargepoint.com,GPS,40.735096,-74.0566,8/26/2026,452062,2026-08-26 02:39:13 UTC,,,,2/28/2026,,,,,J1772,US,,,,Public,,public,,,,,,,,,,,,,,,,,,,,FALSE,,,,,,,,,FALSE,
ELEC,HUDSON COUNTY FJG COURTHOUSE3,24 Central Ave,Central Ave Lot,Jersey City,NJ,7306,,888-758-4389,E,,Public,24 hours daily,,,,,,2,,,ChargePoint Network,https://www.chargepoint.com,GPS,40.73504,-74.05658,8/26/2026,452063,2026-08-26 02:40:46 UTC,,,,2/28/2026,,,,,J1772,US,,,,Public,,public,,,,,,,,,,,,,,,,,,,,FALSE,,,,,,,,,FALSE,
ELEC,HUDSON COUNTY FJG COURTHOUSE4,24 Central Ave,Central Ave Lot,Jersey City,NJ,7306,,888-758-4389,E,,Public,24 hours daily,,,,,,2,,,ChargePoint Network,https://www.chargepoint.com,GPS,40.735088,-74.056655,8/26/2026,452064,2026-08-26 02:40:46 UTC,,,,2/28/2026,,,,,J1772,US,,,,Public,,public,,,,,,,,,,,,,,,,,,,,FALSE,,,,,,,,,FALSE,
ELEC,HUDSON COUNTY FJG COURTHOUSE6,24 Central Ave,Central Ave Lot,Jersey City,NJ,7306,,888-758-4389,E,,Public,24 hours daily,,,,,,2,,,ChargePoint Network,https://www.chargepoint.com,GPS,40.73504,-74.056472,8/26/2026,452065,2026-08-26 02:40:46 UTC,,,,2/28/2026,,,,,J1772,US,,,,Public,,public,,,,,,,,,,,,,,,,,,,,FALSE,,,,,,,,,FALSE,
ELEC,HUDSON COUNTY FJG COURTHOUSE7,24 Central Ave,Central Ave Lot,Jersey City,NJ,7306,,888-758-4389,E,,Public,24 hours daily,,,,,,2,,,ChargePoint Network,https://www.chargepoint.com,GPS,40.735031,-74.056569,8/26/2026,452066,2026-08-26 02:40:46 UTC,,,,2/28/2026,,,,,J1772,US,,,,Public,,public,,,,,,,,,,,,,,,,,,,,FALSE,,,,,,,,,FALSE,
ELEC,HUDSON COUNTY FJG COURTHOUSE8,24 Central Ave,Level 2 Parking Deck,Jersey City,NJ,7306,,888-758-4389,E,,Public,24 hours daily,,,,,,1,,,ChargePoint Network,https://www.chargepoint.com,GPS,40.735096,-74.056601,8/26/2026,452067,2026-08-26 02:40:58 UTC,,,,2/28/2026,,,,,J1772,US,,,,Public,,public,,,,,,,,,,,,,,,,,,,,FALSE,,,,,,,,,FALSE,
ELEC,LACEY 3 RIGHT BUILD 18,900 Gary Smith Way,Right building 18,Lacey Township,NJ,8731,,888-758-4389,E,,Public,24 hours daily,,,,,,1,,,ChargePoint Network,https://www.chargepoint.com,GPS,39.861366,-74.210842,8/26/2026,452073,2026-08-26 03:01:51 UTC,,,,2/28/2026,,,,,J1772,US,,,,Public,,public,,,,,,,,,,,,,,,,,,,,FALSE,,,,,,,,,FALSE,
ELEC,LACEY 3 CLUBHOUSE 1,900 Gary Smith Way,Clubhouse,Lacey Township,NJ,8731,,888-758-4389,E,,Public,24 hours daily,,,,,,1,,,ChargePoint Network,https://www.chargepoint.com,GPS,39.861585,-74.210865,8/26/2026,452074,2026-08-26 03:01:52 UTC,,,,2/28/2026,,,,,J1772,US,,,,Public,,public,,,,,,,,,,,,,,,,,,,,FALSE,,,,,,,,,FALSE,
ELEC,LACEY 3 LEFT B 18,900 Gary Smith Way,Left Building 18,Lacey Township,NJ,8731,,888-758-4389,E,,Public,24 hours daily,,,,,,1,,,ChargePoint Network,https://www.chargepoint.com,GPS,39.862468,-74.212241,8/26/2026,452075,2026-08-26 03:01:52 UTC,,,,2/28/2026,,,,,J1772,US,,,,Public,,public,,,,,,,,,,,,,,,,,,,,FALSE,,,,,,,,,FALSE,
ELEC,LACEY 3 CLUBHOUSE 1A,900 Gary Smith Way,Clubhouse,Lacey Township,NJ,8731,,888-758-4389,E,,Public,24 hours daily,,,,,,1,,,ChargePoint Network,https://www.chargepoint.com,GPS,39.862587,-74.21143,8/26/2026,452076,2026-08-26 03:01:52 UTC,,,,2/28/2026,,,,,J1772,US,,,,Public,,public,,,,,,,,,,,,,,,,,,,,FALSE,,,,,,,,,FALSE,
ELEC,LACEY 3 LEFT BUILD 18,900 Gary Smith Way,Left Building 18,Lacey Township,NJ,8731,,888-758-4389,E,,Public,24 hours daily,,,,,,1,,,ChargePoint Network,https://www.chargepoint.com,GPS,39.861393,-74.210795,8/26/2026,452077,2026-08-26 03:02:15 UTC,,,,2/28/2026,,,,,J1772,US,,,,Public,,public,,,,,,,,,,,,,,,,,,,,FALSE,,,,,,,,,FALSE,
ELEC,LACEY 3 RIGHT BLD 18,900 Gary Smith Way,Right building 18,Lacey Township,NJ,8731,,888-758-4389,E,,Public,24 hours daily,,,,,,1,,,ChargePoint Network,https://www.chargepoint.com,GPS,39.861401,-74.210807,8/26/2026,452078,2026-08-26 03:02:15 UTC,,,,2/28/2026,,,,,J1772,US,,,,Public,,public,,,,,,,,,,,,,,,,,,,,FALSE,,,,,,,,,FALSE,
ELEC,LITTLE FERRY CHARGER A-1,110 Bergen Turnpike,spot 019,Little Ferry,NJ,7643,,888-758-4389,E,,Public,24 hours daily,,,,,,1,,,ChargePoint Network,https://www.chargepoint.com,GPS,40.851987,-74.032508,8/26/2026,452144,2026-08-26 03:10:08 UTC,,,,2/28/2026,,,,,J1772,US,,,,Public,,public,,,,,,,,,,,,,,,,,,,,FALSE,,,,,,,,,FALSE,
ELEC,LITTLE FERRY CHARGER A-2,110 Bergen Turnpike,Building A,Little Ferry,NJ,7643,,888-758-4389,E,,Public,24 hours daily,,,,,,1,,,ChargePoint Network,https://www.chargepoint.com,GPS,40.852009,-74.032377,8/26/2026,452145,2026-08-26 03:10:08 UTC,,,,2/28/2026,,,,,J1772,US,,,,Public,,public,,,,,,,,,,,,,,,,,,,,FALSE,,,,,,,,,FALSE,
ELEC,LITTLE FERRY CHARGER A-3,110 Bergen Turnpike 110 bergeb turnpike,Building A,Little Ferry,NJ,7643,,888-758-4389,E,,Public,24 hours daily,,,,,,1,,,ChargePoint Network,https://www.chargepoint.com,GPS,40.851923,-74.032351,8/26/2026,452146,2026-08-26 03:10:08 UTC,,,,2/28/2026,,,,,J1772,US,,,,Public,,public,,,,,,,,,,,,,,,,,,,,FALSE,,,,,,,,,FALSE,
ELEC,LITTLE FERRY CHARGER B-1,110 Bergen Turnpike,Building B,Little Ferry,NJ,7643,,888-758-4389,E,,Public,24 hours daily,,,,,,1,,,ChargePoint Network,https://www.chargepoint.com,GPS,40.851405,-74.031301,8/26/2026,452147,2026-08-26 03:10:08 UTC,,,,2/28/2026,,,,,J1772,US,,,,Public,,public,,,,,,,,,,,,,,,,,,,,FALSE,,,,,,,,,FALSE,
ELEC,LITTLE FERRY CHARGER B-2,110 Bergen Turnpike,Building B,Little Ferry,NJ,7643,,888-758-4389,E,,Public,24 hours daily,,,,,,1,,,ChargePoint Network,https://www.chargepoint.com,GPS,40.851412,-74.031382,8/26/2026,452148,2026-08-26 03:10:08 UTC,,,,2/28/2026,,,,,J1772,US,,,,Public,,public,,,,,,,,,,,,,,,,,,,,FALSE,,,,,,,,,FALSE,
ELEC,ELIZABETH STATION 5,10 Westfield Avenue West,charger 5,Elizabeth,NJ,7208,,888-758-4389,E,,Public,24 hours daily,,,,,,1,,,ChargePoint Network,https://www.chargepoint.com,GPS,40.661083,-74.265633,8/26/2026,452149,2026-08-26 03:10:09 UTC,,,,2/28/2026,,,,,J1772,US,,,,Public,,public,,,,,,,,,,,,,,,,,,,,FALSE,,,,,,,,,FALSE,
ELEC,ELIZABETH STATION 8,10 Westfield Avenue West,charger 8,Elizabeth,NJ,7208,,888-758-4389,E,,Public,24 hours daily,,,,,,1,,,ChargePoint Network,https://www.chargepoint.com,GPS,40.661107,-74.265514,8/26/2026,452150,2026-08-26 03:10:09 UTC,,,,2/28/2026,,,,,J1772,US,,,,Public,,public,,,,,,,,,,,,,,,,,,,,FALSE,,,,,,,,,FALSE,
ELEC,ELIZABETH STATION 9,10 Westfield Avenue West,charger 9,Elizabeth,NJ,7208,,888-758-4389,E,,Public,24 hours daily,,,,,,1,,,ChargePoint Network,https://www.chargepoint.com,GPS,40.661151,-74.26561,8/26/2026,452151,2026-08-26 03:10:10 UTC,,,,2/28/2026,,,,,J1772,US,,,,Public,,public,,,,,,,,,,,,,,,,,,,,FALSE,,,,,,,,,FALSE,
ELEC,ELIZABETH STATION 1,10 Westfield Avenue West,Surface lot,Elizabeth,NJ,7208,,888-758-4389,E,,Public,24 hours daily,,,,,,1,,,ChargePoint Network,https://www.chargepoint.com,GPS,40.661,-74.265633,8/26/2026,452232,2026-08-26 03:11:52 UTC,,,,2/28/2026,,,,,J1772,US,,,,Public,,public,,,,,,,,,,,,,,,,,,,,FALSE,,,,,,,,,FALSE,
ELEC,ELIZABETH STATION 2,10 Westfield Avenue West,charger 2,Elizabeth,NJ,7208,,888-758-4389,E,,Public,24 hours daily,,,,,,1,,,ChargePoint Network,https://www.chargepoint.com,GPS,40.661033,-74.265612,8/26/2026,452233,2026-08-26 03:11:52 UTC,,,,2/28/2026,,,,,J1772,US,,,,Public,,public,,,,,,,,,,,,,,,,,,,,FALSE,,,,,,,,,FALSE,
ELEC,ROSELLE PARK STATION 3,10 Westfield Ave W,charger 3,Roselle Park,NJ,7204,,888-758-4389,E,,Public,24 hours daily,,,,,,1,,,ChargePoint Network,https://www.chargepoint.com,GPS,40.661008,-74.265612,8/26/2026,452234,2026-08-26 03:11:52 UTC,,,,2/28/2026,,,,,J1772,US,,,,Public,,public,,,,,,,,,,,,,,,,,,,,FALSE,,,,,,,,,FALSE,
ELEC,ROSELLE PARK STATION 6,10 Westfield Ave W,charger 6,Roselle Park,NJ,7204,,888-758-4389,E,,Public,24 hours daily,,,,,,1,,,ChargePoint Network,https://www.chargepoint.com,GPS,40.661093,-74.265052,8/26/2026,452235,2026-08-26 03:11:52 UTC,,,,2/28/2026,,,,,J1772,US,,,,Public,,public,,,,,,,,,,,,,,,,,,,,FALSE,,,,,,,,,FALSE,
ELEC,ELIZABETH STATION 10,10 Westfield Avenue West,charger 10,Elizabeth,NJ,7208,,888-758-4389,E,,Public,24 hours daily,,,,,,1,,,ChargePoint Network,https://www.chargepoint.com,GPS,40.661049,-74.265561,8/26/2026,452236,2026-08-26 03:11:52 UTC,,,,2/28/2026,,,,,J1772,US,,,,Public,,public,,,,,,,,,,,,,,,,,,,,FALSE,,,,,,,,,FALSE,
ELEC,Meadowside,333 Bergen Blvd.,,Fairview,NJ,7022,,888-807-4522,E,,Public,24 hours daily,,,,,,20,,,SYNERGEV,https://synergev.com,GPS,40.821492,-74.000067,8/26/2026,452426,2026-08-26 05:39:26 UTC,,,,3/4/2026,,,,,J1772,US,,,,Public,,public,,,,,,,,,,,,,,,,,,,,FALSE,,,,,,,,,FALSE,
ELEC,Wharton CHA Urban Renewal,10 N Main Street,,Wharton,NJ,7885,,888-807-4522,E,,Public,24 hours daily,,,,,,4,,,SYNERGEV,https://synergev.com,GPS,40.899146,-74.582659,8/26/2026,452474,2026-08-26 05:39:36 UTC,,,,3/4/2026,,,,,J1772,US,,,,Public,,public,,,,,,,,,,,,,,,,,,,,FALSE,,,,,,,,,FALSE,
ELEC,Edgewater Glass House,3 Somerset Lane,,Edgewater,NJ,7020,,888-807-4522,E,,Public,24 hours daily,,,,,,4,,,SYNERGEV,https://synergev.com,GPS,40.80138,-73.992854,8/26/2026,452500,2026-08-26 05:39:40 UTC,,,,3/4/2026,,,,,J1772,US,,,,Public,,public,,,,,,,,,,,,,,,,,,,,FALSE,,,,,,,,,FALSE,
ELEC,Community Center,775 East Bay Avenue,,Manahawkin,NJ,8050,,888-807-4522,E,,Public,24 hours daily,,,,,,2,,,SYNERGEV,https://synergev.com,GPS,39.683151,-74.233936,8/26/2026,452517,2026-08-26 05:39:42 UTC,,,,3/4/2026,,,,,J1772,US,,,,Public,,public,,,,,,,,,,,,,,,,,,,,FALSE,,,,,,,,,FALSE,
ELEC,Township Municipal Building,260 East Bay Avenue,,Manahawkin,NJ,8050,,888-807-4522,E,,Public,24 hours daily,,,,,,2,,,SYNERGEV,https://synergev.com,GPS,39.691974,-74.250206,8/26/2026,452518,2026-08-26 05:39:42 UTC,,,,3/4/2026,,,,,J1772,US,,,,Public,,public,,,,,,,,,,,,,,,,,,,,FALSE,,,,,,,,,FALSE,
ELEC,Pier Village Urban Renewal Company LLC,30 Melrose Terrace,,Long Branch,NJ,7740,,888-807-4522,T,7/7/2026,TEMPORARILY UNAVAILABLE (Public),24 hours daily,,,,,,8,,,SYNERGEV,https://synergev.com,GPS,40.300112,-73.980552,8/26/2026,452543,2026-08-26 05:39:47 UTC,,,,3/4/2026,,,,,J1772,US,,,,TEMPORAIREMENT SUSPENDU (Public),,public,,,,,,,,,,,,,,,,,,,,FALSE,,,,,,,,,FALSE,
ELEC,"Fort Lee, NJ",1435 10th St Fort Lee,,Fort Lee,NJ,7024,,888-807-4522,E,,Public,24 hours daily,,,,,,4,,,SYNERGEV,https://synergev.com,GPS,40.849063,-73.983219,8/26/2026,452596,2026-08-26 05:39:55 UTC,,,,3/4/2026,,,,,J1772,US,,,,Public,,public,,,,,,,,,,,,,,,,,,,,FALSE,,,,,,,,,FALSE,
ELEC,Avalon at Becker Farm,6 Becker Farm Rd,,Roseland,NJ,7068,,888-385-6671,E,,Public,24 hours daily,A ACCOUNT_BALANCE ANDROID_PAY APPLE_PAY D M V,,,,,27,,,LOOP,https://loopglobal.com,GPS,40.81901234,-74.30239038,7/15/2026,453167,2026-07-15 18:47:09 UTC,P,,,11/3/2025,,,,,J1772,US,,,,Public,,public,,,OTHER,,,,,,,$1 activation fee; $0.40 per kWh,,,,,,,,,,FALSE,,,,,,,,LD,FALSE,
ELEC,Avalon Parsippany,2 Campus Dr,,Parsippany,NJ,7054,,888-385-6671,E,,Public,24 hours daily,A ACCOUNT_BALANCE ANDROID_PAY APPLE_PAY D M V,,,,,49,,,LOOP,https://loopglobal.com,GPS,40.84641946,-74.45877658,7/15/2026,453178,2026-07-15 18:47:09 UTC,P,,,7/9/2025,,,,,J1772,US,,,,Public,,public,,,OTHER,,,,,,,$1 activation fee; $0.40 per kWh,,,,,,,,,,FALSE,,,,,,,,LD,FALSE,
ELEC,Avalon Princeton on Harrison,275 N Harrison St,,Princeton,NJ,8540,,888-385-6671,E,,Public,24 hours daily,A ACCOUNT_BALANCE ANDROID_PAY APPLE_PAY D M V,,,,,20,,,LOOP,https://loopglobal.com,GPS,40.362362,-74.651669,7/15/2026,453180,2026-07-15 18:47:09 UTC,P,,,6/18/2025,,,,,J1772,US,,,,Public,,public,,,OTHER,,,,,,,$1 activation fee; $0.40 per kWh,,,,,,,,,,FALSE,,,,,,,,LD,FALSE,
ELEC,High Profile of Lakehurst Dispensary,145 NJ-70,,Lakehurst,NJ,8733,,888-385-6671,E,,Public,24 hours daily,A ACCOUNT_BALANCE ANDROID_PAY APPLE_PAY D M V,,,,,2,,,LOOP,https://loopglobal.com,GPS,40.01534,-74.31485,7/15/2026,453234,2026-07-15 18:47:09 UTC,P,,,10/11/2023,,,,,J1772,US,,,,Public,,public,,,OTHER,,,,,,,$1 activation fee; $0.65 per kWh,,,,,,,,,,FALSE,,,,,,,,LD,FALSE,
ELEC,H2TRUBURLINGTON CHARGER 2,251 Bromley Blvd,Exterior Lot,Burlington Township,NJ,8016,,888-758-4389,E,,Public,24 hours daily,,,,,,1,,,ChargePoint Network,https://www.chargepoint.com,GPS,40.037779,-74.824052,8/26/2026,453333,2026-08-26 03:11:28 UTC,,,,3/9/2026,,,,,J1772,US,,,,Public,,public,,,,,,,,,,,,,,,,,,,,FALSE,,,,,,,,,FALSE,
ELEC,H2TRUBURLINGTON CHARGER 3,251 Bromley Blvd,Exterior Lot,Burlington Township,NJ,8016,,888-758-4389,E,,Public,24 hours daily,,,,,,1,,,ChargePoint Network,https://www.chargepoint.com,GPS,40.037861,-74.823827,8/26/2026,453334,2026-08-26 03:11:28 UTC,,,,3/9/2026,,,,,J1772,US,,,,Public,,public,,,,,,,,,,,,,,,,,,,,FALSE,,,,,,,,,FALSE,
ELEC,H2TRUBURLINGTON CHARGER 4,251 Bromley Blvd,Exterior Lot,Burlington Township,NJ,8016,,888-758-4389,E,,Public,24 hours daily,,,,,,1,,,ChargePoint Network,https://www.chargepoint.com,GPS,40.037861,-74.823902,8/26/2026,453335,2026-08-26 03:11:28 UTC,,,,3/9/2026,,,,,J1772,US,,,,Public,,public,,,,,,,,,,,,,,,,,,,,FALSE,,,,,,,,,FALSE,
ELEC,H2TRUBURLINGTON CHARGER 1,251 Bromley Blvd,Exterior Lot,Burlington Township,NJ,8016,,888-758-4389,E,,Public,24 hours daily,,,,,,1,,,ChargePoint Network,https://www.chargepoint.com,GPS,40.03796,-74.823816,8/26/2026,453336,2026-08-26 03:11:28 UTC,,,,3/9/2026,,,,,J1772,US,,,,Public,,public,,,,,,,,,,,,,,,,,,,,FALSE,,,,,,,,,FALSE,
ELEC,H2TRUBURLINGTON CHARGER 5,251 Bromley Blvd,Exterior Lot,Burlington Township,NJ,8016,,888-758-4389,E,,Public,24 hours daily,,,,,,1,,,ChargePoint Network,https://www.chargepoint.com,GPS,40.037804,-74.82401,8/26/2026,453337,2026-08-26 03:11:28 UTC,,,,3/9/2026,,,,,J1772,US,,,,Public,,public,,,,,,,,,,,,,,,,,,,,FALSE,,,,,,,,,FALSE,
ELEC,H2TRUBURLINGTON CHARGER 6,251 Bromley Blvd,Exterior Lot,Burlington Township,NJ,8016,,888-758-4389,E,,Public,24 hours daily,,,,,,1,,,ChargePoint Network,https://www.chargepoint.com,GPS,40.037845,-74.823913,8/26/2026,453338,2026-08-26 03:11:28 UTC,,,,3/9/2026,,,,,J1772,US,,,,Public,,public,,,,,,,,,,,,,,,,,,,,FALSE,,,,,,,,,FALSE,
ELEC,H2TRUBURLINGTON CHARGER 7,251 Bromley Blvd,Exterior Lot,Burlington Township,NJ,8016,,888-758-4389,E,,Public,24 hours daily,,,,,,1,,,ChargePoint Network,https://www.chargepoint.com,GPS,40.037812,-74.823988,8/26/2026,453339,2026-08-26 03:11:28 UTC,,,,3/9/2026,,,,,J1772,US,,,,Public,,public,,,,,,,,,,,,,,,,,,,,FALSE,,,,,,,,,FALSE,
ELEC,H2TRUBURLINGTON CHARGER 8,251 Bromley Blvd,Exterior Lot,Burlington Township,NJ,8016,,888-758-4389,E,,Public,24 hours daily,,,,,,1,,,ChargePoint Network,https://www.chargepoint.com,GPS,40.037836,-74.823956,8/26/2026,453340,2026-08-26 03:11:28 UTC,,,,3/9/2026,,,,,J1772,US,,,,Public,,public,,,,,,,,,,,,,,,,,,,,FALSE,,,,,,,,,FALSE,
ELEC,Birchwood at Washington Township,4400 Route 42,,Turnersville,NJ,8012,,866-816-7584,E,,Public,24 hours daily,,,,,,5,,,EV Connect,https://www.evconnect.com,GPS,39.76704,-75.048134,8/26/2026,453478,2026-08-26 03:53:52 UTC,,,,3/11/2026,,,,,J1772,US,,,,Public,,public,,,,,,,,,,,,,,,,,,,,FALSE,,,,,,,,,FALSE,
ELEC,Jefferson Place - Phase 1,9 Hellers Lane,,Jefferson,NJ,7849,,888-222-6618,E,,Public,,,,,,,4,,,NOODOE,https://www.noodoe.com,GPS,40.9651319,-74.596107,8/26/2026,453482,2026-08-26 04:41:54 UTC,,,,3/18/2026,,,,,J1772,US,,,,Public,,public,,,,,,,,,,,,,,,,,,,,FALSE,,,,,,,,,FALSE,
ELEC,HUMBLE WAREHOUSE LLC,770 Vassar Ave,,Lakewood,NJ,8701,,949-945-2000,E,,Public,24 hours daily,,,,,,11,,,EVGATEWAY,https://evgateway.com,GPS,40.0668566,-74.1837496,8/26/2026,453555,2026-08-26 04:56:24 UTC,,,,3/12/2026,,,,,J1772,US,,,,Public,,public,,,,,,,,,,,,,,,,,,,,FALSE,,,,,,,,,FALSE,
ELEC,CCC,660 Rosedale Road,,Princeton,NJ,8541,,888-998-2546,E,,Public,24 hours daily,,,,,,1,,,Blink Network,https://blinkcharging.com,GPS,40.3482683,-74.7160829,8/26/2026,453997,2026-08-26 00:35:08 UTC,,,,8/6/2018,,,,,J1772,US,,,,Public,,public,,,,,,,,,,,,,,,,,,,,FALSE,,,,,,,,,FALSE,
ELEC,Willis Field,760 Grand Ave,,Ridgefield,NJ,7657,,313-262-6722,E,,Public,,,,,,,,2,,RED_E,https://www.redecharge.com,GPS,40.843222,-74.006972,8/26/2026,454142,2026-08-26 05:24:15 UTC,,,,3/13/2026,,,,,J1772COMBO,US,,,,Public,,public,,,PUBLIC,,,,,,,,,,,,,,,,,FALSE,,,,,,,,,FALSE,
ELEC,"Cherry Hill, NJ Rechargery @ Wawa - Marlton Pike East",1824 Marlton Pike E,,Cherry Hill,NJ,8003,,833-466-2474,E,,Public,24 hours daily,,,,,,,8,,IONNA,https://www.ionna.com,GPS,39.906462,-74.974184,8/26/2026,454145,2026-08-26 05:15:32 UTC,,,,3/15/2026,,,,,J1772COMBO TESLA,US,,,,Public,,public,,,,,,,,,,,,,,,,,,,,FALSE,,,,,,,,,FALSE,
ELEC,SecureSpace Self Storage Sayreville South Amboy,1970 New Jersey 35,,South Amboy,NJ,8879,,888-998-2546,E,,Public,24 hours daily,,,,,,2,,,Blink Network,https://blinkcharging.com,GPS,40.46629791,-74.278782,8/26/2026,454191,2026-08-26 00:36:21 UTC,,,,3/16/2026,,,,,J1772,US,,,,Public,,public,,,,,,,,,,,,,,,,,,,,FALSE,,,,,,,,,FALSE,
ELEC,QuickChek 21 Memorial Pkwy,671 Memorial Pkwy,,Phillipsburg,NJ,8865,,313-262-6722,E,,Public,,,,,,,,2,,RED_E,https://www.redecharge.com,GPS,40.69758637,-75.18022673,8/26/2026,454262,2026-08-26 05:24:19 UTC,,,,3/18/2026,,,,,J1772COMBO TESLA,US,,,,Public,,public,,,PUBLIC,,,,,,,,,,,,,,,,,FALSE,,,,,,,,,FALSE,
ELEC,Somerville - The Edge at Main,Davenport Entrance - Parking Garage-125 S Davenport Street,,Somerville,NJ,8876,,800-636-0986,E,,Public,,,,,,,8,,,CHARGELAB,https://chargelab.co,GPS,40.574154,-74.614736,8/26/2026,455376,2026-08-26 05:35:23 UTC,,,,3/18/2026,,,,,J1772,US,,,,Public,,public,,,,,,,,,,,,,,,,,,,,FALSE,,,,,,,,,FALSE,
ELEC,12 Bay Avenue  Bahrs Landing,12 Bay Avenue,,Highlands,NJ,7732,,800-636-0986,E,,Public,,,,,,,3,,,CHARGELAB,https://chargelab.co,GPS,40.397562,-73.981593,8/26/2026,455378,2026-08-26 05:35:26 UTC,,,,3/18/2026,,,,,J1772,US,,,,Public,,public,,,,,,,,,,,,,,,,,,,,FALSE,,,,,,,,,FALSE,
ELEC,Gloucester - Lofts at Lakeland,752 Davistown Rd,,Blackwood,NJ,8012,,800-636-0986,E,,Public,,,,,,,4,,,CHARGELAB,https://chargelab.co,GPS,39.792402,-75.047794,8/26/2026,455652,2026-08-26 05:36:44 UTC,,,,3/18/2026,,,,,J1772,US,,,,Public,,public,,,,,,,,,,,,,,,,,,,,FALSE,,,,,,,,,FALSE,
ELEC,KWEV - 27 3rd Ave,27 3rd Ave,,Long Branch,NJ,7740,,888-505-5938,E,,Public,24 hours daily,CREDIT M V,,,,,6,,,KWEV,https://kwev.com,200-8,40.3034,-73.98713,4/14/2026,456199,2026-04-14 21:00:09 UTC,P,,,5/27/2025,,,,,J1772,US,,,,Public,,public,,,MULTI_UNIT_DWELLING,,,,,,,$0.45 per kWh + $0.50 connection fee,,,,,,,,,,TRUE,,,,,,,,LD,FALSE,
ELEC,KWEV - 1 Tower Center Blvd,1 Tower Center Blvd,,East Brunswick,NJ,8816,,888-505-5938,E,,Public,24 hours daily,CREDIT M V,,,,,8,,,KWEV,https://kwev.com,200-8,40.47929,-74.40792,4/14/2026,456200,2026-04-14 21:00:09 UTC,P,,,5/27/2025,,,,,J1772,US,,,,Public,,public,,,OFFICE_BLDG,,,,,,,$0.21 per kWh,,,,,,,,,,FALSE,,,,,,,,LD,FALSE,
ELEC,KWEV - 1144 Bibbs Rd,1144 Bibbs Rd,,Voorhees Township,NJ,8043,,888-505-5938,E,,Public,24 hours daily,CREDIT M V,,,,,4,,,KWEV,https://kwev.com,200-8,39.84974,-74.98938,4/14/2026,456202,2026-04-14 21:00:09 UTC,P,,,8/22/2024,,,,,J1772,US,,,,Public,,public,,,MULTI_UNIT_DWELLING,,,,,,,$0.35 per kWh + $0.50 connection fee,,,,,,,,,,FALSE,,,,,,,,LD,FALSE,
ELEC,KWEV - 300 Echelon Rd,300 Echelon Rd,,Voorhees Township,NJ,8043,,888-505-5938,E,,Public,24 hours daily,CREDIT M V,,,,,4,,,KWEV,https://kwev.com,200-8,39.84859,-74.99192,4/14/2026,456203,2026-04-14 21:00:09 UTC,P,,,8/22/2024,,,,,J1772,US,,,,Public,,public,,,MULTI_UNIT_DWELLING,,,,,,,$0.35 per kWh + $0.50 connection fee,,,,,,,,,,FALSE,,,,,,,,LD,FALSE,
ELEC,KWEV - 64 Regency Dr,64 Regency Dr,,Mt Holly,NJ,8060,,888-505-5938,E,,Public,24 hours daily,CREDIT M V,,,,,4,,,KWEV,https://kwev.com,200-8,40.0039,-74.79672,4/14/2026,456204,2026-04-14 21:00:09 UTC,P,,,6/18/2024,,,,,J1772,US,,,,Public,,public,,,MULTI_UNIT_DWELLING,,,,,,,$0.35 per kWh + $0.50 connection fee,,,,,,,,,,FALSE,,,,,,,,LD,FALSE,
ELEC,KWEV - 275 High Street East,275 High St E,,Glassboro,NJ,8028,,888-505-5938,E,,Public,24 hours daily,CREDIT M V,,,,,10,,,KWEV,https://kwev.com,200-8,39.70138,-75.09734,4/14/2026,456205,2026-04-14 21:00:09 UTC,P,,,12/24/2025,,,,,J1772,US,,,,Public,,public,,,MULTI_UNIT_DWELLING,,,,,,,$0.35 per kWh + $0.50 connection fee,,,,,,,,,,FALSE,,,,,,,,LD,FALSE,
ELEC,KWEV - 249 Lucas Ln,249 Lucas Ln,,Voorhees Township,NJ,8043,,888-505-5938,E,,Public,24 hours daily,CREDIT M V,,,,,4,,,KWEV,https://kwev.com,200-8,39.84435,-74.99883,4/14/2026,456207,2026-04-14 21:00:09 UTC,P,,,8/22/2024,,,,,J1772,US,,,,Public,,public,,,MULTI_UNIT_DWELLING,,,,,,,$0.35 per kWh + $0.50 connection fee,,,,,,,,,,FALSE,,,,,,,,LD,FALSE,
ELEC,KWEV - 66 Van Buren Rd,66 Van Buren Rd,,Voorhees Township,NJ,8043,,888-505-5938,E,,Public,24 hours daily,CREDIT M V,,,,,4,,,KWEV,https://kwev.com,200-8,39.84613,-74.99552,4/14/2026,456208,2026-04-14 21:00:09 UTC,P,,,9/13/2024,,,,,J1772,US,,,,Public,,public,,,MULTI_UNIT_DWELLING,,,,,,,$0.35 per kWh + $0.50 connection fee,,,,,,,,,,FALSE,,,,,,,,LD,FALSE,
ELEC,KWEV - 225 Echelon Rd,225 Echelon Rd,,Voorhees Township,NJ,8043,,888-505-5938,E,,Public,24 hours daily,CREDIT M V,,,,,4,,,KWEV,https://kwev.com,200-8,39.85084,-74.99602,4/14/2026,456209,2026-04-14 21:00:09 UTC,P,,,10/8/2024,,,,,J1772,US,,,,Public,,public,,,MULTI_UNIT_DWELLING,,,,,,,$0.35 per kWh + $0.50 connection fee,,,,,,,,,,FALSE,,,,,,,,LD,FALSE,
ELEC,KWEV - 1815 US-9,1815 US-9,,Toms River,NJ,8755,,888-505-5938,E,,Public,24 hours daily,CREDIT M V,,,,,2,,,KWEV,https://kwev.com,200-8,40.01712,-74.21828,4/14/2026,456210,2026-04-14 21:00:09 UTC,P,,,6/1/2024,,,,,J1772,US,,,,Public,,public,,,OFFICE_BLDG,,,,,,,$0.20 per kWh + $0.50 connection fee,,,,,,,,,,FALSE,,,,,,,,LD,FALSE,
ELEC,KWEV - 229 NJ-70,229 NJ-70,,Toms River,NJ,8755,,888-505-5938,E,,Public,24 hours daily,CREDIT M V,,,,,8,,,KWEV,https://kwev.com,200-5,40.0509,-74.23928,4/14/2026,456211,2026-04-14 21:00:09 UTC,P,,,7/16/2025,,,,,J1772,US,,,,Public,,public,,,OFFICE_BLDG,,,,,,,$0.20 per kWh + $0.50 connection fee,,,,,,,,,,FALSE,,,,,,,,LD,FALSE,
ELEC,KWEV - 1897 Lakewood Road,1897 Lakewood Rd,,Toms River,NJ,8753,,888-505-5938,E,,Public,24 hours daily,CREDIT M V,,,,,8,,,KWEV,https://kwev.com,200-8,40.02031,-74.22009,4/14/2026,456212,2026-04-14 21:00:09 UTC,P,,,10/28/2025,,,,,J1772,US,,,,Public,,public,,,OFFICE_BLDG,,,,,,,$0.25 per kWh + $0.50 connection fee,,,,,,,,,,FALSE,,,,,,,,LD,FALSE,
ELEC,KWEV - 101-103 Lacey Rd,101-103 Lacey Rd,,Manchester Township,NJ,8759,,888-505-5938,E,,Public,24 hours daily,CREDIT M V,,,,,2,,,KWEV,https://kwev.com,200-8,39.95468,-74.37885,4/14/2026,456213,2026-04-14 21:00:09 UTC,P,,,6/6/2024,,,,,J1772,US,,,,Public,,public,,,OFFICE_BLDG,,,,,,,$0.45 per kWh + $0.50 connection fee,,,,,,,,,,FALSE,,,,,,,,LD,FALSE,
ELEC,KWEV - 1500 Avenue of the states,1500 Ave of the states,,Lakewood,NJ,8701,,888-505-5938,E,,Public,24 hours daily,CREDIT M V,,,,,6,,,KWEV,https://kwev.com,200-8,40.07371,-74.1942,4/14/2026,456214,2026-04-14 21:00:09 UTC,P,,,3/9/2026,,,,,J1772,US,,,,Public,,public,,,OFFICE_BLDG,,,,,,,$0.30 per kWh + $0.50 connection fee,,,,,,,,,,FALSE,,,,,,,,LD,FALSE,
ELEC,KWEV - 400 Robinson Circle,400 Robinson Cir,,Glassboro,NJ,8028,,888-505-5938,E,,Public,24 hours daily,CREDIT M V,,,,,10,,,KWEV,https://kwev.com,200-8,39.71067,-75.11999,4/14/2026,456216,2026-04-14 21:00:09 UTC,P,,,12/2/2025,,,,,J1772,US,,,,Public,,public,,,OFFICE_BLDG,,,,,,,$0.35 per kWh + $0.50 connection fee,,,,,,,,,,FALSE,,,,,,,,LD,FALSE,
ELEC,KWEV - 515 Mullica Hill Rd,515 Mullica Hill Rd,,Glassboro,NJ,8028,,888-505-5938,E,,Public,24 hours daily,CREDIT M V,,,,,10,,,KWEV,https://kwev.com,200-8,39.71198,-75.12973,4/14/2026,456217,2026-04-14 21:00:09 UTC,P,,,12/2/2025,,,,,J1772,US,,,,Public,,public,,,OFFICE_BLDG,,,,,,,$0.35 per kWh + $0.50 connection fee,,,,,,,,,,FALSE,,,,,,,,LD,FALSE,
ELEC,KWEV - 6950 US-9,6950 US-9,,Howell,NJ,7731,,888-505-5938,E,,Public,24 hours daily,CREDIT M V,,,,,4,,,KWEV,https://kwev.com,200-8,40.11035,-74.2195,4/14/2026,456218,2026-04-14 21:00:09 UTC,P,,,3/12/2026,,,,,J1772,US,,,,Public,,public,,,OFFICE_BLDG,,,,,,,$0.30 per kWh + $0.50 connection fee,,,,,,,,,,FALSE,,,,,,,,LD,FALSE,
ELEC,KWEV - 802 Main St,802 Main St,,Toms River,NJ,8753,,888-505-5938,E,,Public,24 hours daily,CREDIT M V,,,,,10,,,KWEV,https://kwev.com,200-8,39.96022,-74.20116,4/14/2026,456219,2026-04-14 21:00:09 UTC,P,,,7/9/2025,,,,,J1772,US,,,,Public,,public,,,MULTI_UNIT_DWELLING,,,,,,,$0.50 per kWh + $0.50 connection fee,,,,,,,,,,FALSE,,,,,,,,LD,FALSE,
ELEC,KWEV - 1800 Lakewood Rd,1800 Lakewood Rd,,Toms River,NJ,8755,,888-505-5938,E,,Public,24 hours daily,CREDIT M V,,,,,4,,,KWEV,https://kwev.com,200-8,40.01647,-74.22008,4/14/2026,456220,2026-04-14 21:00:09 UTC,P,,,6/26/2024,,,,,J1772,US,,,,Public,,public,,,OFFICE_BLDG,,,,,,,$0.20 per kWh + $0.50 connection fee,,,,,,,,,,FALSE,,,,,,,,LD,FALSE,
ELEC,KWEV - 2148 Lakewood Rd,2148 Lakewood Rd,,Toms River,NJ,8755,,888-505-5938,E,,Public,24 hours daily,CREDIT M V,,,,,8,,,KWEV,https://kwev.com,200-8,40.03321,-74.22435,4/14/2026,456221,2026-04-14 21:00:09 UTC,P,,,11/22/2023,,,,,J1772,US,,,,Public,,public,,,SHOPPING_CENTER,,,,,,,$0.40 per kWh + $0.50 connection fee,,,,,,,,,,FALSE,,,,,,,,LD,FALSE,
ELEC,KWEV - 605 7th St,605 7th St,,Lakewood,NJ,8701,,888-505-5938,E,,Public,24 hours daily,CREDIT M V,,,,,6,,,KWEV,https://kwev.com,200-8,40.09664,-74.22158,4/14/2026,456224,2026-04-14 21:00:09 UTC,P,,,12/16/2025,,,,,J1772,US,,,,Public,,public,,,SCHOOL,,,,,,,$0.50 per kWh + $1.00 connection fee,,,,,,,,,,FALSE,,,,,,,,LD,FALSE,
ELEC,KWEV - 901 Madison Ave,901 Madison Ave,,Lakewood,NJ,8701,,888-505-5938,E,,Public,24 hours daily,CREDIT M V,,,,,4,,,KWEV,https://kwev.com,200-8,40.09922,-74.21687,4/14/2026,456225,2026-04-14 21:00:09 UTC,P,,,4/29/2025,,,,,J1772,US,,,,Public,,public,,,PLACE_OF_WORSHIP,,,,,,,$0.50 per kWh + $1.00 connection fee,,,,,,,,,,FALSE,,,,,,,,LD,FALSE,
ELEC,KWEV - 1255 Whitehorse Mercerville Rd,1255 Whitehorse Mercerville Rd,,Hamilton Township,NJ,8619,,888-505-5938,E,,Public,24 hours daily,CREDIT M V,,,,,4,,,KWEV,https://kwev.com,200-8,40.21058,-74.6912,4/14/2026,456228,2026-04-14 21:00:09 UTC,P,,,11/20/2025,,,,,J1772,US,,,,Public,,public,,,OFFICE_BLDG,,,,,,,$0.45 per kWh + $0.50 connection fee,,,,,,,,,,FALSE,,,,,,,,LD,FALSE,
ELEC,KWEV - 465 U.S. 202,465 U.S. 202,,Towaco,NJ,7082,,888-505-5938,E,,Public,24 hours daily,CREDIT M V,,,,,11,,,KWEV,https://kwev.com,200-8,40.91737,-74.35243,4/14/2026,456229,2026-04-14 21:00:09 UTC,P,,,1/27/2026,,,,,J1772,US,,,,Public,,public,,,MULTI_UNIT_DWELLING,,,,,,,$0.50 per kWh + $0.50 connection fee,,,,,,,,,,FALSE,,,,,,,,LD,FALSE,
ELEC,KWEV - 280 Fulton St,280 Fulton St,,New Brunswick,NJ,8901,,888-505-5938,E,,Public,24 hours daily,CREDIT M V,,,,,4,,,KWEV,https://kwev.com,200-8,40.48284,-74.45719,4/14/2026,456230,2026-04-14 21:00:09 UTC,P,,,12/30/2025,,,,,J1772,US,,,,Public,,public,,,MULTI_UNIT_DWELLING,,,,,,,$0.40 per kWh + $0.50 connection fee,,,,,,,,,,FALSE,,,,,,,,LD,FALSE,
ELEC,KWEV - 33 Mill St,33 Mill St,,Newton,NJ,7860,,888-505-5938,E,,Public,24 hours daily,CREDIT M V,,,,,6,,,KWEV,https://kwev.com,200-8,41.06098,-74.75429,4/14/2026,456231,2026-04-14 21:00:09 UTC,P,,,11/5/2025,,,,,J1772,US,,,,Public,,public,,,MULTI_UNIT_DWELLING,,,,,,,$0.40 per kWh + $0.50 connection fee,,,,,,,,,,FALSE,,,,,,,,LD,FALSE,
ELEC,KWEV - 133 Franklin Corner Rd,133 Franklin Corner Rd,,Lawrence Township,NJ,8648,,888-505-5938,E,,Public,24 hours daily,CREDIT M V,,,,,4,,,KWEV,https://kwev.com,200-8,40.27869,-74.71435,4/14/2026,456232,2026-04-14 21:00:09 UTC,P,,,9/16/2025,,,,,J1772,US,,,,Public,,public,,,OFFICE_BLDG,,,,,,,$0.45 per kWh + $0.50 connection fee,,,,,,,,,,FALSE,,,,,,,,LD,FALSE,
ELEC,KWEV - 295 Polifly Rd,295 Polifly Rd,,Hackensack,NJ,7601,,888-505-5938,E,,Public,24 hours daily,CREDIT M V,,,,,8,,,KWEV,https://kwev.com,200-8,40.87304,-74.06203,4/14/2026,456234,2026-04-14 21:00:09 UTC,P,,,5/13/2025,,,,,J1772,US,,,,Public,,public,,,MULTI_UNIT_DWELLING,,,,,,,$0.05 per minute + $0.50 connection fee,,,,,,,,,,FALSE,,,,,,,,LD,FALSE,
ELEC,The Kempson - Public,212 Durham Avenue,,Metuchen,NJ,8840,,888-998-2546,E,,Public,24 hours daily,,,,,,6,,,Blink Network,https://blinkcharging.com,GPS,40.54323703,-74.37401655,8/26/2026,456340,2026-08-26 00:09:44 UTC,,,,3/24/2026,,,,,J1772,US,,,,Public,,public,,,,,,,,,,,,,,,,,,,,FALSE,,,,,,,,,FALSE,
ELEC,WASH HOUNDS RT 23,1167 NJ-23,,Kinnelon,NJ,7405,,888-758-4389,E,,Public,24 hours daily,,,,,,2,,,ChargePoint Network,https://www.chargepoint.com,GPS,40.989415,-74.335938,8/26/2026,456418,2026-08-26 03:13:17 UTC,,,,3/25/2026,,,,,J1772,US,,,,Public,,public,,,,,,,,,,,,,,,,,,,,FALSE,,,,,,,,,FALSE,
ELEC,MUNICIPAL LOT 2 ICE ARENA 2,1 Arena Dr,,East Brunswick,NJ,8816,,888-758-4389,E,,Public,24 hours daily,,,,,,2,,,ChargePoint Network,https://www.chargepoint.com,GPS,40.452295,-74.40414,8/26/2026,456512,2026-08-26 03:10:19 UTC,,,,3/27/2026,,,,,J1772,US,,,,Public,,public,,,,,,,,,,,,,,,,,,,,FALSE,,,,,,,,,FALSE,
ELEC,MUNICIPAL LOT 2 ICE ARENA 1,1 Arena Drive,,East Brunswick,NJ,8816,,888-758-4389,E,,Public,24 hours daily,,,,,,2,,,ChargePoint Network,https://www.chargepoint.com,GPS,40.452072,-74.403658,8/26/2026,456513,2026-08-26 03:10:28 UTC,,,,3/27/2026,,,,,J1772,US,,,,Public,,public,,,,,,,,,,,,,,,,,,,,FALSE,,,,,,,,,FALSE,
ELEC,CALDWELL BORO 80 BLOOMFIELD 1,80 Bloomfield Avenue,,Caldwell,NJ,7006,,888-758-4389,E,,Public,24 hours daily,,,,,,2,,,ChargePoint Network,https://www.chargepoint.com,GPS,40.835099,-74.265998,8/26/2026,456610,2026-08-26 03:12:51 UTC,,,,3/29/2026,,,,,J1772,US,,,,Public,,public,,,,,,,,,,,,,,,,,,,,FALSE,,,,,,,,,FALSE,
ELEC,2500 Vetter,2500 Vetter Drive,,Franklin Township,NJ,8823,,888-356-8911,E,,Public,24 hours daily,,,,,,2,,,FLO,https://www.flo.com,GPS,40.424779,-74.5711829,8/26/2026,456679,2026-08-26 04:16:13 UTC,,,,3/31/2026,,,,,J1772,US,,,,Public,,public,,,,,,,,,,,,,,,,,,,,FALSE,,,,,,,,,FALSE,
ELEC,300 Astor,Astor Lane,,Franklin Township,NJ,8823,,888-356-8911,E,,Public,24 hours daily,,,,,,2,,,FLO,https://www.flo.com,GPS,40.432392,-74.5542696,8/26/2026,456680,2026-08-26 04:16:13 UTC,,,,3/31/2026,,,,,J1772,US,,,,Public,,public,,,,,,,,,,,,,,,,,,,,FALSE,,,,,,,,,FALSE,
ELEC,700 Astor,700 Astor Lane,,Franklin Township,NJ,8823,,888-356-8911,E,,Public,24 hours daily,,,,,,2,,,FLO,https://www.flo.com,GPS,40.4324591,-74.5553393,8/26/2026,456681,2026-08-26 04:16:13 UTC,,,,3/31/2026,,,,,J1772,US,,,,Public,,public,,,,,,,,,,,,,,,,,,,,FALSE,,,,,,,,,FALSE,
ELEC,GATEWAY KIA NB CPE250 STATION1,720 Carolier Lane,,North Brunswick Township,NJ,8902,,888-758-4389,E,,Public,24 hours daily,,,,,,,1,,ChargePoint Network,https://www.chargepoint.com,GPS,40.463695,-74.449776,8/26/2026,456705,2026-08-26 03:12:25 UTC,,,,4/1/2026,,,,,CHADEMO J1772COMBO,US,,,,Public,,public,,,,,,,,,,,,,,,,,,,,FALSE,,,,,,,,,FALSE,
ELEC,LAWRENCE TWP SENIOR CTR ST1,30 East Darrah Lane,,Lawrence Township,NJ,8648,,888-758-4389,E,,Public,24 hours daily,,,,,,2,,,ChargePoint Network,https://www.chargepoint.com,GPS,40.266792,-74.720512,8/26/2026,456716,2026-08-26 03:13:32 UTC,,,,4/1/2026,,,,,J1772,US,,,,Public,,public,,,,,,,,,,,,,,,,,,,,FALSE,,,,,,,,,FALSE,
ELEC,"Mountain Lakes, NJ Rechargery Relay @ Wawa - US-46",370 US-46,,Mountain Lakes,NJ,7046,,833-466-2474,E,,Public,24 hours daily,,,,,,,8,,IONNA,https://www.ionna.com,GPS,40.885332,-74.463635,8/26/2026,456877,2026-08-26 05:15:47 UTC,,,,4/2/2026,,,,,J1772COMBO TESLA,US,,,,Public,,public,,,,,,,,,,,,,,,,,,,,FALSE,,,,,,,,,FALSE,
ELEC,Walmart EV Charging,326 W Main St,,Freehold,NJ,7728,,833-886-9393,E,,Public,24 hours daily,CREDIT Debit,,,,,,8,,WALMART,https://www.walmart.com/cp/ev/9145505,GPS,40.243703,-74.293521,8/11/2026,457038,2026-08-24 14:27:40 UTC,P,,,3/31/2026,,,,,J1772COMBO TESLA,US,,,,Public,,public,,,SHOPPING_CENTER,,,,,,,$0.39 per kWh,,,,,,,,,,FALSE,,,,,,,,LD,FALSE,
ELEC,Woodmont Forge Poweral,100 Forge Cir,,Pennington,NJ,8534,,313-262-6722,E,,Public,,,,,,,15,,,RED_E,https://www.redecharge.com,GPS,40.286139,-74.761889,8/26/2026,457238,2026-08-26 05:24:12 UTC,,,,3/9/2026,,,,,J1772,US,,,,Public,,public,,,MULTI_UNIT_DWELLING,,,,,,,,,,,,,,,,,FALSE,,,,,,,,,FALSE,
ELEC,"Urban Edge Properties Marlton Commons (Marlton, NJ)",307 Rte 70 W,,Marlton,NJ,8053,,833-632-2778,E,,Public,24 hours daily,,,,,,,6,,Electrify America,https://www.electrifyamerica.com,GPS,39.89586,-74.93017,8/26/2026,457280,2026-08-26 03:38:47 UTC,,,,4/8/2026,,,,,J1772COMBO,US,,,,Public,,public,,,,,,,,,,,,,,,,,,,,FALSE,,,,,,,,,FALSE,
ELEC,The Preserve at Hillsdale,305 Patterson Street,,Hillsdale,NJ,7642,,888-998-2546,E,,Public,24 hours daily,,,,,,2,,,Blink Network,https://blinkcharging.com,GPS,41.00897,-74.044776,8/26/2026,457294,2026-08-26 00:48:12 UTC,,,,4/8/2026,,,,,J1772,US,,,,Public,,public,,,,,,,,,,,,,,,,,,,,FALSE,,,,,,,,,FALSE,
ELEC,VERONA TOWNSHIP MUNI COURT ST2,880 Bloomfield Avenue,Behind building,Verona,NJ,7044,,888-758-4389,E,,Public,24 hours daily,,,,,,2,,,ChargePoint Network,https://www.chargepoint.com,GPS,40.835322,-74.256925,8/26/2026,457319,2026-08-26 03:13:56 UTC,,,,4/9/2026,,,,,J1772,US,,,,Public,,public,,,,,,,,,,,,,,,,,,,,FALSE,,,,,,,,,FALSE,
ELEC,1200 MacArthur Blvd Poweral,1200 MacArthur Blvd,,Mahwah,NJ,7430,,313-262-6722,E,,Public,,,,,,,12,,,RED_E,https://www.redecharge.com,GPS,41.07799,-74.16093,8/26/2026,457527,2026-08-26 05:23:57 UTC,,,,3/26/2026,,,,,J1772 TESLA,US,,,,Public,,public,,,PUBLIC,,,,,,,,,,,,,,,,,FALSE,,,,,,,,,FALSE,
ELEC,HOV_EV_CHRG HOV_EV_CHRG,89 Twin Rivers Dr,,East Windsor,NJ,8520,,888-758-4389,E,,Public,24 hours daily,,,,,,2,,,ChargePoint Network,https://www.chargepoint.com,GPS,40.261367,-74.499241,8/26/2026,457792,2026-08-26 03:08:57 UTC,,,,4/17/2026,,,,,J1772,US,,,,Public,,public,,,,,,,,,,,,,,,,,,,,FALSE,,,,,,,,,FALSE,
ELEC,COLLECTION #1 COLLECTION #1,5000 Mary Ashby Way,Mary Ashby Way,Pennington,NJ,8534,,888-758-4389,E,,Public,24 hours daily,,,,,,2,,,ChargePoint Network,https://www.chargepoint.com,GPS,40.303399,-74.79233,8/26/2026,457813,2026-08-26 03:13:07 UTC,,,,4/17/2026,,,,,J1772,US,,,,Public,,public,,,,,,,,,,,,,,,,,,,,FALSE,,,,,,,,,FALSE,
ELEC,TMARUR BUILDING E,37 West Hancock Street,,Riverside,NJ,8075,,888-758-4389,E,,Public,24 hours daily,,,,,,2,,,ChargePoint Network,https://www.chargepoint.com,GPS,40.036879,-74.961626,8/26/2026,457847,2026-08-26 03:14:09 UTC,,,,4/17/2026,,,,,J1772,US,,,,Public,,public,,,,,,,,,,,,,,,,,,,,FALSE,,,,,,,,,FALSE,
ELEC,OCR OCEAN CHARG #10,500 Boardwalk,4th Floor Self Parking Garage,Atlantic City,NJ,8401,,888-758-4389,E,,Public,24 hours daily,,,,,,2,,,ChargePoint Network,https://www.chargepoint.com,GPS,39.362236,-74.414806,8/26/2026,457918,2026-08-26 03:14:19 UTC,,,,4/18/2026,,,,,J1772,US,,,,Public,,public,,,,,,,,,,,,,,,,,,,,FALSE,,,,,,,,,FALSE,
ELEC,OCR OCEAN CHARG #9,500 Boardwalk,4th Floor Self Parking Garage,Atlantic City,NJ,8401,,888-758-4389,E,,Public,24 hours daily,,,,,,2,,,ChargePoint Network,https://www.chargepoint.com,GPS,39.362306,-74.414728,8/26/2026,457919,2026-08-26 03:14:19 UTC,,,,4/18/2026,,,,,J1772,US,,,,Public,,public,,,,,,,,,,,,,,,,,,,,FALSE,,,,,,,,,FALSE,
ELEC,OCR OCEAN CHARG #8,500 Boardwalk,4th Floor Self Parking Garage,Atlantic City,NJ,8401,,888-758-4389,E,,Public,24 hours daily,,,,,,2,,,ChargePoint Network,https://www.chargepoint.com,GPS,39.36228,-74.414764,8/26/2026,457920,2026-08-26 03:14:19 UTC,,,,4/18/2026,,,,,J1772,US,,,,Public,,public,,,,,,,,,,,,,,,,,,,,FALSE,,,,,,,,,FALSE,
ELEC,OCR OCEAN CHARG #7,500 Boardwalk,4th Floor Self Parking Garage,Atlantic City,NJ,8401,,888-758-4389,E,,Public,24 hours daily,,,,,,2,,,ChargePoint Network,https://www.chargepoint.com,GPS,39.36223,-74.414805,8/26/2026,457921,2026-08-26 03:14:20 UTC,,,,4/18/2026,,,,,J1772,US,,,,Public,,public,,,,,,,,,,,,,,,,,,,,FALSE,,,,,,,,,FALSE,
ELEC,OCR OCEAN CHARG #6,500 Boardwalk,4th Floor Self Parking Garage,Atlantic City,NJ,8401,,888-758-4389,E,,Public,24 hours daily,,,,,,2,,,ChargePoint Network,https://www.chargepoint.com,GPS,39.362253,-74.414807,8/26/2026,457922,2026-08-26 03:14:20 UTC,,,,4/18/2026,,,,,J1772,US,,,,Public,,public,,,,,,,,,,,,,,,,,,,,FALSE,,,,,,,,,FALSE,
ELEC,2419 Bridge Ave Parking Lot,2419 Bridge Avenue,,Point Pleasant,NJ,8742,,888-356-8911,E,,Public,24 hours daily,,,,,,1,,,FLO,https://www.flo.com,GPS,40.0735883,-74.0757116,8/26/2026,458257,2026-08-26 04:16:15 UTC,,,,4/25/2026,,,,,J1772,US,,,,Public,,public,,,,,,,,,,,,,,,,,,,,FALSE,,,,,,,,,FALSE,
ELEC,RP10 STATION 11,10 Westfield Avenue West,charger 11,Elizabeth,NJ,7208,,888-758-4389,E,,Public,24 hours daily,,,,,,1,,,ChargePoint Network,https://www.chargepoint.com,GPS,40.661096,-74.265544,8/26/2026,458290,2026-08-26 03:11:52 UTC,,,,4/28/2026,,,,,J1772,US,,,,Public,,public,,,,,,,,,,,,,,,,,,,,FALSE,,,,,,,,,FALSE,
ELEC,Acura of Ocean,909 NJ-35,,Ocean Township,NJ,7712,,888-807-4522,E,,Public,24 hours daily,,,,,,3,2,,SYNERGEV,https://synergev.com,GPS,40.23392,-74.037495,8/26/2026,458390,2026-08-26 05:39:33 UTC,,,,4/29/2026,,,,,J1772 J1772COMBO,US,,,,Public,,public,,,,,,,,,,,,,,,,,,,,FALSE,,,,,,,,,FALSE,
ELEC,SPRINGPOINT STATION ONELEFT,333 Elmwood Avenue,,Maplewood,NJ,7040,,888-758-4389,E,,Public,24 hours daily,,,,,,1,,,ChargePoint Network,https://www.chargepoint.com,GPS,40.726913,-74.254613,8/26/2026,458449,2026-08-26 03:15:03 UTC,,,,4/30/2026,,,,,J1772,US,,,,Public,,public,,,,,,,,,,,,,,,,,,,,FALSE,,,,,,,,,FALSE,
ELEC,600 Danbury Summerfields,600 Danbury Lane,,Franklin Township,NJ,8873,,888-356-8911,E,,Public,24 hours daily,,,,,,2,,,FLO,https://www.flo.com,GPS,40.5327461,-74.5594447,8/26/2026,458482,2026-08-26 04:16:15 UTC,,,,4/30/2026,,,,,J1772,US,,,,Public,,public,,,,,,,,,,,,,,,,,,,,FALSE,,,,,,,,,FALSE,
ELEC,1800 Dudley-Summerfields,1800 Dudley Lane,,Franklin Township,NJ,8873,,888-356-8911,E,,Public,24 hours daily,,,,,,2,,,FLO,https://www.flo.com,GPS,40.5331627,-74.5608068,8/26/2026,458483,2026-08-26 04:16:15 UTC,,,,4/30/2026,,,,,J1772,US,,,,Public,,public,,,,,,,,,,,,,,,,,,,,FALSE,,,,,,,,,FALSE,
ELEC,255 NJ-18,255 NJ-18,,East Brunswick,NJ,8816,,833-611-5965,E,,Public,24 hours daily,,,,,,12,,,VIALYNK,https://www.lynkwell.com,GPS,40.46202,-74.40418,8/26/2026,458488,2026-08-26 04:48:26 UTC,,,,4/30/2026,,,,,J1772,US,,,,Public,,public,,,,,,,,,,,,,,,,,,,,FALSE,,,,,,,,,FALSE,
ELEC,The American,1000 The American Road,,Morris Plains,NJ,7950,,888-998-2546,E,,Public,24 hours daily,,,,,,4,,,Blink Network,https://blinkcharging.com,GPS,40.82458379,-74.47176166,8/26/2026,458588,2026-08-26 00:53:48 UTC,,,,10/21/2024,,,,,J1772,US,,,,Public,,public,,,,,,,,,,,,,,,,,,,,FALSE,,,,,,,,,FALSE,
ELEC,BUILDING 4 STATION 1B,3 Ronson Rd,,Woodbridge Township,NJ,8830,,888-758-4389,E,,Public,24 hours daily,,,,,,1,,,ChargePoint Network,https://www.chargepoint.com,GPS,40.556493,-74.317002,8/26/2026,458633,2026-08-26 03:12:54 UTC,,,,5/2/2026,,,,,J1772,US,,,,Public,,public,,,,,,,,,,,,,,,,,,,,FALSE,,,,,,,,,FALSE,
ELEC,BUILDING 4 STATION 1A,3 Ronson Rd,,Woodbridge Township,NJ,8830,,888-758-4389,E,,Public,24 hours daily,,,,,,1,,,ChargePoint Network,https://www.chargepoint.com,GPS,40.556493,-74.317023,8/26/2026,458634,2026-08-26 03:12:54 UTC,,,,5/2/2026,,,,,J1772,US,,,,Public,,public,,,,,,,,,,,,,,,,,,,,FALSE,,,,,,,,,FALSE,
ELEC,BUILDING 4 STATION 2,3 Ronson Rd,,Woodbridge Township,NJ,8830,,888-758-4389,E,,Public,24 hours daily,,,,,,1,,,ChargePoint Network,https://www.chargepoint.com,GPS,40.55686,-74.317871,8/26/2026,458641,2026-08-26 03:14:08 UTC,,,,5/2/2026,,,,,J1772,US,,,,Public,,public,,,,,,,,,,,,,,,,,,,,FALSE,,,,,,,,,FALSE,
ELEC,BUILDING 4 STATION 2B,3 Ronson Rd,,Woodbridge Township,NJ,8830,,888-758-4389,E,,Public,24 hours daily,,,,,,1,,,ChargePoint Network,https://www.chargepoint.com,GPS,40.556856,-74.317886,8/26/2026,458642,2026-08-26 03:14:08 UTC,,,,5/2/2026,,,,,J1772,US,,,,Public,,public,,,,,,,,,,,,,,,,,,,,FALSE,,,,,,,,,FALSE,
ELEC,BUILDING 4 STATION 4B,3 Ronson Rd,,Woodbridge Township,NJ,8830,,888-758-4389,E,,Public,24 hours daily,,,,,,1,,,ChargePoint Network,https://www.chargepoint.com,GPS,40.557659,-74.318171,8/26/2026,458643,2026-08-26 03:14:08 UTC,,,,5/2/2026,,,,,J1772,US,,,,Public,,public,,,,,,,,,,,,,,,,,,,,FALSE,,,,,,,,,FALSE,
ELEC,BUILDING 4 STATION 3A,3 Ronson Rd,,Woodbridge Township,NJ,8830,,888-758-4389,E,,Public,24 hours daily,,,,,,1,,,ChargePoint Network,https://www.chargepoint.com,GPS,40.557284,-74.318236,8/26/2026,458644,2026-08-26 03:14:08 UTC,,,,5/2/2026,,,,,J1772,US,,,,Public,,public,,,,,,,,,,,,,,,,,,,,FALSE,,,,,,,,,FALSE,
ELEC,BUILDING 4 STATION 4A,1500 Ronson Rd,,Woodbridge Township,NJ,8830,,888-758-4389,E,,Public,24 hours daily,,,,,,1,,,ChargePoint Network,https://www.chargepoint.com,GPS,40.55765,-74.318204,8/26/2026,458645,2026-08-26 03:14:09 UTC,,,,5/2/2026,,,,,J1772,US,,,,Public,,public,,,,,,,,,,,,,,,,,,,,FALSE,,,,,,,,,FALSE,
ELEC,BUILDING 4 STATION 3B,3 Ronson Rd,,Woodbridge Township,NJ,8830,,888-758-4389,E,,Public,24 hours daily,,,,,,1,,,ChargePoint Network,https://www.chargepoint.com,GPS,40.557341,-74.318322,8/26/2026,458646,2026-08-26 03:14:09 UTC,,,,5/2/2026,,,,,J1772,US,,,,Public,,public,,,,,,,,,,,,,,,,,,,,FALSE,,,,,,,,,FALSE,
ELEC,SPRINGPOINT STATIONRIGHT,333 Elmwood Avenue,,Maplewood,NJ,7040,,888-758-4389,E,,Public,24 hours daily,,,,,,1,,,ChargePoint Network,https://www.chargepoint.com,GPS,40.726932,-74.254707,8/26/2026,458662,2026-08-26 03:15:03 UTC,,,,5/2/2026,,,,,J1772,US,,,,Public,,public,,,,,,,,,,,,,,,,,,,,FALSE,,,,,,,,,FALSE,
ELEC,McDonald's #3389,189 U.S. 46,,Saddle Brook,NJ,7663,,888-998-2546,E,,Public,24 hours daily,,,,,,2,,,Blink Network,https://blinkcharging.com,GPS,40.89049169,-74.0942403,8/26/2026,458709,2026-08-26 00:09:51 UTC,,,,1/17/2024,,,,,J1772,US,,,,Public,,public,,,,,,,,,,,,,,,,,,,,FALSE,,,,,,,,,FALSE,
ELEC,Chimney Rock MB.HPC,319 Chimney Rock Rd,,Bridgewater,NJ,8807,,833-622-4743,P,5/6/2026,PLANNED - not yet accessible (Public),Open to all EV drivers,,,,,,,8,,MERCEDES_BENZ,https://www.mbusa.com/en/ev-charging-stations,GPS,40.575228,-74.56049,8/26/2026,458921,2026-08-26 05:44:08 UTC,,,,,,,,,J1772COMBO TESLA,US,,,,PRÉVU - pas encore accessible (Public),,public,,,,,,,,,,,,,,,,,,,,FALSE,,,,,,,,,FALSE,
ELEC,OFFICE PARKING 512 CHESTNUT,512 Chestnut Street,,Lakewood,NJ,8701,,888-758-4389,E,,Public,24 hours daily,,,,,,2,,,ChargePoint Network,https://www.chargepoint.com,GPS,40.050903,-74.198776,8/26/2026,459030,2026-08-26 03:15:17 UTC,,,,5/7/2026,,,,,J1772,US,,,,Public,,public,,,,,,,,,,,,,,,,,,,,FALSE,,,,,,,,,FALSE,
ELEC,Orchid Park,Magnolia Circle,,Scotch Plains,NJ,7076,,888-356-8911,E,,Public,24 hours daily,,,,,,10,,,FLO,https://www.flo.com,GPS,40.6255714,-74.3728302,8/26/2026,459052,2026-08-26 04:16:15 UTC,,,,5/7/2026,,,,,J1772,US,,,,Public,,public,,,,,,,,,,,,,,,,,,,,FALSE,,,,,,,,,FALSE,
ELEC,Spark Hotel,680 NJ-3,,Clifton,NJ,7012,,833-611-5965,E,,Public,24 hours daily,,,,,,6,,,VIALYNK,https://www.lynkwell.com,GPS,40.83557,-74.14882,8/26/2026,459220,2026-08-26 04:48:27 UTC,,,,5/8/2026,,,,,J1772,US,,,,Public,,public,,,,,,,,,,,,,,,,,,,,FALSE,,,,,,,,,FALSE,
ELEC,111 Madison Ave - 111 Parking Lot,111 Madison Ave,,Morristown,NJ,7960,,813-492-5220,E,,Public,24 hours daily,,,,,,2,,,EVOKE,https://evokesystems.com,GPS,40.7872535,-74.4629714,6/12/2026,459308,2026-06-12 17:15:57 UTC,P,,,12/4/2025,,,,,J1772,US,,,,Public,,public,,,HOSPITAL,,,,,,,$0.75 initiation fee; $0.40 per kWh,,,,,,,,,,FALSE,,,,,,,,LD,FALSE,
ELEC,Hikma Pharmaceuticals - Hikma Parking Lot,2 Esterbrook Ln,,Cherry Hill Township,NJ,8003,,813-492-5220,E,,Private,24 hours daily,,,,,,2,,,EVOKE,https://evokesystems.com,GPS,39.9157115,-74.9675388,6/12/2026,459323,2026-06-12 17:15:57 UTC,P,,,3/13/2026,,,,,J1772,US,,,,Privé,,private,,,OFFICE_BLDG,,,,,,,Free,,,,,,,,,,,,,,,,,,LD,TRUE,
ELEC,Ellipse at Newport - Parking Garage Level 1,25 Park Ln S,,Jersey City,NJ,7310,,813-492-5220,E,,Public,24 hours daily,,,,,,4,,,EVOKE,https://evokesystems.com,GPS,40.7308888,-74.0303439,6/12/2026,459331,2026-06-12 17:15:57 UTC,P,,,7/25/2025,,,,,J1772,US,,,,Public,,public,,,MULTI_UNIT_DWELLING,,,,,,,$1.50 initiation fee; $0.35 per kWh; $5 per hour idle fee,,,,,,,,,,FALSE,,,,,,,,LD,FALSE,
ELEC,Barclays Whippany Garage 400,400 Jefferson Park,,Whippany,NJ,7981,,813-492-5220,E,,Private,24 hours daily,,,,,,48,,,EVOKE,https://evokesystems.com,GPS,40.814056,-74.439605,6/12/2026,459369,2026-06-12 17:15:57 UTC,P,,,3/14/2024,,,,,J1772,US,,,,Privé,,private,,,OFFICE_BLDG,,,,,,,$0.50 initiation fee; $0.16 per kWh,,,,,,,,,,,,,,,,,,LD,FALSE,
ELEC,ROWAN UNIV FOSSIL EFM2,66 Million Mosasaur Wy,,Mantua Township,NJ,8080,,888-758-4389,E,,Public,24 hours daily,,,,,,2,,,ChargePoint Network,https://www.chargepoint.com,GPS,39.762841,-75.128223,8/26/2026,459478,2026-08-26 02:37:32 UTC,,,,5/12/2026,,,,,J1772,US,,,,Public,,public,,,,,,,,,,,,,,,,,,,,FALSE,,,,,,,,,FALSE,
ELEC,ROWAN UNIV FOSSIL EFM3,66 Million Mosasaur Wy,,Mantua Township,NJ,8080,,888-758-4389,E,,Public,24 hours daily,,,,,,2,,,ChargePoint Network,https://www.chargepoint.com,GPS,39.762832,-75.128276,8/26/2026,459479,2026-08-26 02:37:32 UTC,,,,5/12/2026,,,,,J1772,US,,,,Public,,public,,,,,,,,,,,,,,,,,,,,FALSE,,,,,,,,,FALSE,
ELEC,Steals and Deals,413 E Absecon Blvd,,Absecon,NJ,8201,,949-945-2000,E,,Public,24 hours daily,,,,,,,2,,EVGATEWAY,https://evgateway.com,GPS,39.4171085,-74.4927671,8/26/2026,459511,2026-08-26 04:56:07 UTC,,,,5/12/2026,,,,,J1772COMBO,US,,,,Public,,public,,,,,,,,,,,,,,,,,,,,FALSE,,,,,,,,,FALSE,
ELEC,ESSEX COUNTY GLENFIELD 6K1,63 Maple Avenue,,Montclair,NJ,7042,,888-758-4389,E,,Public,24 hours daily,,,,,,2,,,ChargePoint Network,https://www.chargepoint.com,GPS,40.804641,-74.212214,8/26/2026,459753,2026-08-26 03:15:33 UTC,,,,5/16/2026,,,,,J1772,US,,,,Public,,public,,,,,,,,,,,,,,,,,,,,FALSE,,,,,,,,,FALSE,
ELEC,The Gardens at Roseland,146 Harrison Avenue,,Roseland,NJ,7068,,855-885-9571,E,,Public,24 hours daily,,,,,,8,,,OpConnect,https://opconnect-ev.com,GPS,40.8260333,-74.3028852,8/26/2026,459806,2026-08-26 03:46:07 UTC,,,,5/17/2026,,,,,J1772,US,,,,Public,,public,,,,,,,,,,,,,,,,,,,,FALSE,,,,,,,,,FALSE,
ELEC,Raising Canes - Store 963,1860 Deptford Center Road,,Woodbury,NJ,8096,,888-998-2546,T,7/22/2026,TEMPORARILY UNAVAILABLE (Public),24 hours daily,,,,,,2,,,Blink Network,https://blinkcharging.com,GPS,39.82907407,-75.09258057,8/26/2026,459814,2026-08-26 00:34:35 UTC,,,,2/26/2024,,,,,J1772,US,,,,TEMPORAIREMENT SUSPENDU (Public),,public,,,,,,,,,,,,,,,,,,,,FALSE,,,,,,,,,FALSE,
ELEC,YORK STREET LOT 82,141 New York Ave,Parking Lot,Jersey City,NJ,7307,,888-758-4389,E,,Public,24 hours daily,,,,,,1,,,ChargePoint Network,https://www.chargepoint.com,GPS,40.741051,-74.04749,8/26/2026,459955,2026-08-26 03:03:02 UTC,,,,5/22/2026,,,,,J1772,US,,,,Public,,public,,,,,,,,,,,,,,,,,,,,FALSE,,,,,,,,,FALSE,
ELEC,YORK STREET LOT 83,141 New York Ave,Parking Lot,Jersey City,NJ,7307,,888-758-4389,E,,Public,24 hours daily,,,,,,1,,,ChargePoint Network,https://www.chargepoint.com,GPS,40.741091,-74.047458,8/26/2026,459956,2026-08-26 03:03:02 UTC,,,,5/22/2026,,,,,J1772,US,,,,Public,,public,,,,,,,,,,,,,,,,,,,,FALSE,,,,,,,,,FALSE,
ELEC,Greenspot - 1st Street Parking,158 First St,,Jersey City,NJ,7302,,866-417-0909,E,,Public,24 hours daily,A D Debit M V,,,,,,2,,Non-Networked,,GPS,40.721478,-74.040102,6/12/2026,460719,2026-06-12 17:15:57 UTC,P,,,6/5/2026,,,,,J1772COMBO,US,,,,Public,,public,,,STREET_PARKING,,,,,,,,,,,,,,,,,FALSE,,,,,,,,LD,FALSE,
ELEC,ACI Medical & Dental School,215 Broad St,,Eatontown,NJ,7724,,833-611-5965,E,,Public,24 hours daily,,,,,,4,,,VIALYNK,https://www.lynkwell.com,GPS,40.30689,-74.05068,8/26/2026,461188,2026-08-26 04:48:31 UTC,,,,6/17/2026,,,,,J1772,US,,,,Public,,public,,,,,,,,,,,,,,,,,,,,FALSE,,,,,,,,,FALSE,
ELEC,SUPPLYHOUSE CHARGER 2,20 Sigle Ln,,South Brunswick Township,NJ,8810,,888-758-4389,E,,Public,24 hours daily,,,,,,2,,,ChargePoint Network,https://www.chargepoint.com,GPS,40.373943,-74.481813,8/26/2026,461201,2026-08-26 02:26:56 UTC,,,,6/18/2026,,,,,J1772,US,,,,Public,,public,,,,,,,,,,,,,,,,,,,,FALSE,,,,,,,,,FALSE,
ELEC,HAINESPORT EV EV5,2835 Creek Rd,Center Island,Hainesport,NJ,8036,,888-758-4389,E,,Public,24 hours daily,,,,,,1,,,ChargePoint Network,https://www.chargepoint.com,GPS,39.979084,-74.852426,8/26/2026,461363,2026-08-26 03:12:02 UTC,,,,6/20/2026,,,,,J1772,US,,,,Public,,public,,,,,,,,,,,,,,,,,,,,FALSE,,,,,,,,,FALSE,
ELEC,HAINESPORT EV EV3,2835 Creek Rd,Center Island,Hainesport,NJ,8036,,888-758-4389,E,,Public,24 hours daily,,,,,,1,,,ChargePoint Network,https://www.chargepoint.com,GPS,39.97889,-74.852684,8/26/2026,461364,2026-08-26 03:12:02 UTC,,,,6/20/2026,,,,,J1772,US,,,,Public,,public,,,,,,,,,,,,,,,,,,,,FALSE,,,,,,,,,FALSE,
ELEC,Hillside Gardens  - Building 11,1200 Sunnyview Oval,,Woodbridge Township,NJ,8832,,833-611-5965,E,,Public,24 hours daily,,,,,,4,,,VIALYNK,https://www.lynkwell.com,GPS,40.52425,-74.31129,8/26/2026,461463,2026-08-26 04:48:32 UTC,,,,7/1/2026,,,,,J1772,US,,,,Public,,public,,,,,,,,,,,,,,,,,,,,FALSE,,,,,,,,,FALSE,
ELEC,Hillside Gardens - Building 14,1200 Sunnyview Oval,,Woodbridge Township,NJ,8832,,833-611-5965,E,,Public,24 hours daily,,,,,,4,,,VIALYNK,https://www.lynkwell.com,GPS,40.52412,-74.3109,8/26/2026,461464,2026-08-26 04:48:32 UTC,,,,7/1/2026,,,,,J1772,US,,,,Public,,public,,,,,,,,,,,,,,,,,,,,FALSE,,,,,,,,,FALSE,
ELEC,Hillside Gardens - Building 16,1200 Sunnyview Oval,,Woodbridge Township,NJ,8832,,833-611-5965,E,,Public,24 hours daily,,,,,,4,,,VIALYNK,https://www.lynkwell.com,GPS,40.52402,-74.31027,8/26/2026,461465,2026-08-26 04:48:33 UTC,,,,7/1/2026,,,,,J1772,US,,,,Public,,public,,,,,,,,,,,,,,,,,,,,FALSE,,,,,,,,,FALSE,
ELEC,Hackettstown Crossing,95 Main St,,Hackettstown,NJ,7840,,833-611-5965,P,6/25/2026,PLANNED - not yet accessible (Public),24 hours daily,,,,,,16,,,VIALYNK,https://www.lynkwell.com,GPS,40.85538,-74.83242,8/26/2026,461466,2026-08-26 04:48:33 UTC,,,,,,,,,J1772,US,,,,PRÉVU - pas encore accessible (Public),,public,,,,,,,,,,,,,,,,,,,,FALSE,,,,,,,,,FALSE,
ELEC,Berk and Berk at Siena,1200 Siena Drive,,Cinnaminson,NJ,8077,,888-998-2546,E,,Public,24 hours daily,,,,,,4,,,Blink Network,https://blinkcharging.com,GPS,39.990571,-75.0039753,8/26/2026,461673,2026-08-26 00:31:34 UTC,,,,1/21/2022,,,,,J1772,US,,,,Public,,public,,,,,,,,,,,,,,,,,,,,FALSE,,,,,,,,,FALSE,
ELEC,Roseland MB.HPC,12-16 Eisenhower Parkway,,Roseland,NJ,7068,,833-622-4743,E,,Public,Open to all EV drivers,,,,,,,10,,MERCEDES_BENZ,https://www.mbusa.com/en/ev-charging-stations,GPS,40.819168,-74.328659,8/26/2026,461772,2026-08-26 05:44:13 UTC,,,,6/24/2026,,,,,J1772COMBO TESLA,US,,,,Public,,public,,,,,,,,,,,,,,,,,,,,FALSE,,,,,,,,,FALSE,
ELEC,TOPGOLF USA TGPSIPP 6,1269 US-46,Southwest Parking Lot,Parsippany-Troy Hills,NJ,7054,,888-758-4389,E,,Public,24 hours daily,,,,,,2,,,ChargePoint Network,https://www.chargepoint.com,GPS,40.862302,-74.390437,8/26/2026,462576,2026-08-26 03:16:26 UTC,,,,7/2/2026,,,,,J1772 TESLA,US,,,,Public,,public,,,,,,,,,,,,,,,,,,,,FALSE,,,,,,,,,FALSE,
ELEC,TOPGOLF USA TGPSIPP 1,1269 US-46,South Parking Lot,Parsippany-Troy Hills,NJ,7054,,888-758-4389,E,,Public,24 hours daily,,,,,,1,,,ChargePoint Network,https://www.chargepoint.com,GPS,40.862326,-74.390638,8/26/2026,462577,2026-08-26 03:16:26 UTC,,,,7/2/2026,,,,,J1772 TESLA,US,,,,Public,,public,,,,,,,,,,,,,,,,,,,,FALSE,,,,,,,,,FALSE,
ELEC,TOPGOLF USA TGPSIPP 2,1269 US-46,South Parking Lot,Parsippany-Troy Hills,NJ,7054,,888-758-4389,E,,Public,24 hours daily,,,,,,2,,,ChargePoint Network,https://www.chargepoint.com,GPS,40.862341,-74.390514,8/26/2026,462578,2026-08-26 03:16:27 UTC,,,,7/2/2026,,,,,J1772 TESLA,US,,,,Public,,public,,,,,,,,,,,,,,,,,,,,FALSE,,,,,,,,,FALSE,
ELEC,TOPGOLF USA TGPSIPP 8,1269 US-46,Southwest Parking Lot,Parsippany-Troy Hills,NJ,7054,,888-758-4389,E,,Public,24 hours daily,,,,,,2,,,ChargePoint Network,https://www.chargepoint.com,GPS,40.86232,-74.390445,8/26/2026,462579,2026-08-26 03:16:27 UTC,,,,7/2/2026,,,,,J1772 TESLA,US,,,,Public,,public,,,,,,,,,,,,,,,,,,,,FALSE,,,,,,,,,FALSE,
ELEC,TOPGOLF USA TGPSIPP 7,1269 US-46,Southwest Parking Lot,Parsippany-Troy Hills,NJ,7054,,888-758-4389,E,,Public,24 hours daily,,,,,,2,,,ChargePoint Network,https://www.chargepoint.com,GPS,40.86232,-74.390514,8/26/2026,462580,2026-08-26 03:16:27 UTC,,,,7/2/2026,,,,,J1772 TESLA,US,,,,Public,,public,,,,,,,,,,,,,,,,,,,,FALSE,,,,,,,,,FALSE,
ELEC,TOPGOLF USA TGPSIPP 5,1269 US-46,Southwest Parking Lot,Parsippany-Troy Hills,NJ,7054,,888-758-4389,E,,Public,24 hours daily,,,,,,2,,,ChargePoint Network,https://www.chargepoint.com,GPS,40.862361,-74.390292,8/26/2026,462581,2026-08-26 03:16:27 UTC,,,,7/2/2026,,,,,J1772 TESLA,US,,,,Public,,public,,,,,,,,,,,,,,,,,,,,FALSE,,,,,,,,,FALSE,
ELEC,TOPGOLF USA TGPSIPP 4,1269 US-46,Southwest Parking Lot,Parsippany-Troy Hills,NJ,7054,,888-758-4389,E,,Public,24 hours daily,,,,,,2,,,ChargePoint Network,https://www.chargepoint.com,GPS,40.862318,-74.390528,8/26/2026,462582,2026-08-26 03:16:27 UTC,,,,7/2/2026,,,,,J1772 TESLA,US,,,,Public,,public,,,,,,,,,,,,,,,,,,,,FALSE,,,,,,,,,FALSE,
ELEC,Hyatt Place Fair Lawn/Paramus,41-01 Broadway 208 North,,Fair Lawn,NJ,7410,,888-717-4544,E,,Public,24 hours daily,,,,,,4,,,CHARGESMART_EV,https://chargesmartev.com,GPS,40.926628,-74.0925,8/26/2026,462614,2026-08-26 04:51:40 UTC,,,,7/2/2026,,,,,J1772,US,,,,Public,,public,,,,,,,,,,,,,,,,,,,,FALSE,,,,,,,,,FALSE,
ELEC,"BOA Union Center NJ6-241 (Union, NJ)",1930 Morris Ave,,Union,NJ,7083,,833-632-2778,E,,Public,24 hours daily,,,,,,,6,,Electrify America,https://www.electrifyamerica.com,GPS,40.69536,-74.2665,8/26/2026,462667,2026-08-26 03:38:44 UTC,,,,7/3/2026,,,,,J1772COMBO,US,,,,Public,,public,,,,,,,,,,,,,,,,,,,,FALSE,,,,,,,,,FALSE,
ELEC,Avalon Wayne,1445 Valley Rd,,Wayne,NJ,7470,,888-385-6671,E,,Public - Credit card at all times,24 hours daily,A ACCOUNT_BALANCE ANDROID_PAY APPLE_PAY D M V,,,,,39,,,LOOP,https://loopglobal.com,GPS,40.96216912,-74.22634726,7/15/2026,463221,2026-07-15 18:47:09 UTC,P,,,4/15/2026,,,,,J1772,US,,,,Public - Carte de crédit en tout temps,,public,CREDIT_CARD_ALWAYS,,OTHER,,,,,,,$1 activation fee; $0.40 per kWh,,,,,,,,,,FALSE,,,,,,,,LD,FALSE,
ELEC,175 Rutgers Ln Poweral,175 Rutgers Ln,,Parsippany-Troy Hills,NJ,7054,,313-262-6722,E,,Public,,,,,,,10,,,RED_E,https://www.redecharge.com,GPS,40.85730035,-74.35280626,8/26/2026,463295,2026-08-26 05:24:16 UTC,,,,5/26/2026,,,,,J1772 TESLA,US,,,,Public,,public,,,PUBLIC,,,,,,,,,,,,,,,,,FALSE,,,,,,,,,FALSE,
ELEC,257 Essex,257 Essex Street,,Hackensack,NJ,7601,,888-998-2546,E,,Public,24 hours daily,,,,,,4,,,Blink Network,https://blinkcharging.com,GPS,40.88135136,-74.0551651,8/26/2026,463302,2026-08-26 00:17:28 UTC,,,,7/8/2026,,,,,J1772,US,,,,Public,,public,,,,,,,,,,,,,,,,,,,,FALSE,,,,,,,,,FALSE,
ELEC,"South Brunswick, NJ Rechargery Relay @ Wawa - Rt 27",3222 Rt 27,,South Brunswick,NJ,8824,,833-466-2474,E,,Public,24 hours daily,,,,,,,10,,IONNA,https://www.ionna.com,GPS,40.432651,-74.547864,8/26/2026,463477,2026-08-26 05:15:39 UTC,,,,7/10/2026,,,,,J1772COMBO TESLA,US,,,,Public,,public,,,,,,,,,,,,,,,,,,,,FALSE,,,,,,,,,FALSE,
ELEC,BRIAD GROUP ELE WOODRIDGE,379 NJ-17,,Wood-Ridge,NJ,7075,,888-758-4389,E,,Public,24 hours daily,,,,,,2,,,ChargePoint Network,https://www.chargepoint.com,GPS,40.84879,-74.07642,8/26/2026,463637,2026-08-26 01:46:14 UTC,,,,7/15/2026,,,,,J1772,US,,,,Public,,public,,,,,,,,,,,,,,,,,,,,FALSE,,,,,,,,,FALSE,
ELEC,RHYTHM HOA 17_18,204 7th Avenue,,Asbury Park,NJ,7712,,888-758-4389,E,,Public,24 hours daily,,,,,,1,,,ChargePoint Network,https://www.chargepoint.com,GPS,40.226971,-74.00006,8/26/2026,463640,2026-08-26 02:51:41 UTC,,,,7/15/2026,,,,,J1772,US,,,,Public,,public,,,,,,,,,,,,,,,,,,,,FALSE,,,,,,,,,FALSE,
ELEC,AGORA  EV BAYSHORE DC2,3845 Bayshore Rd,Bayshore Mall,Cape May,NJ,8204,,888-758-4389,E,,Public,24 hours daily,,,,,,,1,,ChargePoint Network,https://www.chargepoint.com,GPS,38.974788,-74.936187,8/26/2026,463690,2026-08-26 03:18:44 UTC,,,,7/16/2026,,,,,J1772COMBO TESLA,US,,,,Public,,public,,,,,,,,,,,,,,,,,,,,FALSE,,,,,,,,,FALSE,
ELEC,AGORA  EV BAYSHORE DC1,3845 Bayshore Rd,Bayshore Mall,Cape May,NJ,8204,,888-758-4389,E,,Public,24 hours daily,,,,,,,1,,ChargePoint Network,https://www.chargepoint.com,GPS,38.974755,-74.936176,8/26/2026,463691,2026-08-26 03:18:44 UTC,,,,7/16/2026,,,,,J1772COMBO TESLA,US,,,,Public,,public,,,,,,,,,,,,,,,,,,,,FALSE,,,,,,,,,FALSE,
ELEC,UAL EMPLOYEE 737 LOT STN 1,22 International Wy,,Newark,NJ,7114,,888-758-4389,E,,Public,24 hours daily,,,,,,2,,,ChargePoint Network,https://www.chargepoint.com,GPS,40.704435,-74.185638,8/26/2026,463694,2026-08-26 03:18:44 UTC,,,,7/16/2026,,,,,J1772,US,,,,Public,,public,,,,,,,,,,,,,,,,,,,,FALSE,,,,,,,,,FALSE,
ELEC,Braddock Park West,8601 Bergenline Ave,,North Bergen,NJ,7047,,833-387-2643,T,7/22/2026,TEMPORARILY UNAVAILABLE (Public),,,,,,,1,,,EVRANGE,https://www.evrange.com,GPS,40.8061159,-74.0040021,8/26/2026,463922,2026-08-26 04:01:29 UTC,,,,6/29/2026,,,,,J1772,US,,,,TEMPORAIREMENT SUSPENDU (Public),,public,,,PUBLIC,,,,,,,,,,,,,,,,,FALSE,,,,,,,,,FALSE,
ELEC,"Urban Edge Kearny Commons (Kearny, NJ)",175 Passaic Ave,,Kearny,NJ,7032,,833-632-2778,E,,Public,24 hours daily,,,,,,,6,,Electrify America,https://www.electrifyamerica.com,GPS,40.76043,-74.16064,8/26/2026,464955,2026-08-26 03:39:13 UTC,,,,7/23/2026,,,,,J1772COMBO,US,,,,Public,,public,,,,,,,,,,,,,,,,,,,,FALSE,,,,,,,,,FALSE,
ELEC,DTEL OFFICE 01,699 Wright Debow Road,Parking lot,Jackson Township,NJ,8527,,888-758-4389,E,,Public,24 hours daily,,,,,,1,,,ChargePoint Network,https://www.chargepoint.com,GPS,40.166422,-74.393619,8/26/2026,465154,2026-08-26 03:15:43 UTC,,,,7/28/2026,,,,,J1772,US,,,,Public,,public,,,,,,,,,,,,,,,,,,,,FALSE,,,,,,,,,FALSE,
ELEC,DTEL OFFICE 02,699 Wright Debow Road,parking lot,Jackson Township,NJ,8527,,888-758-4389,E,,Public,24 hours daily,,,,,,1,,,ChargePoint Network,https://www.chargepoint.com,GPS,40.166437,-74.393611,8/26/2026,465155,2026-08-26 03:15:44 UTC,,,,7/28/2026,,,,,J1772,US,,,,Public,,public,,,,,,,,,,,,,,,,,,,,FALSE,,,,,,,,,FALSE,
ELEC,DTEL OFFICE 03,699 Wright Debow Road,Parking lot,Jackson Township,NJ,8527,,888-758-4389,E,,Public,24 hours daily,,,,,,1,,,ChargePoint Network,https://www.chargepoint.com,GPS,40.166461,-74.393586,8/26/2026,465156,2026-08-26 03:15:44 UTC,,,,7/28/2026,,,,,J1772,US,,,,Public,,public,,,,,,,,,,,,,,,,,,,,FALSE,,,,,,,,,FALSE,
ELEC,DTEL OFFICE 04,699 Wright Debow Road,Parking Lot,Jackson Township,NJ,8527,,888-758-4389,E,,Public,24 hours daily,,,,,,1,,,ChargePoint Network,https://www.chargepoint.com,GPS,40.166459,-74.393624,8/26/2026,465157,2026-08-26 03:15:44 UTC,,,,7/28/2026,,,,,J1772,US,,,,Public,,public,,,,,,,,,,,,,,,,,,,,FALSE,,,,,,,,,FALSE,
ELEC,DTEL OFFICE 05,699 Wright Debow Road,Parking lot,Jackson Township,NJ,8527,,888-758-4389,E,,Public,24 hours daily,,,,,,1,,,ChargePoint Network,https://www.chargepoint.com,GPS,40.16642,-74.393613,8/26/2026,465158,2026-08-26 03:15:44 UTC,,,,7/28/2026,,,,,J1772,US,,,,Public,,public,,,,,,,,,,,,,,,,,,,,FALSE,,,,,,,,,FALSE,
ELEC,DTEL OFFICE 06,699 Wright Debow Road,Parking lot,Jackson Township,NJ,8527,,888-758-4389,E,,Public,24 hours daily,,,,,,1,,,ChargePoint Network,https://www.chargepoint.com,GPS,40.166407,-74.393622,8/26/2026,465159,2026-08-26 03:15:44 UTC,,,,7/28/2026,,,,,J1772,US,,,,Public,,public,,,,,,,,,,,,,,,,,,,,FALSE,,,,,,,,,FALSE,
ELEC,Ocean Breeze Condos,629 Ocean Road,,Point Pleasant,NJ,8742,,888-998-2546,T,7/29/2026,TEMPORARILY UNAVAILABLE (Public),24 hours daily,,,,,,4,,,Blink Network,https://blinkcharging.com,GPS,40.08178252,-74.05087789,8/26/2026,465220,2026-08-26 00:18:38 UTC,,,,7/28/2026,,,,,J1772,US,,,,TEMPORAIREMENT SUSPENDU (Public),,public,,,,,,,,,,,,,,,,,,,,FALSE,,,,,,,,,FALSE,
ELEC,Hyatt Place Fort Lee,2167 Rte 4 E,Hyatt Place Fort Lee Parking lot,Fort Lee,NJ,7024,,833-611-5965,E,,Public,24 hours daily,,,,,,4,,,VIALYNK,https://www.lynkwell.com,GPS,40.86206,-73.97583,8/26/2026,465316,2026-08-26 04:48:38 UTC,,,,7/30/2026,,,,,J1772,US,,,,Public,,public,,,,,,,,,,,,,,,,,,,,FALSE,,,,,,,,,FALSE,
ELEC,SUPPLYHOUSE CHARGER 1,20 Sigle Ln,,South Brunswick Township,NJ,8810,,888-758-4389,E,,Public,24 hours daily,,,,,,2,,,ChargePoint Network,https://www.chargepoint.com,GPS,40.373911,-74.481856,8/26/2026,465341,2026-08-26 03:17:01 UTC,,,,7/31/2026,,,,,J1772,US,,,,Public,,public,,,,,,,,,,,,,,,,,,,,FALSE,,,,,,,,,FALSE,
ELEC,Fanwood,282 South Ave,,Fanwood,NJ,7023,,833-611-5965,E,,Public,24 hours daily,,,,,,12,,,VIALYNK,https://www.lynkwell.com,GPS,40.6409,-74.38278,8/26/2026,465383,2026-08-26 04:48:38 UTC,,,,7/31/2026,,,,,J1772,US,,,,Public,,public,,,,,,,,,,,,,,,,,,,,FALSE,,,,,,,,,FALSE,
ELEC,380 Mt Prospect,380 Mt Prospect Ave,,Newark,NJ,7104,,833-611-5965,P,7/31/2026,PLANNED - not yet accessible (Public),24 hours daily,,,,,,4,,,VIALYNK,https://www.lynkwell.com,GPS,40.76545,-74.17092,8/26/2026,465386,2026-08-26 04:48:39 UTC,,,,,,,,,J1772,US,,,,PRÉVU - pas encore accessible (Public),,public,,,,,,,,,,,,,,,,,,,,FALSE,,,,,,,,,FALSE,
ELEC,555 Elizabeth,555 Elizabeth Ave,,Newark,NJ,7112,,833-611-5965,P,7/31/2026,PLANNED - not yet accessible (Public),24 hours daily,,,,,,4,,,VIALYNK,https://www.lynkwell.com,GPS,40.70801,-74.20255,8/26/2026,465392,2026-08-26 04:48:41 UTC,,,,,,,,,J1772,US,,,,PRÉVU - pas encore accessible (Public),,public,,,,,,,,,,,,,,,,,,,,FALSE,,,,,,,,,FALSE,
ELEC,61 Alexandria Drive Poweral,61 Alexandria Drive,,Hackettstown,NJ,7840,,313-262-6722,E,,Public,,,,,,,10,,,RED_E,https://www.redecharge.com,GPS,40.8361457,-74.845945,8/26/2026,465402,2026-08-26 05:24:48 UTC,,,,7/29/2026,,,,,J1772,US,,,,Public,,public,,,PUBLIC,,,,,,,,,,,,,,,,,FALSE,,,,,,,,,FALSE,
ELEC,Mueller Road,27 Muller Rd,,Oakland,NJ,7436,,313-262-6722,E,,Public,,,,,,,20,,,RED_E,https://www.redecharge.com,GPS,41.02485669,-74.26651147,8/26/2026,465429,2026-08-26 05:24:54 UTC,,,,8/1/2026,,,,,J1772,US,,,,Public,,public,,,PUBLIC,,,,,,,,,,,,,,,,,FALSE,,,,,,,,,FALSE,
ELEC,Garden State Parkway - Judy Blume Service Plaza,Garden State Pkwy Milepost 100,,Wall,NJ,7719,,,E,,Public,24 hours daily,,,,,,,4,,APPLEGREEN,https://www.applegreenelectric.com,200-9,40.197457,-74.099042,8/11/2026,465437,2026-08-11 19:06:23 UTC,P,,,8/3/2026,,,,,J1772COMBO TESLA,US,,,,Public,,public,,,,,,,,,,,,,,,,,,,,FALSE,,,,,,,,MD,FALSE,
ELEC,Calandra Italian Bakery,234 Bloomfield Ave,,Caldwell,NJ,7006,,313-262-6722,E,,Public,,,,,,,4,,,RED_E,https://www.redecharge.com,GPS,40.83671128,-74.27416669,8/26/2026,465464,2026-08-26 05:24:54 UTC,,,,8/1/2026,,,,,J1772,US,,,,Public,,public,,,PUBLIC,,,,,,,,,,,,,,,,,FALSE,,,,,,,,,FALSE,
ELEC,JZN Patterson,239 6th Ave,,Paterson,NJ,7524,,313-262-6722,E,,Public,,,,,,,4,,,RED_E,https://www.redecharge.com,GPS,40.93357294,-74.15557942,8/26/2026,465465,2026-08-26 05:24:54 UTC,,,,8/1/2026,,,,,J1772,US,,,,Public,,public,,,PUBLIC,,,,,,,,,,,,,,,,,FALSE,,,,,,,,,FALSE,
ELEC,PASSAIC COUNTY PREAKNESS HC1,304 Oldham Road,,Wayne,NJ,7470,,888-758-4389,E,,Public,24 hours daily,,,,,,2,,,ChargePoint Network,https://www.chargepoint.com,GPS,40.936598,-74.205261,8/26/2026,465524,2026-08-26 03:17:27 UTC,,,,8/5/2026,,,,,J1772,US,,,,Public,,public,,,,,,,,,,,,,,,,,,,,FALSE,,,,,,,,,FALSE,
ELEC,L703 OFF NETWORK1,120 NJ-4,,Paramus,NJ,7652,,888-758-4389,E,,Public,24 hours daily,,,,,,2,,,ChargePoint Network,https://www.chargepoint.com,GPS,40.922622,-74.082691,8/26/2026,465627,2026-08-26 01:19:46 UTC,,,,8/6/2026,,,,,J1772,US,,,,Public,,public,,,,,,,,,,,,,,,,,,,,FALSE,,,,,,,,,FALSE,
ELEC,L703 EXPP-PUBLIC-1,120 Rte 4,,Paramus,NJ,7652,,888-758-4389,E,,Public,24 hours daily,,,,,,,2,,ChargePoint Network,https://www.chargepoint.com,GPS,40.922793,-74.082525,8/26/2026,465629,2026-08-26 02:39:55 UTC,,,,8/6/2026,,,,,J1772COMBO,US,,,,Public,,public,,,,,,,,,,,,,,,,,,,,FALSE,,,,,,,,,FALSE,
ELEC,VERONA TOWNSHIP STATION 1,208 Bloomfield Ave,,Verona,NJ,7044,,888-758-4389,E,,Public,24 hours daily,,,,,,2,,,ChargePoint Network,https://www.chargepoint.com,GPS,40.82686,-74.235006,8/26/2026,465650,2026-08-26 03:19:21 UTC,,,,8/6/2026,,,,,J1772,US,,,,Public,,public,,,,,,,,,,,,,,,,,,,,FALSE,,,,,,,,,FALSE,
ELEC,VERONA TOWNSHIP STATION 2,208 Bloomfield Ave,,Verona,NJ,7044,,888-758-4389,E,,Public,24 hours daily,,,,,,2,,,ChargePoint Network,https://www.chargepoint.com,GPS,40.8268,-74.234892,8/26/2026,465651,2026-08-26 03:19:22 UTC,,,,8/6/2026,,,,,J1772,US,,,,Public,,public,,,,,,,,,,,,,,,,,,,,FALSE,,,,,,,,,FALSE,
ELEC,FRUSCIONE LLC 200 CLOCKTOWER,200 Clocktower Dr,,Hamilton Township,NJ,8690,,888-758-4389,E,,Public,24 hours daily,,,,,,2,,,ChargePoint Network,https://www.chargepoint.com,GPS,40.205416,-74.659482,8/26/2026,465655,2026-08-26 03:19:23 UTC,,,,8/6/2026,,,,,J1772 TESLA,US,,,,Public,,public,,,,,,,,,,,,,,,,,,,,FALSE,,,,,,,,,FALSE,
ELEC,CUST FACING STATION1,395 37 State Hwy,,Toms River,NJ,8753,,888-758-4389,E,,Public,24 hours daily,,,,,,2,,,ChargePoint Network,https://www.chargepoint.com,GPS,39.955875,-74.168331,8/26/2026,465772,2026-08-26 02:02:57 UTC,,,,8/8/2026,,,,,J1772,US,,,,Public,,public,,,,,,,,,,,,,,,,,,,,FALSE,,,,,,,,,FALSE,
ELEC,The Winston at Lyndhurst,120 Chubb Ave,,Lyndhurst,NJ,7071,,833-611-5965,E,,Public,24 hours daily,,,,,,4,,,VIALYNK,https://www.lynkwell.com,GPS,40.80211,-74.09636,8/26/2026,465780,2026-08-26 04:48:43 UTC,,,,8/8/2026,,,,,J1772,US,,,,Public,,public,,,,,,,,,,,,,,,,,,,,FALSE,,,,,,,,,FALSE,
ELEC,HAINESPORT EV EV14,2835 Creek Rd,,Hainesport,NJ,8036,,888-758-4389,E,,Public,24 hours daily,,,,,,1,,,ChargePoint Network,https://www.chargepoint.com,GPS,39.978845,-74.852928,8/26/2026,465788,2026-08-26 03:12:00 UTC,,,,8/9/2026,,,,,J1772,US,,,,Public,,public,,,,,,,,,,,,,,,,,,,,FALSE,,,,,,,,,FALSE,
ELEC,BEACH HAVEN TAYLOR AVENUE,325 Taylor Ave,,Beach Haven,NJ,8008,,888-758-4389,E,,Public,24 hours daily,,,,,,2,,,ChargePoint Network,https://www.chargepoint.com,GPS,39.569604,-74.237446,8/26/2026,465956,2026-08-26 01:19:05 UTC,,,,8/12/2026,,,,,J1772,US,,,,Public,,public,,,,,,,,,,,,,,,,,,,,FALSE,,,,,,,,,FALSE,
ELEC,OCEANIC LINKWAY OCEANIC LINKWAY,1300 Livingston Avenue,SIDE OFFICE ENTRANCE,North Brunswick Township,NJ,8902,,888-758-4389,E,,Public,24 hours daily,,,,,,2,,,ChargePoint Network,https://www.chargepoint.com,GPS,40.462859,-74.476967,8/26/2026,466082,2026-08-26 03:19:29 UTC,,,,8/14/2026,,,,,J1772,US,,,,Public,,public,,,,,,,,,,,,,,,,,,,,FALSE,,,,,,,,,FALSE,
ELEC,ShopRite - Tesla Supercharger,220 W Passaic St,,Rochelle Park,NJ,7662,,877-798-3752,E,,Public,24 hours daily,A D Debit M V,,,,,,12,,Tesla,https://www.tesla.com/supercharger,GPS,40.914274,-74.079144,,466122,2026-08-14 15:04:48 UTC,P,,,8/14/2026,,,,,TESLA,US,,,,Public,,public,,,SHOPPING_CENTER,,,,,,,$0.60 per kWh,,,,,,,,,,FALSE,,,,,,,,LD,FALSE,
ELEC,Van Riper Plaza - Tesla Supercharger,500 Chestnut Ridge Rd,,Woodcliff Lake,NJ,7677,,877-798-3752,E,,Public,24 hours daily,A D Debit M V,,,,,,16,,Tesla,https://www.tesla.com/supercharger,GPS,41.042703,-74.072395,,466128,2026-08-14 15:04:48 UTC,P,,,8/14/2026,,,,,TESLA,US,,,,Public,,public,,,SHOPPING_CENTER,,,,,,,$0.57 per kWh,,,,,,,,,,FALSE,,,,,,,,LD,FALSE,
ELEC,Lacas Coffee Company,7950 National Hwy,,Pennsauken Township,NJ,8110,,888-356-8911,E,,Public,24 hours daily,,,,,,4,,,FLO,https://www.flo.com,GPS,39.9759398,-75.0410441,8/26/2026,466338,2026-08-26 04:16:20 UTC,,,,8/19/2026,,,,,J1772,US,,,,Public,,public,,,,,,,,,,,,,,,,,,,,FALSE,,,,,,,,,FALSE,
ELEC,Willows at Saddlebrook,Block 1401 Lot 8,,Saddlebrook,NJ,7663,,866-816-7584,E,,Public,24 hours daily,,,,,,14,,,EV Connect,https://www.evconnect.com,GPS,40.887001,-74.094523,8/26/2026,466451,2026-08-26 03:54:00 UTC,,,,8/20/2026,,,,,J1772,US,,,,Public,,public,,,,,,,,,,,,,,,,,,,,FALSE,,,,,,,,,FALSE,
ELEC,HAINESPORT EV EV16,2835 Creek Rd,,Hainesport,NJ,8036,,888-758-4389,E,,Public,24 hours daily,,,,,,1,,,ChargePoint Network,https://www.chargepoint.com,GPS,39.978722,-74.852724,8/26/2026,466473,2026-08-26 03:12:00 UTC,,,,8/21/2026,,,,,J1772,US,,,,Public,,public,,,,,,,,,,,,,,,,,,,,FALSE,,,,,,,,,FALSE,
ELEC,HAINESPORT EV EV18,2835 Creek Rd,,Hainesport,NJ,8036,,888-758-4389,E,,Public,24 hours daily,,,,,,1,,,ChargePoint Network,https://www.chargepoint.com,GPS,39.978886,-74.852971,8/26/2026,466474,2026-08-26 03:12:00 UTC,,,,8/21/2026,,,,,J1772,US,,,,Public,,public,,,,,,,,,,,,,,,,,,,,FALSE,,,,,,,,,FALSE,
ELEC,HAINESPORT EV EV13,2835 Creek Rd,,Hainesport,NJ,8036,,888-758-4389,E,,Public,24 hours daily,,,,,,1,,,ChargePoint Network,https://www.chargepoint.com,GPS,39.978705,-74.852724,8/26/2026,466475,2026-08-26 03:12:00 UTC,,,,8/21/2026,,,,,J1772,US,,,,Public,,public,,,,,,,,,,,,,,,,,,,,FALSE,,,,,,,,,FALSE,
ELEC,HAINESPORT EV EV12,2835 Creek Rd,,Hainesport,NJ,8036,,888-758-4389,E,,Public,24 hours daily,,,,,,1,,,ChargePoint Network,https://www.chargepoint.com,GPS,39.978794,-74.852805,8/26/2026,466476,2026-08-26 03:12:00 UTC,,,,8/21/2026,,,,,J1772,US,,,,Public,,public,,,,,,,,,,,,,,,,,,,,FALSE,,,,,,,,,FALSE,
ELEC,HAINESPORT EV EV17,2835 Creek Rd,,Hainesport,NJ,8036,,888-758-4389,E,,Public,24 hours daily,,,,,,1,,,ChargePoint Network,https://www.chargepoint.com,GPS,39.978804,-74.852831,8/26/2026,466477,2026-08-26 03:12:00 UTC,,,,8/21/2026,,,,,J1772,US,,,,Public,,public,,,,,,,,,,,,,,,,,,,,FALSE,,,,,,,,,FALSE,
ELEC,HAINESPORT EV EV11,2835 Creek Rd,,Hainesport,NJ,8036,,888-758-4389,E,,Public,24 hours daily,,,,,,1,,,ChargePoint Network,https://www.chargepoint.com,GPS,39.978787,-74.852786,8/26/2026,466478,2026-08-26 03:12:01 UTC,,,,8/21/2026,,,,,J1772,US,,,,Public,,public,,,,,,,,,,,,,,,,,,,,FALSE,,,,,,,,,FALSE,
ELEC,HAINESPORT EV EV10,2835 Creek Rd,,Hainesport,NJ,8036,,888-758-4389,E,,Public,24 hours daily,,,,,,1,,,ChargePoint Network,https://www.chargepoint.com,GPS,39.978816,-74.852845,8/26/2026,466479,2026-08-26 03:12:01 UTC,,,,8/21/2026,,,,,J1772,US,,,,Public,,public,,,,,,,,,,,,,,,,,,,,FALSE,,,,,,,,,FALSE,
ELEC,HAINESPORT EV EV9,2835 Creek Rd,,Hainesport,NJ,8036,,888-758-4389,E,,Public,24 hours daily,,,,,,1,,,ChargePoint Network,https://www.chargepoint.com,GPS,39.978804,-74.852818,8/26/2026,466480,2026-08-26 03:12:01 UTC,,,,8/21/2026,,,,,J1772,US,,,,Public,,public,,,,,,,,,,,,,,,,,,,,FALSE,,,,,,,,,FALSE,
ELEC,HAINESPORT EV EV15,2835 Creek Rd,,Hainesport,NJ,8036,,888-758-4389,E,,Public,24 hours daily,,,,,,1,,,ChargePoint Network,https://www.chargepoint.com,GPS,39.978829,-74.852885,8/26/2026,466481,2026-08-26 03:12:01 UTC,,,,8/21/2026,,,,,J1772,US,,,,Public,,public,,,,,,,,,,,,,,,,,,,,FALSE,,,,,,,,,FALSE,
ELEC,HAINESPORT EV EV8,2835 Creek Rd,,Hainesport,NJ,8036,,888-758-4389,E,,Public,24 hours daily,,,,,,1,,,ChargePoint Network,https://www.chargepoint.com,GPS,39.978781,-74.852799,8/26/2026,466482,2026-08-26 03:12:01 UTC,,,,8/21/2026,,,,,J1772,US,,,,Public,,public,,,,,,,,,,,,,,,,,,,,FALSE,,,,,,,,,FALSE,
ELEC,HAINESPORT EV EV7,2835 Creek Rd,,Hainesport,NJ,8036,,888-758-4389,E,,Public,24 hours daily,,,,,,1,,,ChargePoint Network,https://www.chargepoint.com,GPS,39.978792,-74.852821,8/26/2026,466483,2026-08-26 03:12:01 UTC,,,,8/21/2026,,,,,J1772,US,,,,Public,,public,,,,,,,,,,,,,,,,,,,,FALSE,,,,,,,,,FALSE,
ELEC,HAINESPORT EV EV6,2835 Creek Rd,,Hainesport,NJ,8036,,888-758-4389,E,,Public,24 hours daily,,,,,,1,,,ChargePoint Network,https://www.chargepoint.com,GPS,39.978755,-74.852751,8/26/2026,466484,2026-08-26 03:12:01 UTC,,,,8/21/2026,,,,,J1772,US,,,,Public,,public,,,,,,,,,,,,,,,,,,,,FALSE,,,,,,,,,FALSE,
ELEC,HAINESPORT EV EV4,2835 Creek Rd,,Hainesport,NJ,8036,,888-758-4389,E,,Public,24 hours daily,,,,,,1,,,ChargePoint Network,https://www.chargepoint.com,GPS,39.978787,-74.852815,8/26/2026,466485,2026-08-26 03:12:02 UTC,,,,8/21/2026,,,,,J1772,US,,,,Public,,public,,,,,,,,,,,,,,,,,,,,FALSE,,,,,,,,,FALSE,
ELEC,HAINESPORT EV EV1,2835 Creek Rd,,Hainesport,NJ,8036,,888-758-4389,E,,Public,24 hours daily,,,,,,1,,,ChargePoint Network,https://www.chargepoint.com,GPS,39.978789,-74.852802,8/26/2026,466486,2026-08-26 03:12:02 UTC,,,,8/21/2026,,,,,J1772,US,,,,Public,,public,,,,,,,,,,,,,,,,,,,,FALSE,,,,,,,,,FALSE,
ELEC,HAINESPORT EV EV2,2835 Creek Rd,,Hainesport,NJ,8036,,888-758-4389,E,,Public,24 hours daily,,,,,,1,,,ChargePoint Network,https://www.chargepoint.com,GPS,39.97882,-74.852831,8/26/2026,466487,2026-08-26 03:12:02 UTC,,,,8/21/2026,,,,,J1772,US,,,,Public,,public,,,,,,,,,,,,,,,,,,,,FALSE,,,,,,,,,FALSE,
ELEC,RHYTHM HOA RHYTHM HOA 5,204 7th Avenue,Garage,Asbury Park,NJ,7712,,888-758-4389,E,,Public,24 hours daily,,,,,,1,,,ChargePoint Network,https://www.chargepoint.com,GPS,40.226993,-74.000091,8/26/2026,466496,2026-08-26 03:19:45 UTC,,,,8/21/2026,,,,,J1772,US,,,,Public,,public,,,,,,,,,,,,,,,,,,,,FALSE,,,,,,,,,FALSE,
ELEC,MEWS AT ST MARY MEWS AT STMARY5,750 Blue Bell Road,,Monroe,NJ,8094,,888-758-4389,E,,Public,24 hours daily,,,,,,1,,,ChargePoint Network,https://www.chargepoint.com,GPS,39.676966,-74.989997,8/26/2026,466702,2026-08-26 03:13:12 UTC,,,,8/26/2026,,,,,J1772,US,,,,Public,,public,,,,,,,,,,,,,,,,,,,,FALSE,,,,,,,,,FALSE,
